scope,pollutant,year,pre,peri,pct_change
Beijing,pm2_5,2020,49.23,85.94,74.57
Beijing,pm10,2020,67.55,107.43,59.05
Beijing,so2,2020,13.63,11.25,-17.48
Beijing,no2,2020,43.0,26.54,-38.28
Beijing,o3,2020,49.94,76.95,54.08
Beijing,co,2020,1.09,1.24,13.74
Shanghai,pm2_5,2020,52.48,35.43,-32.48
Shanghai,pm10,2020,67.86,45.47,-33.0
Shanghai,so2,2020,8.44,7.64,-9.4
Shanghai,no2,2020,38.0,18.29,-51.88
Shanghai,o3,2020,62.46,86.13,37.89
Shanghai,co,2020,0.95,0.76,-19.78
Wuhan,pm2_5,2020,55.31,44.83,-18.95
Wuhan,pm10,2020,72.78,55.15,-24.22
Wuhan,so2,2020,7.19,7.29,1.42
Wuhan,no2,2020,35.11,16.78,-52.22
Wuhan,o3,2020,47.98,73.51,53.21
Wuhan,co,2020,1.11,0.89,-19.4
Nanjing,pm2_5,2020,68.54,42.14,-38.52
Nanjing,pm10,2020,89.23,53.28,-40.29
Nanjing,so2,2020,7.55,6.86,-9.16
Nanjing,no2,2020,39.58,16.0,-59.57
Nanjing,o3,2020,50.88,77.62,52.56
Nanjing,co,2020,0.97,0.76,-21.4
Guangzhou,pm2_5,2020,32.62,22.42,-31.27
Guangzhou,pm10,2020,56.87,29.9,-47.42
Guangzhou,so2,2020,8.42,5.89,-29.99
Guangzhou,no2,2020,38.52,15.11,-60.78
Guangzhou,o3,2020,82.95,61.9,-25.38
Guangzhou,co,2020,0.89,0.7,-21.06
National,pm2_5,2020,63.31,49.73,-21.46
National,pm10,2020,83.48,64.44,-22.81
National,so2,2020,12.77,10.8,-15.38
National,no2,2020,33.26,16.15,-51.44
National,o3,2020,59.78,76.98,28.77
National,co,2020,1.11,0.9,-18.41
National-LNYperi,pm2_5,2019,,53.38,
National-LNYperi,pm2_5,2020,,49.73,
National-LNYperi,pm2_5,2021,,38.31,
National-LNYperi,pm10,2019,,78.66,
National-LNYperi,pm10,2020,,64.44,
National-LNYperi,pm10,2021,,64.42,
National-LNYperi,so2,2019,,12.39,
National-LNYperi,so2,2020,,10.8,
National-LNYperi,so2,2021,,9.78,
National-LNYperi,no2,2019,,23.52,
National-LNYperi,no2,2020,,16.15,
National-LNYperi,no2,2021,,19.92,
National-LNYperi,o3,2019,,70.06,
National-LNYperi,o3,2020,,76.98,
National-LNYperi,o3,2021,,82.71,
National-LNYperi,co,2019,,0.94,
National-LNYperi,co,2020,,0.9,
National-LNYperi,co,2021,,0.71,
