region,pollutant,adj,n_pre,pre_sd_beta,pre_slope_per_day,pre_slope_p,peri_minus_pre,shift_in_pre_sd
National,pm2_5,nometeo,19,13.658797537541309,0.42323376142491653,0.603977425914906,-8.353486867603507,-0.6115828896829231
National,pm2_5,meteo,19,10.319298230490181,0.5246801224621631,0.3978043854906833,-5.11265568664533,-0.49544606352582093
National,pm10,nometeo,19,16.53298993476159,0.6412434515859194,0.5036295564590245,-4.535313328998665,-0.2743190038156922
National,pm10,meteo,19,13.26049943616993,0.6367714896283982,0.40463711537385905,-5.014038908655795,-0.37811840593117324
National,so2,nometeo,19,3.213930553061225,0.1116761446099562,0.4994604446020159,1.3297427149080248,0.41374344994525875
National,so2,meteo,19,2.305755690725139,0.077363453220233,0.5119489131190353,0.8303849137158255,0.36013568872714224
National,no2,nometeo,19,7.64973993430955,0.15754771464142675,0.7210134572140839,-7.104143048678728,-0.9286777210315625
National,no2,meteo,19,5.733768526640722,0.11007178552611907,0.7556898228691596,-6.597863553521372,-1.150702809655782
National,o3,nometeo,19,8.124382666986145,0.10731291533087395,0.7924620614780586,13.25798016296408,1.6318753936638875
National,o3,meteo,19,5.616641044119443,-0.4062213069979524,0.17455134470729583,1.4725018651242585,0.2621677001534486
National,co,nometeo,19,0.12838934261841062,0.004558066514987531,0.4797385976376106,-0.10357974591386,-0.8067628029042264
National,co,meteo,19,0.10041333325843477,0.008325664680815319,0.0781114083917958,-0.025234733389599112,-0.25130859190434635
Guangdong,pm2_5,nometeo,19,14.412825080040383,-0.17912928686604968,0.8428023640256959,9.812649457087176,0.6808276241884205
Guangdong,pm2_5,meteo,19,15.342975120971635,0.3773363085478087,0.7089358210300777,19.464563802576055,1.2686303437962825
Guangdong,pm10,nometeo,19,18.66043594074304,-0.85105234646984,0.44224710866355554,6.082118879511455,0.3259365911292462
Guangdong,pm10,meteo,19,19.527514362142565,0.02868347942238869,0.9821356341798837,20.50253803929432,1.0499307622603522
Guangdong,so2,nometeo,19,1.0156670408533937,-0.08851090733116546,0.08413703726443975,0.7509026952705213,0.739319742658569
Guangdong,so2,meteo,19,0.9328579917536003,-0.06481612054883812,0.23581086200782375,0.6697645050842083,0.717970485330972
Guangdong,no2,nometeo,19,7.910397587008005,-0.3505356454758195,0.3414179128570397,-3.006608969893967,-0.38008316735330794
Guangdong,no2,meteo,19,8.40517935637104,-0.021789720935330492,0.9680994719913272,4.751582951264098,0.5653160687954204
Guangdong,o3,nometeo,19,36.72972473145661,-3.7602698891983413,0.04551194733929067,20.018841299969132,0.5450310735060941
Guangdong,o3,meteo,19,24.37621790143739,-2.2122719686756565,0.0711389683334147,13.979583093831206,0.5734927030253891
Guangdong,co,nometeo,19,0.2257620941279836,0.031788934668512805,0.00015557188059379595,-0.0169236652078485,-0.07496238583902638
Guangdong,co,meteo,19,0.21080320424819826,0.02701138486710948,4.8290871173054046e-08,0.060117299368041846,0.2851820947525074
Jiangsu,pm2_5,nometeo,19,43.04547696149058,4.189707562288991,0.01141917431409095,-12.96123242016685,-0.30110555940086925
Jiangsu,pm2_5,meteo,19,38.42026941561629,3.3271401070624895,0.014357841010740497,-20.731905627332488,-0.539608543684647
Jiangsu,pm10,nometeo,19,56.29110181609325,6.134988173579859,0.003497450502151146,-4.541939219445645,-0.0806866284885391
Jiangsu,pm10,meteo,19,48.771546334632546,4.738488294209243,0.005727130681351045,-19.057232509418018,-0.3907448900361301
Jiangsu,so2,nometeo,19,4.157528910095844,0.34098713299061656,0.06622693937346136,2.4140717130760283,0.5806506136887877
Jiangsu,so2,meteo,19,3.355177123699803,0.23515778392545797,0.14215275516698375,1.5385544165347735,0.4585613098238423
Jiangsu,no2,nometeo,19,16.39549307334434,1.0977302110116574,0.17425224120641225,-1.8891959240444185,-0.1152265391222578
Jiangsu,no2,meteo,19,15.228398765378383,0.581190239459769,0.48331324471763404,-3.0806887157701976,-0.202298926054794
Jiangsu,o3,nometeo,19,20.756068499470963,1.492822269461858,0.059586571441601587,11.365607323838132,0.5475799679562544
Jiangsu,o3,meteo,19,14.706367285032096,1.025123314779911,0.05444289679067932,-1.580544883945952,-0.1074735081283197
Jiangsu,co,nometeo,19,0.24578697171533426,0.019400837149974984,0.02134378652450945,-0.10776533032794025,-0.4384501325511752
Jiangsu,co,meteo,19,0.21535388340809894,0.011834998836798947,0.09117096409502311,-0.13564043607620246,-0.6298490369879318
BTH,pm2_5,nometeo,19,34.5095230456884,-0.4694879223298105,0.7408331656066612,-9.403586316600693,-0.27249250313169926
BTH,pm2_5,meteo,19,30.455833749551978,1.92800345579456,0.16423149770194612,15.172212083570926,0.49817096482522394
BTH,pm10,nometeo,19,40.63579816794402,0.5661899569803003,0.7264473119592136,-2.190582587378962,-0.05390770419533746
BTH,pm10,meteo,19,36.296580436718315,2.990155973118727,0.05277304392011015,26.16550640885105,0.7208807577471271
BTH,so2,nometeo,19,8.876896412345761,0.3785611706458094,0.35449245827339204,2.9277626587095553,0.3298182746210373
BTH,so2,meteo,19,7.995000847278354,0.06191001277063948,0.8901095528717166,3.6817783281139507,0.4605100610298617
BTH,no2,nometeo,19,17.714111836089632,0.1344125539793119,0.8698633691471205,-13.558450672609306,-0.7654039219164327
BTH,no2,meteo,19,14.983042988773194,0.20103348121071318,0.8075354814874691,-9.219914268033287,-0.6153565917779036
BTH,o3,nometeo,19,12.836814071571595,0.1766051098991258,0.7256673543893317,12.37824476479938,0.9642770157598712
BTH,o3,meteo,19,10.618606792187405,-0.6597884527233026,0.11327543660117888,4.981677802815597,0.4691460848216778
BTH,co,nometeo,19,0.5113310669631443,-0.00403303388349808,0.8477020367463795,-0.10889837260352862,-0.21297038189032583
BTH,co,meteo,19,0.3746528933198189,0.015294001985881567,0.3853517889141883,0.165904960906408,0.4428231140464857
Xinjiang,pm2_5,nometeo,19,9.83288145924809,0.2858324637050199,0.4128226153105472,-13.292610895023383,-1.351853060581883
Xinjiang,pm2_5,meteo,19,15.939504643728641,0.19655848658711123,0.6284881334163691,-2.4347279397143264,-0.15274803038953058
Xinjiang,pm10,nometeo,19,26.651082155390647,-2.7170189607899164,0.015830214210948965,-18.587190181195552,-0.6974272216348246
Xinjiang,pm10,meteo,19,48.383754127695305,-4.907932663781733,0.0001094169368036153,-1.9941213309267984,-0.04121468800589297
Xinjiang,so2,nometeo,19,3.3020447025387374,-0.23450056751367232,0.028063371140664966,0.08619372136777766,0.026103135824148187
Xinjiang,so2,meteo,19,2.7356809902658656,-0.008787743081053338,0.9148346465507602,2.0637991784168386,0.7544005261433167
Xinjiang,no2,nometeo,19,5.0216297186744185,0.2247233662623535,0.3095923699428923,-13.057722721294045,-2.6002958108868586
Xinjiang,no2,meteo,19,5.982793599844661,0.4276633508788854,0.08917369286494055,-10.050151794162439,-1.679842639803483
Xinjiang,o3,nometeo,19,5.086948890770682,0.6977539206665532,0.00017663548954533162,8.462770981219855,1.6636241414915671
Xinjiang,o3,meteo,19,5.256978296619704,0.7913779972624264,5.6072217790918954e-08,6.760300384822485,1.2859669573240267
Xinjiang,co,nometeo,19,0.185689379658305,0.004061421040554603,0.6634978068286619,-0.02713333654270242,-0.14612217776068634
Xinjiang,co,meteo,19,0.2718015992392677,0.00821094250202234,0.4523800814463268,0.15709669857847,0.5779829810352857
Jilin,pm2_5,nometeo,19,24.808102558386004,-1.2034587103761234,0.33235004914416555,-34.46738716664952,-1.389360072400956
Jilin,pm2_5,meteo,19,19.526519573225553,-2.165736382913437,1.5007424751893087e-05,-27.543177095509446,-1.4105523000256637
Jilin,pm10,nometeo,19,28.78463934256596,-2.3728582126469346,0.06795250157769468,-22.31062445290172,-0.7750878580545341
Jilin,pm10,meteo,19,30.44523061181221,-3.538049212801342,1.031654024711851e-09,-23.314140600833404,-0.7657731648709513
Jilin,so2,nometeo,19,4.1458503752480125,-0.15907900207122172,0.39629452031473833,-2.3195745739125826,-0.5594930747528054
Jilin,so2,meteo,19,2.7927763822557057,-0.2252421227132978,0.043845179457285506,-1.2275123644378783,-0.43953120351383995
Jilin,no2,nometeo,19,8.280033572482385,-0.13633396631517017,0.7333380895371578,-14.578694165905867,-1.7607047167485241
Jilin,no2,meteo,19,6.616450295731451,-0.4147163371115987,0.13637066009391105,-12.10594762104395,-1.8296740820155488
Jilin,o3,nometeo,19,6.808403581006102,0.3583155742115475,0.22917665550073596,2.942593778263075,0.4322002571164028
Jilin,o3,meteo,19,7.920464945450289,0.6245463681321332,0.08855181829945451,1.1271645915665005,0.14231040719572552
Jilin,co,nometeo,19,0.2713474208086132,-0.004086577149546,0.7571041963166089,-0.23887431323306021,-0.8803264557341899
Jilin,co,meteo,19,0.2349314565842596,-0.01419810364239152,0.08930301831173854,-0.2319570505458203,-0.987339260217916
Guangzhou,pm2_5,nometeo,19,19.914721209377564,-0.8384570531867693,0.5007000583174598,12.598409433704923,0.6326179162263396
Guangzhou,pm2_5,meteo,19,15.160973685812115,0.29593783318932165,0.7743568178448386,24.087263641934303,1.5887675911261263
Guangzhou,pm10,nometeo,19,28.46655027064963,-2.1177112535479528,0.1848980268524104,4.279895533986228,0.15034823304174671
Guangzhou,pm10,meteo,19,24.607660324510142,-0.07059210135704352,0.9661117263070502,32.635968910681626,1.3262524140978569
Guangzhou,so2,nometeo,19,1.4618399732567529,-0.14291929102848827,0.024950087215270794,0.36789338802196364,0.2516646108686946
Guangzhou,so2,meteo,19,1.840115795426346,-0.19771367068839854,1.3661303013355218e-05,-2.5177110725280727,-1.3682351288902073
Guangzhou,no2,nometeo,19,16.54440771121732,-1.3625459674740608,0.04215547198993812,-8.01934907259633,-0.48471660107597014
Guangzhou,no2,meteo,19,9.03468254061295,0.15743505585170747,0.6980845730631848,10.255419042407052,1.135116701257251
Guangzhou,o3,nometeo,19,51.26366610791176,-5.183752533092115,0.04575942501763101,23.642677937775737,0.46119756413845037
Guangzhou,o3,meteo,19,51.37591408035321,-3.0902758453235837,0.30248190861222124,50.07207837950722,0.9746216544428433
Guangzhou,co,nometeo,19,0.19693157186448007,0.0275033394552965,0.00031138169745461447,-0.0609913486596768,-0.3097083320984634
Guangzhou,co,meteo,19,0.2465481610203492,0.023403813244166977,0.10443071107209322,-0.17406108411744117,-0.70599222235965
Wuhan,pm2_5,nometeo,19,37.07594575703481,3.306713777680065,0.06700254344600315,20.87039161110992,0.5629092174176018
Wuhan,pm2_5,meteo,19,56.17235246142499,-2.019134609573815,0.47860784618919294,-6.190063691268697,-0.11019769370562811
Wuhan,pm10,nometeo,19,47.76488613346846,4.852204076862435,0.03235509606121541,27.323922460870758,0.5720504050720454
Wuhan,pm10,meteo,19,62.51633425254489,-1.612362497890584,0.64998345601389,-8.95097512160199,-0.14317818260813361
Wuhan,so2,nometeo,19,4.1382601104835395,0.22898786347573266,0.23241475340804985,3.80550371921008,0.9195902668296561
Wuhan,so2,meteo,19,7.353959132301896,-0.4865944414261897,0.11162482695143529,-0.14008966078736576,-0.019049556608497994
Wuhan,no2,nometeo,19,14.957878564355337,0.9735766450681154,0.22531845207214773,0.6398838197918217,0.04277904898336764
Wuhan,no2,meteo,19,22.05471176370866,-0.28725503816632414,0.8271394669184288,-0.25256163050572455,-0.011451595160781846
Wuhan,o3,nometeo,19,30.42502386328842,2.3822142269232596,0.02906370422030891,30.692093534432562,1.00877796094242
Wuhan,o3,meteo,19,21.522714379945466,-0.4533250156678347,0.4412896925551406,1.298729767618384,0.060342285117555634
Wuhan,co,nometeo,19,0.20922565580077862,0.010025304536484828,0.2674812426104701,0.12158206965884442,0.5811049758382067
Wuhan,co,meteo,19,0.549464812739941,-0.038769381492054104,0.034398131490141454,-0.2154661101256082,-0.3921381408413996
Shanghai,pm2_5,nometeo,19,39.03122550263325,4.661774257328755,3.5212553602045834e-06,6.1825196921161485,0.15839932291388195
Shanghai,pm2_5,meteo,19,38.123677054824405,4.374636944555042,9.379797861291925e-05,8.970876646612163,0.2353098478331836
Shanghai,pm10,nometeo,19,48.69458242689944,5.95128698646109,1.8831233725338936e-06,13.567692768991874,0.2786283831339917
Shanghai,pm10,meteo,19,48.55258159634918,5.802444187598502,5.1223703513470726e-05,14.435939412349612,0.2973258874752624
Shanghai,so2,nometeo,19,4.007318897928408,0.337395576268384,0.030483196328554132,3.03750476082349,0.7579892786655275
Shanghai,so2,meteo,19,4.193953754424935,0.4067452076741499,0.006169625000217734,2.9788982254685434,0.7102839945065162
Shanghai,no2,nometeo,19,19.05100694940254,1.2102008177815358,0.15901388951135698,-1.1911114186520269,-0.06252222897275156
Shanghai,no2,meteo,19,30.78619474452797,2.488170068546414,0.06611181384263365,13.801578213807229,0.44830412879332426
Shanghai,o3,nometeo,19,20.853353206127434,1.486309266369487,0.057659185813625606,15.745518697361941,0.7550593202792616
Shanghai,o3,meteo,19,23.462885246970146,0.06817890170271945,0.9428994084115496,-3.3501936285086478,-0.1427869417270952
Shanghai,co,nometeo,19,0.315482692438844,0.03645548923689172,3.4524990806135843e-06,-0.01986235762085314,-0.06295862846645205
Shanghai,co,meteo,19,0.45831139123512815,0.054086402091964664,1.6095548145628885e-08,0.153575151048146,0.33508909877685567
Nanjing,pm2_5,nometeo,19,42.26921300265231,4.342405751709127,0.0020440884542844893,-4.858657406591705,-0.11494553745977798
Nanjing,pm2_5,meteo,19,42.996986676739844,5.569074163462781,5.5784395493882e-08,-5.451826796967196,-0.12679555518518418
Nanjing,pm10,nometeo,19,58.38485298158818,6.758284757620708,0.0009505347987149687,3.5551668162346837,0.060891937457748076
Nanjing,pm10,meteo,19,59.08999179321654,8.024381159710778,5.295557106059769e-07,2.858724478926624,0.04837916527270194
Nanjing,so2,nometeo,19,3.650532332194946,0.3109002713544742,0.09533792858323958,2.246321605245258,0.6153408327422258
Nanjing,so2,meteo,19,3.5734366521149625,0.3378810503901678,0.058428599404091175,2.355260287944781,0.6591022920612862
Nanjing,no2,nometeo,19,17.839083519727858,1.003410259511846,0.2932442305358539,-3.233678969384683,-0.18126934412345944
Nanjing,no2,meteo,19,28.16436435489744,3.3176299974191163,7.441916268544192e-05,6.9808539582678915,0.24786122883167452
Nanjing,o3,nometeo,19,27.44412790133725,2.1197148795355787,0.026246949007690923,19.137291810419363,0.6973182707506211
Nanjing,o3,meteo,19,20.12736371682566,-0.4105647533767919,0.648684588821062,-6.1790802869864265,-0.3069989877422927
Nanjing,co,nometeo,19,0.28342758289316594,0.017931356872700803,0.03437298270884233,-0.07445439819649623,-0.2626928453345374
Nanjing,co,meteo,19,0.4604367036144886,0.05792349925135047,2.6724469884827057e-13,0.1296120380829447,0.2814980583986315
Beijing,pm2_5,nometeo,19,26.89912919404405,-1.2669271564319606,0.11991818055769667,26.65603995066027,0.9909629326053572
Beijing,pm2_5,meteo,19,16.577500623585177,0.13081829442498083,0.8554860134478212,39.44031082383091,2.379146996846938
Beijing,pm10,nometeo,19,30.79220953934932,-0.8074205399371441,0.3910070504490395,37.48115500121499,1.217228499088962
Beijing,pm10,meteo,19,19.90754500362939,0.7969912268375299,0.32436121324840284,47.71054200564826,2.396606010281531
Beijing,so2,nometeo,19,6.156991170002814,0.28842837724526077,0.20930551119665464,0.7843849396895527,0.12739744430869376
Beijing,so2,meteo,19,5.8372314651023025,0.30021895906671386,0.15481268308339535,0.6390590466880911,0.10947981941587973
Beijing,no2,nometeo,19,16.829911178972658,0.07754874204525328,0.8955815597331627,-7.749028075843206,-0.4604319056374383
Beijing,no2,meteo,19,15.104241202762742,0.07361156031575372,0.9171470597234878,-4.429761169147541,-0.29327929219888826
Beijing,o3,nometeo,19,13.455871461374116,0.07971400082143577,0.8616796194022794,10.780411175354523,0.8011678178035765
Beijing,o3,meteo,19,11.336437417391618,-0.24044792481005836,0.5692579955514807,2.784652959055326,0.2456373952881612
Beijing,co,nometeo,19,0.428821484457577,-0.0052440570915275216,0.7216525575789787,0.14943846000178146,0.34848641082152987
Beijing,co,meteo,19,0.4211648591731226,0.019529199946865583,0.1688207900708758,0.05293476118975547,0.1256865572633074
