region,pollutant,adj,n_pairs,placebo_mean,placebo_sd,placebo_min,placebo_max,n_placebo_sig,lockdown_2020_DiD,lockdown_q,lockdown_beyond_all_placebos,z_vs_placebo
BTH,co,meteo,5,-0.022233057426050952,0.48497450274822945,-0.49571739378221125,0.6590829012400202,2,0.0160333041117594,0.8880024151766164,False,0.07890386261744572
BTH,co,nometeo,5,0.18055434526076747,0.18972979459130632,0.03429839677742227,0.49574523946997584,0,-0.1088983726035286,0.7109153795815146,True,-1.5256049714690365
BTH,no2,meteo,5,-1.638203796603873,14.558357430226538,-15.121521313960473,18.886681597405342,3,-13.876575394515664,0.0029974490666714,False,-0.8406423359617536
BTH,no2,nometeo,5,2.766354690358869,6.607918902008381,-8.639035123320717,8.501149353494863,0,-13.558450672609304,0.0303813200658619,True,-2.470491179606712
BTH,o3,meteo,1,11.676002493121398,,11.676002493121398,11.676002493121398,1,-0.1848607805079148,0.9619143804272612,,
BTH,o3,nometeo,1,5.3349134994886285,,5.3349134994886285,5.3349134994886285,0,12.37824476479934,0.0227571885547746,,
BTH,pm10,meteo,1,0.6447125662809832,,0.6447125662809832,0.6447125662809832,0,12.66224262186204,0.3792279783948491,,
BTH,pm10,nometeo,1,-38.68708765592062,,-38.68708765592062,-38.68708765592062,0,-2.19058258737892,0.907085736916574,,
BTH,pm2_5,meteo,1,2.4173411974290353,,2.4173411974290353,2.4173411974290353,0,6.5824596866015215,0.5582143527428438,,
BTH,pm2_5,nometeo,1,-21.872562221003953,,-21.872562221003953,-21.872562221003953,0,-9.403586316600697,0.6059126425875193,,
BTH,so2,meteo,5,0.39606720624447506,12.97478278184678,-16.433774633400372,16.621776795491385,2,2.5494469190058138,0.5520020108611476,False,0.16596653284817728
BTH,so2,nometeo,5,4.560408446523116,5.997997293900278,-1.7312841345402306,11.324347663840028,0,2.9277626587095664,0.2121742326565969,False,-0.27219848689726567
Beijing,co,meteo,5,0.026394159086325097,0.5311209337356181,-0.6859559466144505,0.7829702831976443,2,0.1718534074631802,0.2124860405888093,False,0.2738721807739214
Beijing,co,nometeo,5,0.2685190479690529,0.311943742597476,-0.1824402861715107,0.6855267813167149,0,0.1494384600017809,0.587746453596887,False,-0.3817373830797769
Beijing,no2,meteo,5,0.07268417882532603,15.05905057428276,-19.01006221208448,20.48869123242112,2,-8.593992247892768,0.0340593330540364,False,-0.5755128043409785
Beijing,no2,nometeo,5,5.357983936466647,4.468869675956573,-1.6423602670943236,10.830695494660537,0,-7.749028075843197,0.2336562233328105,True,-2.9329591066009897
Beijing,o3,meteo,1,14.356303367987191,,14.356303367987191,14.356303367987191,1,-0.238843848917619,0.9619143804272612,,
Beijing,o3,nometeo,1,7.134455298547936,,7.134455298547936,7.134455298547936,0,10.780411175354557,0.0355124279574514,,
Beijing,pm10,meteo,1,-8.196960483577861,,-8.196960483577861,-8.196960483577861,0,41.90786207293766,0.0100696262774926,,
Beijing,pm10,nometeo,1,-43.45026618161537,,-43.45026618161537,-43.45026618161537,1,37.4811550012149,0.1107073491981333,,
Beijing,pm2_5,meteo,1,-5.124633993656728,,-5.124633993656728,-5.124633993656728,0,31.865625793396696,0.0056700453248625,,
Beijing,pm2_5,nometeo,1,-29.02201442388644,,-29.02201442388644,-29.02201442388644,0,26.65603995066021,0.1314678711056963,,
Beijing,so2,meteo,5,-0.34000136785822194,11.922478758946555,-14.73538035710066,10.79213249703954,3,1.1193209065679826,0.5646110872559548,False,0.12240091208643487
Beijing,so2,nometeo,5,3.712318149113085,4.844109657974899,-1.2864570733340868,8.852126743047194,0,0.7843849396895535,0.6702345454230054,False,-0.6044316533180148
Guangdong,co,meteo,5,0.020602992419519,0.13955827745095478,-0.1423169295896358,0.21005629494105268,3,-0.0800668800443547,0.1450215801436274,False,-0.7213464819329852
Guangdong,co,nometeo,5,0.034329197424257184,0.15601692179113447,-0.156699300717821,0.2005350649838132,3,-0.0169236652078478,0.8202054502659599,False,-0.3285083569378395
Guangdong,no2,meteo,5,1.8797783273114024,6.4541783560121715,-5.384429680860804,11.61017179222973,1,-1.4276999136181543,0.5550382946484853,False,-0.5124553519424494
Guangdong,no2,nometeo,5,1.72781467812464,6.303685822684195,-3.0375648744135866,12.454947780678301,1,-3.006608969893951,0.3845309327869626,False,-0.7510564106766681
Guangdong,o3,meteo,1,-24.961823129656995,,-24.961823129656995,-24.961823129656995,1,17.586516907869466,0.0130554359019399,,
Guangdong,o3,nometeo,1,-36.217038504509205,,-36.217038504509205,-36.217038504509205,1,20.018841299969235,0.0227571885547746,,
Guangdong,pm10,meteo,1,-0.008025723718917577,,-0.008025723718917577,-0.008025723718917577,0,9.220166710396992,0.1052304581027979,,
Guangdong,pm10,nometeo,1,-12.000932698816603,,-12.000932698816603,-12.000932698816603,0,6.082118879511521,0.4512129414535748,,
Guangdong,pm2_5,meteo,1,0.04828113215225467,,0.04828113215225467,0.04828113215225467,0,10.797520187778677,0.0052231081183473,,
Guangdong,pm2_5,nometeo,1,-8.843691367113703,,-8.843691367113703,-8.843691367113703,0,9.812649457087216,0.0305694862858975,,
Guangdong,so2,meteo,5,0.5939589965680944,1.8758023512321684,-1.2914946978047213,3.3812453290798072,1,0.5448565617459571,0.5520020108611476,False,-0.026176763660565355
Guangdong,so2,nometeo,5,0.2988202209345053,4.783665609106382,-5.283438734597627,7.311686763504483,3,0.7509026952705272,0.1675612421375404,False,0.09450545068940838
Guangzhou,co,meteo,5,0.010082822145842349,0.1423155552034364,-0.09048239373144534,0.2272572378397475,2,-0.0624372940943577,0.3183940118597414,False,-0.5095726615164058
Guangzhou,co,nometeo,5,0.03982875041000351,0.1585458477463308,-0.13016764698813205,0.2389133609917773,2,-0.0609913486596768,0.468444145790928,False,-0.6359050110917432
Guangzhou,no2,meteo,5,3.479111876829929,7.571944644704012,-5.5045196568268935,13.97510736420304,1,-4.231723132454846,0.2271721991461341,False,-1.0183427601623984
Guangzhou,no2,nometeo,5,4.402641613960433,7.687084382761223,-2.7189382573273564,17.23940424016422,1,-8.019349072596322,0.1031354819959347,True,-1.6159560722936592
Guangzhou,o3,meteo,1,-26.49292995368976,,-26.49292995368976,-26.49292995368976,1,18.234058588493475,0.1235804887027558,,
Guangzhou,o3,nometeo,1,-42.195697447676956,,-42.195697447676956,-42.195697447676956,1,23.642677937775783,0.0276629682859188,,
Guangzhou,pm10,meteo,1,-0.5816004021810404,,-0.5816004021810404,-0.5816004021810404,0,8.531457314885733,0.229925341068702,,
Guangzhou,pm10,nometeo,1,-19.45918923522511,,-19.45918923522511,-19.45918923522511,0,4.279895533986226,0.7465539412430106,,
Guangzhou,pm2_5,meteo,1,-1.928644260982949,,-1.928644260982949,-1.928644260982949,0,13.742558210620045,0.0052231081183473,,
Guangzhou,pm2_5,nometeo,1,-15.500603060914276,,-15.500603060914276,-15.500603060914276,0,12.598409433704925,0.0305694862858975,,
Guangzhou,so2,meteo,5,0.7272627533725353,1.9310136925377732,-0.6594907679938333,4.112946606811462,1,0.4118464797976336,0.5763292179866419,False,-0.16334232884717453
Guangzhou,so2,nometeo,5,0.9256811910983945,5.2052247305405075,-3.529831249861077,9.789792804860161,1,0.3678933880219651,0.6702345454230054,False,-0.10715921635500818
Jiangsu,co,meteo,5,-0.022581920724103578,0.24764054472347868,-0.4065853401758782,0.27549882301678763,2,-0.2277667291223948,0.0022897487517354,False,-0.8285590254512056
Jiangsu,co,nometeo,5,0.011458551871042144,0.17424993468582883,-0.2318371669803577,0.22918585393727736,1,-0.1077653303279399,0.468444145790928,False,-0.6842119190112851
Jiangsu,no2,meteo,5,-0.08947169599013094,16.650883985645955,-26.385139476294654,19.05631922506584,2,-7.931460956689253,0.092666659608311,False,-0.47096534138724283
Jiangsu,no2,nometeo,5,-1.2873574194601267,11.598726957363592,-17.8972369632766,10.188007286211537,1,-1.8891959240444596,0.8414789975242778,False,-0.051888324192531185
Jiangsu,o3,meteo,1,9.022409510078544,,9.022409510078544,9.022409510078544,0,-9.488145024169883,0.4587135969858845,,
Jiangsu,o3,nometeo,1,2.7736540710976376,,2.7736540710976376,2.7736540710976376,0,11.3656073238382,0.1225896100508731,,
Jiangsu,pm10,meteo,1,41.47074251333051,,41.47074251333051,41.47074251333051,1,-31.74768220831055,0.0410789858535638,,
Jiangsu,pm10,nometeo,1,15.432901763703285,,15.432901763703285,15.432901763703285,0,-4.5419392194456245,0.8853292508885872,,
Jiangsu,pm2_5,meteo,1,28.112622437677764,,28.112622437677764,28.112622437677764,1,-31.606820570743057,0.0052231081183473,,
Jiangsu,pm2_5,nometeo,1,10.937755936344464,,10.937755936344464,10.937755936344464,0,-12.961232420166828,0.397267570969587,,
Jiangsu,so2,meteo,5,1.7484212845856848,6.453706226532132,-6.073757585209073,9.078807852183797,3,-0.030441863256031,0.9695665752873752,False,-0.2756343541837322
Jiangsu,so2,nometeo,5,-0.28376763696982843,8.664521509866026,-10.866374663080592,8.669493811990307,3,2.4140717130760265,0.0663130070563929,False,0.31136622454845403
Jilin,co,meteo,5,-0.007940803676590837,0.16698947076336013,-0.25602602391500184,0.14392742569842254,1,-0.1053484745858267,0.250336752466359,False,-0.5833162442156113
Jilin,co,nometeo,5,0.039574821648039084,0.27717908335131114,-0.36916108891734684,0.370105553207287,2,-0.2388743132330605,0.0766936961449352,False,-1.0045820612234968
Jilin,no2,meteo,5,-0.1066675206097599,3.6636712515823535,-5.627359591021818,3.92370466477885,1,-9.500861743226496,8.014635423814463e-07,True,-2.564147702542729
Jilin,no2,nometeo,5,0.994905945991025,6.660554439438101,-10.316257427872696,5.393904975115122,1,-14.578694165905876,1.848572382148527e-08,True,-2.338183743335746
Jilin,o3,meteo,1,5.259893431203023,,5.259893431203023,5.259893431203023,1,-1.1733186441402057,0.9619143804272612,,
Jilin,o3,nometeo,1,0.2403324369883734,,0.2403324369883734,0.2403324369883734,0,2.942593778263067,0.4667415658610776,,
Jilin,pm10,meteo,1,11.285175392787284,,11.285175392787284,11.285175392787284,0,-11.227006135192148,0.3481987363056124,,
Jilin,pm10,nometeo,1,2.874509373672508,,2.874509373672508,2.874509373672508,0,-22.31062445290181,0.1284106044429201,,
Jilin,pm2_5,meteo,1,16.46066859928686,,16.46066859928686,16.46066859928686,1,-17.374338560584377,0.0766693672747391,,
Jilin,pm2_5,nometeo,1,14.728819454474717,,14.728819454474717,14.728819454474717,0,-34.467387166649594,0.0045348035288747,,
Jilin,so2,meteo,5,0.8471797137556363,7.06783037371366,-8.999291616519272,10.430643863186951,2,-0.1210140130904935,0.9695665752873752,False,-0.13698598801224632
Jilin,so2,nometeo,5,1.750083389715146,8.379237211329444,-12.750757372450305,8.131998958672412,1,-2.3195745739125915,0.1675612421375404,False,-0.4856835844347755
Nanjing,co,meteo,5,-0.0428370689717837,0.29713051311065586,-0.49552183825534546,0.2844574718980679,2,-0.2736203274394991,0.0006524277686648,False,-0.776706693808213
Nanjing,co,nometeo,5,0.03812790167668665,0.21357811725393025,-0.21717515497304218,0.2599832833178427,1,-0.0744543981964962,0.587746453596887,False,-0.527124694798812
Nanjing,no2,meteo,5,-0.5422926326422683,17.01507520019881,-27.39567904072828,17.106573172455292,3,-14.553787695081152,0.0062740596843093,False,-0.8234753533310958
Nanjing,no2,nometeo,5,-1.8440125870724373,12.628012192186857,-19.798364460385272,11.548147101416912,2,-3.233678969384665,0.6214616821951784,False,-0.11004632884121186
Nanjing,o3,meteo,1,5.007744204381661,,5.007744204381661,5.007744204381661,0,-10.338392917603809,0.5042113447779367,,
Nanjing,o3,nometeo,1,3.004100840230595,,3.004100840230595,3.004100840230595,0,19.137291810419327,0.0276629682859188,,
Nanjing,pm10,meteo,1,53.980323993409456,,53.980323993409456,53.980323993409456,1,-38.56246137195996,0.0278607206486256,,
Nanjing,pm10,nometeo,1,11.252430625589827,,11.252430625589827,11.252430625589827,0,3.555166816234678,0.8853292508885872,,
Nanjing,pm2_5,meteo,1,34.96104323641288,,34.96104323641288,34.96104323641288,1,-34.672667886086856,0.0052231081183473,,
Nanjing,pm2_5,nometeo,1,8.62119046124333,,8.62119046124333,8.62119046124333,0,-4.858657406591709,0.6704746957264733,,
Nanjing,so2,meteo,5,2.4076290740449893,6.781636411377516,-5.077718198558946,11.579314025716943,3,-1.0796141438047906,0.5520020108611476,False,-0.5142185464262358
Nanjing,so2,nometeo,5,0.5155469373964998,9.205365204110906,-10.456709975367673,10.906270052921293,4,2.2463216052452606,0.0393376886408459,False,0.1880180339912898
National,co,meteo,5,0.0015196172564054672,0.09605231381193956,-0.1082489941403346,0.11132573799436546,3,-0.033867237585704,0.4191499862339864,False,-0.36841231031032995
National,co,nometeo,5,0.05932979567543632,0.09413621733536154,-0.061476076347369825,0.15544474662542299,1,-0.1035797459138605,0.0766936961449352,True,-1.7305724215466338
National,no2,meteo,5,-0.7061507230037142,4.757950668884843,-6.8519575665038035,3.5631197289851197,3,-6.48432026981524,0.0029974490666714,False,-1.2144240133884783
National,no2,nometeo,5,0.37543988870617595,4.383933660997979,-4.592687443140317,7.006247731284345,1,-7.104143048678777,0.0106006688552886,True,-1.7061350640242732
National,o3,meteo,1,1.347190316471072,,1.347190316471072,1.347190316471072,0,1.199338156947422,0.9037796346172142,,
National,o3,nometeo,1,-3.6791002659242693,,-3.6791002659242693,-3.6791002659242693,0,13.257980162964149,0.0002951869891944,,
National,pm10,meteo,1,17.56967317988249,,17.56967317988249,17.56967317988249,1,-4.719595237625833,0.3792279783948491,,
National,pm10,nometeo,1,-4.208855310714419,,-4.208855310714419,-4.208855310714419,0,-4.53531332899872,0.6901943314447723,,
National,pm2_5,meteo,1,10.905905130367776,,10.905905130367776,10.905905130367776,1,-5.440501722344656,0.2197084987280498,,
National,pm2_5,nometeo,1,-1.8705238032418892,,-1.8705238032418892,-1.8705238032418892,0,-8.353486867603522,0.1481941911077051,,
National,so2,meteo,5,0.6322158679739124,4.243540607697455,-3.8671497926504195,5.145404689198057,2,0.7470284859123251,0.5520020108611476,False,0.027055854663002744
National,so2,nometeo,5,1.2969503149596433,4.213170279410189,-2.4257951496150727,8.091801631071874,1,1.3297427149080137,0.1675612421375404,False,0.007783307527024765
Shanghai,co,meteo,5,0.0016942905413356913,0.12392566898745891,-0.1937203868067879,0.14098954739329644,1,-0.1661901400753949,0.073410986273182,False,-1.3547187760892396
Shanghai,co,nometeo,5,0.010202519690275191,0.1714895909252136,-0.21818037559808662,0.23346219533368182,0,-0.019862357620853,0.821657417827736,False,-0.17531604774915727
Shanghai,no2,meteo,5,-0.534745918245649,12.16339206938315,-21.98935973414975,8.153398062809028,1,-7.31310859851397,0.1425814152284918,False,-0.5572756877031323
Shanghai,no2,nometeo,5,-0.655803814541153,12.43062885557344,-20.4755746792897,14.046220694568234,2,-1.1911114186520555,0.8581546268036246,False,-0.043063598015066644
Shanghai,o3,meteo,1,6.641654407068259,,6.641654407068259,6.641654407068259,0,1.6647359893298888,0.9619143804272612,,
Shanghai,o3,nometeo,1,-6.801047353067618,,-6.801047353067618,-6.801047353067618,0,15.745518697361929,0.0227571885547746,,
Shanghai,pm10,meteo,1,24.95062785858648,,24.95062785858648,24.95062785858648,0,-13.855738109134784,0.229925341068702,,
Shanghai,pm10,nometeo,1,5.592297652085399,,5.592297652085399,5.592297652085399,0,13.567692768991856,0.4512129414535748,,
Shanghai,pm2_5,meteo,1,15.750115996504768,,15.750115996504768,15.750115996504768,0,-15.395453268753496,0.1119134974080146,,
Shanghai,pm2_5,nometeo,1,3.8384331683552353,,3.8384331683552353,3.8384331683552353,0,6.182519692116142,0.6059126425875193,,
Shanghai,so2,meteo,5,1.30703666099978,3.2228877676717054,-2.613543669150625,4.426564094531588,0,0.8118135786314926,0.5520020108611476,False,-0.15365818423334332
Shanghai,so2,nometeo,5,0.4333184414499545,5.022001615365223,-5.350350261049922,8.001386156685673,2,3.0375047608234857,0.0088394230251491,False,0.5185554523530639
Wuhan,co,meteo,5,0.029869246256473247,0.2588649897246246,-0.3705053938292905,0.2824711430144955,2,-0.0456716411376154,0.578248777867912,False,-0.2918157742166971
Wuhan,co,nometeo,5,0.1255657860786722,0.0736565631313454,0.036794589785742224,0.2414755530580694,1,0.1215820696588444,0.3152570505381797,False,-0.05408501633077799
Wuhan,no2,meteo,5,-0.3778406123296506,14.628548579844207,-23.178418926100942,15.757266966359087,2,-15.58636073479409,0.0005114536989978,False,-1.0396465540962376
Wuhan,no2,nometeo,5,-0.42126357270559434,15.44895538554236,-18.635610171228784,17.96434867267522,3,0.6398838197918439,0.8581546268036246,False,0.06868732325361589
Wuhan,o3,meteo,1,7.565985636121218,,7.565985636121218,7.565985636121218,0,-5.717169240635823,0.68752757378712,,
Wuhan,o3,nometeo,1,6.823377339393243,,6.823377339393243,6.823377339393243,0,30.692093534432598,0.0005602684423416,,
Wuhan,pm10,meteo,1,17.94766308849058,,17.94766308849058,17.94766308849058,0,-20.710490551444824,0.1717743777953807,,
Wuhan,pm10,nometeo,1,-12.021747389740643,,-12.021747389740643,-12.021747389740643,0,27.323922460870754,0.0890451410922823,,
Wuhan,pm2_5,meteo,1,4.878013107595322,,4.878013107595322,4.878013107595322,0,-15.24127216656741,0.1655117548799648,,
Wuhan,pm2_5,nometeo,1,-18.272973909482047,,-18.272973909482047,-18.272973909482047,0,20.87039161110991,0.0305694862858975,,
Wuhan,so2,meteo,5,1.439938170381219,9.185695647563707,-10.4683999433717,10.210485395591974,5,-1.1468538504369312,0.5520020108611476,False,-0.2816109002592784
Wuhan,so2,nometeo,5,0.2896429102099276,15.18929732855783,-21.486795158899586,16.548021263870105,4,3.8055037192100887,0.0002822429102848,False,0.2314696152790354
Xinjiang,co,meteo,5,0.014156605757263532,0.23411181212816315,-0.16085719668141327,0.4158510718535625,1,0.0823217639091405,0.4007442884078003,False,0.2911649674240288
Xinjiang,co,nometeo,5,-0.04295791716450998,0.2614523974260042,-0.20064489953105819,0.4210265148650111,1,-0.0271333365427029,0.8202054502659599,False,0.06052566653662346
Xinjiang,no2,meteo,5,1.2338490032638745,4.804643906448614,-2.013368573519956,9.506756043518543,1,-11.03876188372665,3.296782454413884e-09,True,-2.5543226773827468
Xinjiang,no2,nometeo,5,-0.2444563334821252,5.901236620548508,-4.921116097407871,9.592920228358533,1,-13.057722721294049,4.865950844603538e-11,True,-2.171284971559225
Xinjiang,o3,meteo,1,15.339235100199527,,15.339235100199527,15.339235100199527,1,6.004079263743704,0.1315681895626376,,
Xinjiang,o3,nometeo,1,10.06951260896637,,10.06951260896637,10.06951260896637,1,8.462770981219887,0.0227571885547746,,
Xinjiang,pm10,meteo,1,-14.959856688232705,,-14.959856688232705,-14.959856688232705,0,-9.532887645107904,0.229925341068702,,
Xinjiang,pm10,nometeo,1,-31.4674105441727,,-31.4674105441727,-31.4674105441727,0,-18.58719018119536,0.0890451410922823,,
Xinjiang,pm2_5,meteo,1,11.281355772225158,,11.281355772225158,11.281355772225158,0,-5.889344356619802,0.2197084987280498,,
Xinjiang,pm2_5,nometeo,1,11.529944460584094,,11.529944460584094,11.529944460584094,0,-13.292610895023367,0.0305694862858975,,
Xinjiang,so2,meteo,5,1.213410439419947,3.88718245254266,-3.3232630385613606,7.148145914173262,2,0.9271902158239246,0.5646110872559548,False,-0.07363179554610352
Xinjiang,so2,nometeo,5,0.5668886495225515,4.28136124813841,-3.0984191827652956,6.918086739269293,2,0.0861937213677725,0.927346533265056,False,-0.11227618981317945
