region,pollutant,adj,pair,product,placebo_year_DiD,ci_lo,ci_hi,p,n_cells,n_obs,q,lockdown_2020_DiD,lockdown_ci_lo,lockdown_ci_hi,lockdown_q,ratio_2020_to_placebo
National,pm2_5,nometeo,2019v2018,D1K,-1.8705238032418892,-11.767286798476698,8.02623919199292,0.7110544937167257,747,59760,0.7192982036724609,-8.353486867603522,-18.13916804145652,1.4321943062494746,0.1481941911077051,4.465854352201088
National,pm2_5,meteo,2019v2018,D1K,10.905905130367776,2.751286954546133,19.060523306189417,0.008761150891502575,747,59760,0.02794396509413754,-5.440501722344656,-13.756129756741096,2.875126312051786,0.2197084987280498,0.49885833934089874
Guangdong,pm2_5,nometeo,2019v2018,D1K,-8.843691367113703,-18.624018866496684,0.9366361322692782,0.07635084197662984,53,4240,0.16797185234858564,9.812649457087216,2.29678598308728,17.328512931087154,0.0305694862858975,1.1095648920513776
Guangdong,pm2_5,meteo,2019v2018,D1K,0.04828113215225467,-8.321879959791165,8.418442224095674,0.9909796678438741,53,4240,0.9909796678438741,10.797520187778677,4.552622778411097,17.042417597146255,0.0052231081183473,223.63850445198074
Jiangsu,pm2_5,nometeo,2019v2018,D1K,10.937755936344464,-14.987357258621456,36.86286913131038,0.40829086591350616,46,3680,0.5613999406310709,-12.961232420166828,-36.91577771130374,10.993312870970088,0.397267570969587,1.184999235272627
Jiangsu,pm2_5,meteo,2019v2018,D1K,28.112622437677764,7.669252948970961,48.555991926384564,0.007033856415427798,46,3680,0.02794396509413754,-31.606820570743057,-51.3528744368122,-11.860766704673916,0.0052231081183473,1.1242928560226462
BTH,pm2_5,nometeo,2019v2018,D1K,-21.872562221003953,-47.578925132432644,3.8338006904247344,0.0953835412742885,56,4480,0.1748698256695289,-9.403586316600697,-40.300744444974825,21.493571811773435,0.6059126425875193,0.4299261431553066
BTH,pm2_5,meteo,2019v2018,D1K,2.4173411974290353,-15.868197526728292,20.702879921586362,0.7955530804702386,56,4480,0.8751083885172626,6.5824596866015215,-15.4525108439865,28.61743021718954,0.5582143527428438,2.7230163841175172
Xinjiang,pm2_5,nometeo,2019v2018,D1K,11.529944460584094,-7.650573816432718,30.710462737600906,0.23872126194722176,26,2080,0.3751334116313485,-13.292610895023367,-23.71919560278848,-2.86602618725826,0.0305694862858975,1.1528772701781063
Xinjiang,pm2_5,meteo,2019v2018,D1K,11.281355772225158,-5.18647267476026,27.749184219210576,0.17937508018868364,26,2080,0.3288543136792534,-5.889344356619802,-14.807784636662944,3.029095923423341,0.2197084987280498,0.5220422505528496
Jilin,pm2_5,nometeo,2019v2018,D1K,14.728819454474717,2.1040364763971375,27.353602432552297,0.02221859397917023,16,1280,0.08146817792362418,-34.467387166649594,-53.593292402410654,-15.34148193088853,0.0045348035288747,2.3401323692767626
Jilin,pm2_5,meteo,2019v2018,D1K,16.46066859928686,7.87512740071544,25.046209797858275,0.00017144802960062546,16,1280,0.00188592832560688,-17.374338560584377,-34.10548609546795,-0.6431910257007978,0.0766693672747391,1.055506248472623
Guangzhou,pm2_5,nometeo,2019v2018,D1K,-15.500603060914276,-27.25515308254164,-3.7460530392869114,0.00974965082629026,9,720,0.058850395874162735,12.598409433704925,2.866200465113103,22.330618402296743,0.0305694862858975,0.8127689860965854
Guangzhou,pm2_5,meteo,2019v2018,D1K,-1.928644260982949,-12.820896166948238,8.96360764498234,0.7285594620510882,9,720,0.8751083885172626,13.742558210620045,5.43406452118405,22.05105190005604,0.0052231081183473,7.125501829775513
Wuhan,pm2_5,nometeo,2019v2018,D1K,-18.272973909482047,-36.045859975866705,-0.5000878430973863,0.04389282814194049,4,320,0.12070527739033635,20.87039161110991,4.241989768938421,37.498793453281394,0.0305694862858975,1.1421453187912687
Wuhan,pm2_5,meteo,2019v2018,D1K,4.878013107595322,-21.851389258278534,31.607415473469178,0.7205783954871167,4,320,0.8751083885172626,-15.24127216656741,-34.47388146683589,3.991337133701077,0.1655117548799648,3.1244836433169785
Shanghai,pm2_5,nometeo,2019v2018,D1K,3.8384331683552353,-17.094388045382498,24.771254382092966,0.7192982036724609,10,800,0.7192982036724609,6.182519692116142,-12.99932003491868,25.36435941915096,0.6059126425875193,1.6106883775093435
Shanghai,pm2_5,meteo,2019v2018,D1K,15.750115996504768,-4.837476214097492,36.33770820710703,0.13376203113924148,10,800,0.29427646850633127,-15.395453268753496,-32.1211073453558,1.330200807848808,0.1119134974080146,0.9774818974139633
Nanjing,pm2_5,nometeo,2019v2018,D1K,8.62119046124333,-16.11133970014132,33.353720622627975,0.4944815404148306,5,400,0.6043663271736818,-4.858657406591709,-27.239079271945684,17.52176445876227,0.6704746957264733,0.5635715193201988
Nanjing,pm2_5,meteo,2019v2018,D1K,34.96104323641288,8.301609086685534,61.62047738614022,0.01016144185241365,5,400,0.02794396509413754,-34.672667886086856,-56.555224728533744,-12.790111043639964,0.0052231081183473,0.9917515233062133
Beijing,pm2_5,nometeo,2019v2018,D1K,-29.02201442388644,-51.308232954875656,-6.735795892897222,0.010700071977120498,13,1040,0.058850395874162735,26.65603995066021,-2.3534782473165308,55.66555814863696,0.1314678711056963,0.9184765592536223
Beijing,pm2_5,meteo,2019v2018,D1K,-5.124633993656728,-21.93068725218825,11.681419264874792,0.5500750696302514,13,1040,0.8644036808475379,31.865625793396696,11.144631280982637,52.586620305810754,0.0056700453248625,6.21812715461045
National,pm10,nometeo,2019v2018,D1K,-4.208855310714419,-17.763188956776453,9.345478335347613,0.5427877766619527,747,59760,0.663407282586831,-4.53531332899872,-16.026998616887397,6.956371958889957,0.6901943314447723,1.0775645619019598
National,pm10,meteo,2019v2018,D1K,17.56967317988249,5.780838190174327,29.35850816959065,0.0034883956851168565,747,59760,0.013031397821180452,-4.719595237625833,-14.61282746718858,5.173636991936916,0.3792279783948491,0.26862168631741157
Guangdong,pm10,nometeo,2019v2018,D1K,-12.000932698816603,-24.4800348582977,0.4781694606644944,0.059448358948530185,53,4240,0.16348298710845802,6.082118879511521,-3.851909497478493,16.016147256501533,0.4512129414535748,0.506803848680134
Guangdong,pm10,meteo,2019v2018,D1K,-0.008025723718917577,-9.17343121214169,9.157379764703855,0.9986306310972077,53,4240,0.9986306310972077,9.220166710396992,0.4985395330993096,17.941793887694672,0.1052304581027979,1148.826826503381
Jiangsu,pm10,nometeo,2019v2018,D1K,15.432901763703285,-16.09659145468471,46.96239498209128,0.33738066070557016,46,3680,0.5768694715127185,-4.5419392194456245,-33.97787510089594,24.89399666200469,0.8853292508885872,0.29430234760697
Jiangsu,pm10,meteo,2019v2018,D1K,41.47074251333051,13.589389731077752,69.35209529558327,0.0035540175875946683,46,3680,0.013031397821180452,-31.74768220831055,-56.28126844773004,-7.214095968891058,0.0410789858535638,0.7655440989055226
BTH,pm10,nometeo,2019v2018,D1K,-38.68708765592062,-70.25842677130706,-7.115748540534188,0.01631850163780987,56,4480,0.05983450600530286,-2.19058258737892,-38.976387804008056,34.595222629250216,0.907085736916574,0.056623093649792386
BTH,pm10,meteo,2019v2018,D1K,0.6447125662809832,-25.652234671452774,26.94165980401474,0.9616750276802767,56,4480,0.9986306310972077,12.66224262186204,-15.56132679941786,40.88581204314194,0.3792279783948491,19.640136215901666
Xinjiang,pm10,nometeo,2019v2018,D1K,-31.4674105441727,-99.8492100621306,36.9143889737852,0.36709875459900265,26,2080,0.5768694715127185,-18.58719018119536,-33.737390591812826,-3.4369897705778847,0.0890451410922823,0.5906806394222811
Xinjiang,pm10,meteo,2019v2018,D1K,-14.959856688232705,-72.21114999892998,42.29143662246457,0.6085517729160519,26,2080,0.8367586877595713,-9.532887645107904,-22.75990065597012,3.6941253657543136,0.229925341068702,0.6372312144277686
Jilin,pm10,nometeo,2019v2018,D1K,2.874509373672508,-12.163135540409796,17.91215428775481,0.7079167669627942,16,1280,0.7079167669627942,-22.31062445290181,-44.294907056977664,-0.3263418488259511,0.1284106044429201,7.761541728562007
Jilin,pm10,meteo,2019v2018,D1K,11.285175392787284,-1.1251236281558015,23.69547441373037,0.07470476992129084,16,1280,0.16435049382683986,-11.227006135192148,-31.80354093088245,9.349528660498152,0.3481987363056124,0.9948455158585915
Guangzhou,pm10,nometeo,2019v2018,D1K,-19.45918923522511,-34.44813017029295,-4.470248300157271,0.010943535994381009,9,720,0.05983450600530286,4.279895533986226,-9.50870413900062,18.06849520697307,0.7465539412430106,0.21994213028355467
Guangzhou,pm10,meteo,2019v2018,D1K,-0.5816004021810404,-12.5650252389708,11.40182443460872,0.924216034513774,9,720,0.9986306310972077,8.531457314885733,-3.574962239517653,20.63787686928912,0.229925341068702,14.668932969943278
Wuhan,pm10,nometeo,2019v2018,D1K,-12.021747389740643,-33.55709152894529,9.51359674946401,0.2739035495113257,4,320,0.5768694715127185,27.323922460870754,6.823713435352136,47.824131486389376,0.0890451410922823,2.272874447868451
Wuhan,pm10,meteo,2019v2018,D1K,17.94766308849058,-11.411653842972527,47.306980019953684,0.23085985051214963,4,320,0.42324305927227435,-20.710490551444824,-43.74861445242795,2.327633349538303,0.1717743777953807,1.1539380057076056
Shanghai,pm10,nometeo,2019v2018,D1K,5.592297652085399,-19.30499228273967,30.489587586910467,0.6597656458462899,10,800,0.7079167669627942,13.567692768991856,-9.359877205209306,36.49526274319302,0.4512129414535748,2.4261392388390464
Shanghai,pm10,meteo,2019v2018,D1K,24.95062785858648,1.2770621587713045,48.62419355840166,0.038857424621224546,10,800,0.1068579177083675,-13.855738109134784,-32.65149234761779,4.940016129348226,0.229925341068702,0.5553262301720591
Nanjing,pm10,nometeo,2019v2018,D1K,11.252430625589827,-18.623340201994598,41.128201453174256,0.46039160627225817,5,400,0.6330384586243549,3.555166816234678,-24.645994222097613,31.75632785456697,0.8853292508885872,0.3159465660823236
Nanjing,pm10,meteo,2019v2018,D1K,53.980323993409456,18.412871723834975,89.54777626298394,0.002933561012202591,5,400,0.013031397821180452,-38.56246137195996,-65.52840234894943,-11.596520394970495,0.0278607206486256,0.7143799540119121
Beijing,pm10,nometeo,2019v2018,D1K,-43.45026618161537,-70.84257774667269,-16.057954616558046,0.001877620772367166,13,1040,0.020653828496038827,37.4811550012149,3.5895716950877343,71.37273830734208,0.1107073491981333,0.8626219881956416
Beijing,pm10,meteo,2019v2018,D1K,-8.196960483577861,-30.037972126884164,13.644051159728441,0.4619881219344336,13,1040,0.7259813344683957,41.90786207293766,17.13252012002984,66.68320402584548,0.0100696262774926,5.112609992069335
National,o3,nometeo,2019v2018,D1K,-3.6791002659242693,-9.79704269297795,2.438842161129412,0.2385381476828785,747,59760,0.3748456606445234,13.257980162964149,7.06924507119128,19.44671525473702,0.0002951869891944,3.603593053921149
National,o3,meteo,2019v2018,D1K,1.347190316471072,-3.4284831847178188,6.122863817659963,0.5803355264738059,747,59760,0.5803355264738059,1.199338156947422,-2.994458507951598,5.393134821846442,0.9037796346172142,0.8902514680249896
Guangdong,o3,nometeo,2019v2018,D1K,-36.217038504509205,-54.13353701280045,-18.300539996217957,7.434324258090739e-05,53,4240,0.0005484825099854019,20.018841299969235,4.325489818619122,35.712192781319345,0.0227571885547746,0.5527465007244253
Guangdong,o3,meteo,2019v2018,D1K,-24.961823129656995,-33.656685068192886,-16.266961191121105,1.835802925789345e-08,53,4240,1.0096916091841397e-07,17.586516907869466,6.954583114030106,28.218450701708825,0.0130554359019399,0.7045365563453188
Jiangsu,o3,nometeo,2019v2018,D1K,2.7736540710976376,-8.75631890415006,14.303627046345333,0.6372911609011894,46,3680,0.7290339294971738,11.3656073238382,-2.629331080740439,25.36054572841684,0.1225896100508731,4.097701815908286
Jiangsu,o3,meteo,2019v2018,D1K,9.022409510078544,-3.0203152361917507,21.06513425634884,0.14199423381216658,46,3680,0.2231337959905475,-9.488145024169883,-22.939023924953126,3.96273387661336,0.4587135969858845,1.0516198598136215
BTH,o3,nometeo,2019v2018,D1K,5.3349134994886285,-3.116180320014303,13.78600731899156,0.2159889048689274,56,4480,0.3748456606445234,12.37824476479934,2.851816053920928,21.904673475677757,0.0227571885547746,2.3202334519549086
BTH,o3,meteo,2019v2018,D1K,11.676002493121398,4.600894728231754,18.751110258011042,0.0012184938860038245,56,4480,0.0026806865492084143,-0.1848607805079148,-7.772503777606625,7.402782216590795,0.9619143804272612,0.015832540342195073
Xinjiang,o3,nometeo,2019v2018,D1K,10.06951260896637,4.864566775115409,15.27445844281733,0.00014958613908692777,26,2080,0.0005484825099854019,8.462770981219887,2.153954078069932,14.771587884369842,0.0227571885547746,0.8404350150655986
Xinjiang,o3,meteo,2019v2018,D1K,15.339235100199527,10.246569811301153,20.4319003890979,3.5595489112703286e-09,26,2080,3.9155038023973614e-08,6.004079263743704,0.3957265019555063,11.612432025531902,0.1315681895626376,0.39141973015757514
Jilin,o3,nometeo,2019v2018,D1K,0.2403324369883734,-5.078630608789498,5.559295482766244,0.9294322629046254,16,1280,0.9294322629046254,2.942593778263067,-4.981904092832768,10.8670916493589,0.4667415658610776,12.243847793235755
Jilin,o3,meteo,2019v2018,D1K,5.259893431203023,1.30288908990254,9.216897772503508,0.009179260959300726,16,1280,0.01682864509205133,-1.1733186441402057,-7.239222885297195,4.892585597016783,0.9619143804272612,0.2230689004419332
Guangzhou,o3,nometeo,2019v2018,D1K,-42.195697447676956,-63.50847513153728,-20.882919763816634,0.00010428592671884963,9,720,0.0005484825099854019,23.642677937775783,3.7045525677796576,43.58080330777191,0.0276629682859188,0.5603101588045302
Guangzhou,o3,meteo,2019v2018,D1K,-26.49292995368976,-39.41744062470608,-13.568419282673439,5.88001700889483e-05,9,720,0.00016170046774460783,18.234058588493475,2.5755357896254765,33.892581387361474,0.1235804887027558,0.6882613067096399
Wuhan,o3,nometeo,2019v2018,D1K,6.823377339393243,-7.1330104811053445,20.77976515989183,0.33794157887858467,4,320,0.4646696709580539,30.692093534432598,15.212466923737436,46.17172014512775,0.0005602684423416,4.498079471178981
Wuhan,o3,meteo,2019v2018,D1K,7.565985636121218,-7.480004808950937,22.611976081193372,0.32433820925316315,4,320,0.39641336686497713,-5.717169240635823,-18.348451633080437,6.9141131518087855,0.68752757378712,0.7556410381406421
Shanghai,o3,nometeo,2019v2018,D1K,-6.801047353067618,-16.852548737896917,3.250454031761681,0.18478971051872017,10,800,0.3748456606445234,15.745518697361929,4.001752855894438,27.48928453882942,0.0227571885547746,2.315160868606495
Shanghai,o3,meteo,2019v2018,D1K,6.641654407068259,-3.4386776043226686,16.72198641845919,0.19657660861487225,10,800,0.27029283684544936,1.6647359893298888,-10.483225992355834,13.812697971015613,0.9619143804272612,0.2506507998305699
Nanjing,o3,nometeo,2019v2018,D1K,3.004100840230595,-10.496969307819306,16.505170988280497,0.6627581177247035,5,400,0.7290339294971738,19.137291810419327,3.2645656045757185,35.01001801626293,0.0276629682859188,6.370389287248543
Nanjing,o3,meteo,2019v2018,D1K,5.007744204381661,-11.859696644686517,21.87518505344984,0.5606406517393445,5,400,0.5803355264738059,-10.338392917603809,-27.18963809826136,6.512852263053741,0.5042113447779367,2.0644810309116735
Beijing,o3,nometeo,2019v2018,D1K,7.134455298547936,-1.6120108260164674,15.880921423112339,0.10987965187973306,13,1040,0.3021690426692659,10.780411175354557,1.1002365302683774,20.46058582044073,0.0355124279574514,1.5110349317836047
Beijing,o3,meteo,2019v2018,D1K,14.356303367987191,8.584399301540543,20.12820743443384,1.0882705637153916e-06,13,1040,3.9903254002897695e-06,-0.238843848917619,-7.311355622920947,6.833667925085709,0.9619143804272612,0.016636862763029354
National,no2,nometeo,2014v2013,D10K,-4.592687443140317,-9.501657107992663,0.31628222171202935,0.06670082879726642,733,58640,0.32090175698645024,-7.104143048678777,-11.778013551803571,-2.430272545553983,0.0106006688552886,1.5468379106201957
National,no2,meteo,2014v2013,D10K,-4.746125666568475,-8.235008264302882,-1.2572430688340677,0.007670249030566094,733,58640,0.04218636966811351,-6.48432026981524,-10.409137816294177,-2.5595027233363026,0.0029974490666714,1.36623442474154
Guangdong,no2,nometeo,2014v2013,D10K,-3.0375648744135866,-9.885537602561646,3.810407853734473,0.38463714493916146,50,4000,0.6044297991901109,-3.006608969893951,-8.072169508345064,2.0589515685571627,0.3845309327869626,0.9898089733719311
Guangdong,no2,meteo,2014v2013,D10K,-2.052915315832328,-8.00775000685985,3.9019193751951935,0.4992355849059553,50,4000,0.8199708017101744,-1.4276999136181543,-6.168654073108799,3.3132542458724905,0.5550382946484853,0.69544997916259
Jiangsu,no2,nometeo,2014v2013,D10K,-7.283115629372373,-18.226204680543297,3.659973421798549,0.1920823199932692,46,3680,0.4225811039851922,-1.8891959240444596,-11.124962494959,7.346570646870081,0.8414789975242778,0.2593939215279577
Jiangsu,no2,meteo,2014v2013,D10K,1.1442562697951963,-8.9870333203403,11.275545859930693,0.8248091524329395,46,3680,0.9009059484102843,-7.931460956689253,-16.430671398044318,0.5677494846658133,0.092666659608311,6.931542492757202
BTH,no2,nometeo,2014v2013,D10K,-8.639035123320717,-23.353222926804683,6.075152680163248,0.24983940461802057,55,4400,0.4580389084663711,-13.558450672609304,-24.01580726095303,-3.101094084265579,0.0303813200658619,1.5694403922503832
BTH,no2,meteo,2014v2013,D10K,-15.121521313960473,-25.167653526172835,-5.075389101748112,0.0031761556837872256,55,4400,0.03493771252165948,-13.876575394515664,-22.36922819211341,-5.383922596917918,0.0029974490666714,0.9176705905711053
Xinjiang,no2,nometeo,2014v2013,D10K,0.7941796374850003,-3.718622924454883,5.306982199424884,0.7301532438010363,26,2080,0.8681177792918349,-13.057722721294049,-16.754513269145082,-9.360932173443013,4.865950844603538e-11,16.44177476350956
Xinjiang,no2,meteo,2014v2013,D10K,1.2884874018618542,-3.4793873976915437,6.056362201415252,0.5963424012437633,26,2080,0.8199708017101744,-11.03876188372665,-14.473563681615888,-7.603960085837413,3.296782454413884e-09,8.567225312234893
Jilin,no2,nometeo,2014v2013,D10K,5.393904975115122,-0.9319932171331695,11.719803167363413,0.09468160505385155,16,1280,0.32090175698645024,-14.578694165905876,-19.411118066201333,-9.746270265610418,1.848572382148527e-08,2.7028088616994452
Jilin,no2,meteo,2014v2013,D10K,-0.9753152632472525,-4.520739318675049,2.570108792180544,0.5897702393412174,16,1280,0.8199708017101744,-9.500861743226496,-13.042464991107416,-5.959258495345575,8.014635423814463e-07,9.741323755760735
Guangzhou,no2,nometeo,2014v2013,D10K,1.403023354955859,-8.882566235757169,11.688612945668888,0.7891979811743953,9,720,0.8681177792918349,-8.019349072596322,-15.92805146137916,-0.1106466838134849,0.1031354819959347,5.715763065717906
Guangzhou,no2,meteo,2014v2013,D10K,0.54114749760398,-7.97680334090952,9.05909833611748,0.9009059484102843,9,720,0.9009059484102843,-4.231723132454846,-10.797648834889968,2.334202569980276,0.2271721991461341,7.819907051573739
Wuhan,no2,nometeo,2014v2013,D10K,-18.635610171228784,-28.257606915029207,-9.013613427428362,0.00014704794954403794,4,320,0.0016175274449844173,0.6398838197918439,-6.377366574647654,7.657134214231343,0.8581546268036246,0.03433661757851912
Wuhan,no2,meteo,2014v2013,D10K,-4.2389046945164415,-9.88108866760443,1.4032792785715476,0.14088664186463878,4,320,0.40440304904248064,-15.58636073479409,-23.60633981147893,-7.566381658109249,0.0005114536989978,3.676978337106049
Shanghai,no2,nometeo,2014v2013,D10K,0.6612991410920589,-11.37788470807115,12.700482990255267,0.9142664568765921,10,800,0.9142664568765921,-1.1911114186520555,-11.093900183651252,8.71167734634714,0.8581546268036246,1.8011688578410567
Shanghai,no2,meteo,2014v2013,D10K,2.8118753231305407,-6.086536810895034,11.710287457156117,0.5356900455462543,10,800,0.8199708017101744,-7.31310859851397,-16.44873967434927,1.8225224773213269,0.1425814152284918,2.6007940460077292
Nanjing,no2,nometeo,2014v2013,D10K,-8.828851630620628,-19.8589951996223,2.2012919383810434,0.11669154799507281,5,400,0.32090175698645024,-3.233678969384665,-11.660259189452184,5.192901250682855,0.6214616821951784,0.3662626924400305
Nanjing,no2,meteo,2014v2013,D10K,-1.4701644832059713,-10.917123248190135,7.976794281778192,0.7603542998494595,5,400,0.9009059484102843,-14.553787695081152,-24.299143580907742,-4.808431809254556,0.0062740596843093,9.899428166938076
Beijing,no2,nometeo,2014v2013,D10K,5.563018738586425,-13.9769854038728,25.10302288104565,0.5768445917014104,13,1040,0.7931613135894393,-7.749028075843197,-17.71321949599092,2.2151633443045267,0.2336562233328105,1.3929537972061983
Beijing,no2,meteo,2014v2013,D10K,-9.32734731612358,-21.93502681854433,3.280332186297171,0.14705565419726568,13,1040,0.40440304904248064,-8.593992247892768,-15.93009391227593,-1.2578905835096048,0.0340593330540364,0.9213758163628035
National,no2,nometeo,2015v2014,D10K,2.02706055013753,-1.7765116382415562,5.830632738516616,0.2962377649648452,733,58640,0.4754949123640994,-7.104143048678777,-11.778013551803571,-2.430272545553983,0.0106006688552886,3.5046526104988738
National,no2,meteo,2015v2014,D10K,1.6476152479071189,-1.4124878012905535,4.707718297104791,0.2912971358543973,733,58640,0.37178426926230146,-6.48432026981524,-10.409137816294177,-2.5595027233363026,0.0029974490666714,3.9355791821251587
Guangdong,no2,nometeo,2015v2014,D10K,2.0361403600583365,-4.457455365062551,8.529736085179223,0.5388394794532854,50,4000,0.6585815859984598,-3.006608969893951,-8.072169508345064,2.0589515685571627,0.3845309327869626,1.4766216656143538
Guangdong,no2,meteo,2015v2014,D10K,3.760855493883609,-2.282093734051922,9.80380472181914,0.2225437226541458,50,4000,0.37178426926230146,-1.4276999136181543,-6.168654073108799,3.3132542458724905,0.5550382946484853,0.3796210505668365
Jiangsu,no2,nometeo,2015v2014,D10K,8.318767162193714,0.08623066799686185,16.551303656390566,0.04764811639242203,46,3680,0.13103232007916057,-1.8891959240444596,-11.124962494959,7.346570646870081,0.8414789975242778,0.22710046900101796
Jiangsu,no2,meteo,2015v2014,D10K,6.866214691041273,0.5699281972711105,13.162501184811436,0.03256739779707081,46,3680,0.11941379192259298,-7.931460956689253,-16.430671398044318,0.5677494846658133,0.092666659608311,1.1551431630936133
BTH,no2,nometeo,2015v2014,D10K,5.460009082973306,-8.159538246830452,19.079556412777066,0.4320199083996985,55,4400,0.5940273740495854,-13.558450672609304,-24.01580726095303,-3.101094084265579,0.0303813200658619,2.483228592950601
BTH,no2,meteo,2015v2014,D10K,6.581431948600217,-3.7650893121647684,16.927953209365203,0.2124947021029563,55,4400,0.37178426926230146,-13.876575394515664,-22.36922819211341,-5.383922596917918,0.0029974490666714,2.1084431933489833
Xinjiang,no2,nometeo,2015v2014,D10K,-4.921116097407871,-10.179918893317955,0.337686698502214,0.06663801955652462,26,2080,0.1466036430243542,-13.057722721294049,-16.754513269145082,-9.360932173443013,4.865950844603538e-11,2.6534067603428464
Xinjiang,no2,meteo,2015v2014,D10K,-0.8345372069271397,-6.455456658817964,4.786382244963685,0.7710546790970749,26,2080,0.7710546790970749,-11.03876188372665,-14.473563681615888,-7.603960085837413,3.296782454413884e-09,13.227405311708772
Jilin,no2,nometeo,2015v2014,D10K,-10.316257427872696,-17.178957227630775,-3.4535576281146145,0.003216123510938077,16,1280,0.012846540473089835,-14.578694165905876,-19.411118066201333,-9.746270265610418,1.848572382148527e-08,1.4131766551808638
Jilin,no2,meteo,2015v2014,D10K,-5.627359591021818,-9.19255257627046,-2.0621666057731765,0.0019771752291146394,16,1280,0.010874463760130517,-9.500861743226496,-13.042464991107416,-5.959258495345575,8.014635423814463e-07,1.6883338605879503
Guangzhou,no2,nometeo,2015v2014,D10K,5.067337509354024,-4.566766757864265,14.701441776572313,0.3025876715044269,9,720,0.4754949123640994,-8.019349072596322,-15.92805146137916,-0.1106466838134849,0.1031354819959347,1.5825567288133162
Guangzhou,no2,meteo,2015v2014,D10K,7.987832467185556,-0.1426009427870989,16.118265877158212,0.054155854541924724,9,720,0.14892859999029298,-4.231723132454846,-10.797648834889968,2.334202569980276,0.2271721991461341,0.529771142526961
Wuhan,no2,nometeo,2015v2014,D10K,12.939202564003715,5.0409318244247725,20.837473303582655,0.0013233084497541665,4,320,0.012846540473089835,0.6398838197918439,-6.377366574647654,7.657134214231343,0.8581546268036246,0.049453110933742724
Wuhan,no2,meteo,2015v2014,D10K,3.2334760227002795,-2.5895177546643158,9.056469800064875,0.27643749749841995,4,320,0.37178426926230146,-15.58636073479409,-23.60633981147893,-7.566381658109249,0.0005114536989978,4.820311214733518
Shanghai,no2,nometeo,2015v2014,D10K,0.9687572467463278,-9.356166695247811,11.293681188740468,0.8540937435336076,10,800,0.8540937435336076,-1.1911114186520555,-11.093900183651252,8.71167734634714,0.8581546268036246,1.2295251701626257
Shanghai,no2,meteo,2015v2014,D10K,3.705349040432076,-3.8741836271521755,11.284881708016327,0.33798569932936495,10,800,0.37178426926230146,-7.31310859851397,-16.44873967434927,1.8225224773213269,0.1425814152284918,1.9736625399428491
Nanjing,no2,nometeo,2015v2014,D10K,11.548147101416912,3.796016681397669,19.300277521436158,0.0035036019472063184,5,400,0.012846540473089835,-3.233678969384665,-11.660259189452184,5.192901250682855,0.6214616821951784,0.2800171266425854
Nanjing,no2,meteo,2015v2014,D10K,10.576616865795252,4.4063899093787695,16.746843822211734,0.0007804195294855247,5,400,0.008584614824340772,-14.553787695081152,-24.299143580907742,-4.808431809254556,0.0062740596843093,1.3760343103802937
Beijing,no2,nometeo,2015v2014,D10K,-1.6423602670943236,-18.813325667607884,15.528605133419239,0.851295517790078,13,1040,0.8540937435336076,-7.749028075843197,-17.71321949599092,2.2151633443045267,0.2336562233328105,4.7182267076838365
Beijing,no2,meteo,2015v2014,D10K,5.724475450546436,-5.59567813660926,17.04462903770213,0.32162116172552047,13,1040,0.37178426926230146,-8.593992247892768,-15.93009391227593,-1.2578905835096048,0.0340593330540364,1.5012715701440242
National,no2,nometeo,2016v2015,D10K,7.006247731284345,2.6396184447573185,11.372877017811373,0.00166224160510787,733,58640,0.003656931531237314,-7.104143048678777,-11.778013551803571,-2.430272545553983,0.0106006688552886,1.0139725743577848
National,no2,meteo,2016v2015,D10K,3.5631197289851197,1.1304900469616643,5.995749411008575,0.004094381823006612,733,58640,0.011259550013268182,-6.48432026981524,-10.409137816294177,-2.5595027233363026,0.0029974490666714,1.8198434975582938
Guangdong,no2,nometeo,2016v2015,D10K,12.454947780678301,6.229667906000745,18.680227655355857,8.806906048376346e-05,50,4000,0.0003918273221041492,-3.006608969893951,-8.072169508345064,2.0589515685571627,0.3845309327869626,0.24139876158759854
Guangdong,no2,meteo,2016v2015,D10K,11.61017179222973,6.437562168372985,16.782781416086475,1.0863379229648612e-05,50,4000,5.974858576306736e-05,-1.4276999136181543,-6.168654073108799,3.3132542458724905,0.5550382946484853,0.12296974921367335
Jiangsu,no2,nometeo,2016v2015,D10K,10.188007286211537,0.6063297786374378,19.769684793785636,0.03716100809718975,46,3680,0.058395869867012465,-1.8891959240444596,-11.124962494959,7.346570646870081,0.8414789975242778,0.18543331104614538
Jiangsu,no2,meteo,2016v2015,D10K,-1.129009189558312,-7.8520209459934645,5.59400256687684,0.7420492800529409,46,3680,0.7420492800529409,-7.931460956689253,-16.430671398044318,0.5677494846658133,0.092666659608311,7.02515181456776
BTH,no2,nometeo,2016v2015,D10K,4.235849996220701,-8.098441411454031,16.570141403895434,0.5008887340212733,55,4400,0.5008887340212733,-13.558450672609304,-24.01580726095303,-3.101094084265579,0.0303813200658619,3.2008807405140387
BTH,no2,meteo,2016v2015,D10K,-3.759825085868628,-12.508459141760127,4.988808970022872,0.3996106296868124,55,4400,0.549464615819367,-13.876575394515664,-22.36922819211341,-5.383922596917918,0.0029974490666714,3.6907502550241045
Xinjiang,no2,nometeo,2016v2015,D10K,9.592920228358533,4.8807998001336586,14.305040656583408,6.604860936038125e-05,26,2080,0.0003918273221041492,-13.057722721294049,-16.754513269145082,-9.360932173443013,4.865950844603538e-11,1.3611832904325512
Xinjiang,no2,meteo,2016v2015,D10K,9.506756043518543,4.816332375802262,14.197179711234824,7.111004726875223e-05,26,2080,0.0002607368399854249,-11.03876188372665,-14.473563681615888,-7.603960085837413,3.296782454413884e-09,1.1611491694112197
Jilin,no2,nometeo,2016v2015,D10K,5.1973376569890775,-1.2915690729471736,11.686244386925328,0.116450571823998,16,1280,0.14232847667377532,-14.578694165905876,-19.411118066201333,-9.746270265610418,1.848572382148527e-08,2.8050311771260996
Jilin,no2,meteo,2016v2015,D10K,3.92370466477885,0.37380219781832835,7.473607131739372,0.030284696429452793,16,1280,0.06662633214479614,-9.500861743226496,-13.042464991107416,-5.959258495345575,8.014635423814463e-07,2.421400832868747
Guangzhou,no2,nometeo,2016v2015,D10K,17.23940424016422,8.518544191341869,25.960264288986572,0.00010686199693749524,9,720,0.0003918273221041492,-8.019349072596322,-15.92805146137916,-0.1106466838134849,0.1031354819959347,0.4651755339614875
Guangzhou,no2,meteo,2016v2015,D10K,13.97510736420304,8.112743115948481,19.8374716124576,2.9784978694094644e-06,9,720,3.2763476563504104e-05,-4.231723132454846,-10.797648834889968,2.334202569980276,0.2271721991461341,0.3028043378968465
Wuhan,no2,nometeo,2016v2015,D10K,17.96434867267522,6.9445177059344925,28.98417963941595,0.0013978176157168924,4,320,0.003656931531237314,0.6398838197918439,-6.377366574647654,7.657134214231343,0.8581546268036246,0.03561965042268095
Wuhan,no2,meteo,2016v2015,D10K,6.537377569909767,0.17528982214082145,12.899465317678711,0.0440131663625249,4,320,0.08069080499796231,-15.58636073479409,-23.60633981147893,-7.566381658109249,0.0005114536989978,2.384191607126223
Shanghai,no2,nometeo,2016v2015,D10K,14.046220694568234,2.619162000689009,25.47327938844746,0.01598746935156312,10,800,0.02931036047786572,-1.1911114186520555,-11.093900183651252,8.71167734634714,0.8581546268036246,0.0847994235995926
Shanghai,no2,meteo,2016v2015,D10K,4.645007716549859,-4.44492904942445,13.734944482524169,0.316559828344691,10,800,0.49745115882737156,-7.31310859851397,-16.44873967434927,1.8225224773213269,0.1425814152284918,1.5744018190664875
Nanjing,no2,nometeo,2016v2015,D10K,7.146888132488397,-1.2507773052904687,15.544553570267261,0.0953077514619331,5,400,0.131048158260158,-3.233678969384665,-11.660259189452184,5.192901250682855,0.6214616821951784,0.45245971525494766
Nanjing,no2,meteo,2016v2015,D10K,-1.528809677527634,-6.62244974089665,3.5648303858413826,0.5563542056446549,5,400,0.6795156109286291,-14.553787695081152,-24.299143580907742,-4.808431809254556,0.0062740596843093,9.519685745721663
Beijing,no2,nometeo,2016v2015,D10K,5.944710216804577,-9.430076336766813,21.319496770375967,0.4485549632664484,13,1040,0.49341045959309326,-7.749028075843197,-17.71321949599092,2.2151633443045267,0.2336562233328105,1.3035165370951394
Beijing,no2,meteo,2016v2015,D10K,2.487663739367133,-7.282287060286258,12.257614539020523,0.6177414644805719,13,1040,0.6795156109286291,-8.593992247892768,-15.93009391227593,-1.2578905835096048,0.0340593330540364,3.454643853947519
National,no2,nometeo,2017v2016,D10K,-1.2295158397709387,-6.496369794100348,4.037338114558471,0.6472815386105355,733,58640,0.9670391409199987,-7.104143048678777,-11.778013551803571,-2.430272545553983,0.0106006688552886,5.778000428202937
National,no2,meteo,2017v2016,D10K,2.856594641161469,-0.33372244384277794,6.046911726165716,0.07926916641923706,733,58640,0.14532680510193463,-6.48432026981524,-10.409137816294177,-2.5595027233363026,0.0029974490666714,2.2699476419863216
Guangdong,no2,nometeo,2017v2016,D10K,-2.247933392424736,-9.125406408274053,4.629539623424582,0.5217675492901426,50,4000,0.9670391409199987,-3.006608969893951,-8.072169508345064,2.0589515685571627,0.3845309327869626,1.3374991358844794
Guangdong,no2,meteo,2017v2016,D10K,1.465209347136805,-3.5189698381233923,6.449388532397003,0.5644971579496351,50,4000,0.6209468737445986,-1.4276999136181543,-6.168654073108799,3.3132542458724905,0.5550382946484853,0.9743999493369676
Jiangsu,no2,nometeo,2017v2016,D10K,0.23679104694308872,-10.994542572863665,11.46812466674984,0.9670391409199987,46,3680,0.9670391409199987,-1.8891959240444596,-11.124962494959,7.346570646870081,0.8414789975242778,7.978324976528848
Jiangsu,no2,meteo,2017v2016,D10K,19.05631922506584,10.207905361627425,27.90473308850426,2.4315454848248296e-05,46,3680,0.0001789738704639433,-7.931460956689253,-16.430671398044318,0.5677494846658133,0.092666659608311,0.4162115917042657
BTH,no2,nometeo,2017v2016,D10K,4.273800142426192,-10.033163256195426,18.580763541047812,0.5582225005330611,55,4400,0.9670391409199987,-13.558450672609304,-24.01580726095303,-3.101094084265579,0.0303813200658619,3.1724578175787865
BTH,no2,meteo,2017v2016,D10K,18.886681597405342,9.323541157389878,28.44982203742081,0.00010846891467773097,55,4400,0.0003977193538183469,-13.876575394515664,-22.36922819211341,-5.383922596917918,0.0029974490666714,0.7347280846002101
Xinjiang,no2,nometeo,2017v2016,D10K,-3.7675110257800886,-7.144072459391753,-0.39094959216842406,0.02875017693482094,26,2080,0.3162519462830303,-13.057722721294049,-16.754513269145082,-9.360932173443013,4.865950844603538e-11,3.4658751180669363
Xinjiang,no2,meteo,2017v2016,D10K,-2.013368573519956,-4.939505466254403,0.9127683192144911,0.1774718861709994,26,2080,0.23292144417320093,-11.03876188372665,-14.473563681615888,-7.603960085837413,3.296782454413884e-09,5.482732783708684
Jilin,no2,nometeo,2017v2016,D10K,0.248989709190497,-7.976987309566554,8.474966727947548,0.9526927866312745,16,1280,0.9670391409199987,-14.578694165905876,-19.411118066201333,-9.746270265610418,1.848572382148527e-08,58.55139239811719
Jilin,no2,meteo,2017v2016,D10K,2.382605252300369,-1.185170113846242,5.95038061844698,0.1905720906871644,16,1280,0.23292144417320093,-9.500861743226496,-13.042464991107416,-5.959258495345575,8.014635423814463e-07,3.9875937208035444
Guangzhou,no2,nometeo,2017v2016,D10K,-2.7189382573273564,-12.804686231386658,7.366809716731946,0.5972415643546005,9,720,0.9670391409199987,-8.019349072596322,-15.92805146137916,-0.1106466838134849,0.1031354819959347,2.9494414045573536
Guangzhou,no2,meteo,2017v2016,D10K,0.39599171198396255,-6.747942181297707,7.5399256052656325,0.9134866434984069,9,720,0.9134866434984069,-4.231723132454846,-10.797648834889968,2.334202569980276,0.2271721991461341,10.686393185487248
Wuhan,no2,nometeo,2017v2016,D10K,-4.4639151460843465,-14.322058016927672,5.394227724758979,0.3748091592458439,4,320,0.9670391409199987,0.6398838197918439,-6.377366574647654,7.657134214231343,0.8581546268036246,0.1433458743840901
Wuhan,no2,meteo,2017v2016,D10K,15.757266966359087,6.480615803064101,25.033918129654072,0.0008710093794229007,4,320,0.0019162206347303817,-15.58636073479409,-23.60633981147893,-7.566381658109249,0.0005114536989978,0.9891538150664152
Shanghai,no2,nometeo,2017v2016,D10K,1.5202785241773158,-10.246528419516983,13.287085467871615,0.8000916257487043,10,800,0.9670391409199987,-1.1911114186520555,-11.093900183651252,8.71167734634714,0.8581546268036246,0.7834823683355089
Shanghai,no2,meteo,2017v2016,D10K,8.153398062809028,-1.7688379074064962,18.075634033024553,0.10727543404970646,10,800,0.16857568207811016,-7.31310859851397,-16.44873967434927,1.8225224773213269,0.1425814152284918,0.8969399681185736
Nanjing,no2,nometeo,2017v2016,D10K,0.7121179217384044,-8.847346590127328,10.271582433604136,0.8839177829102599,5,400,0.9670391409199987,-3.233678969384665,-11.660259189452184,5.192901250682855,0.6214616821951784,4.540931874724749
Nanjing,no2,meteo,2017v2016,D10K,17.106573172455292,7.6504418945452315,26.562704450365352,0.00039162472877719894,5,400,0.001076968004137297,-14.553787695081152,-24.299143580907742,-4.808431809254556,0.0062740596843093,0.8507716623523061
Beijing,no2,nometeo,2017v2016,D10K,6.093855499376024,-10.633724144975016,22.82143514372706,0.47521810650080043,13,1040,0.9670391409199987,-7.749028075843197,-17.71321949599092,2.2151633443045267,0.2336562233328105,1.2716133614649467
Beijing,no2,meteo,2017v2016,D10K,20.48869123242112,10.823731291041764,30.15365117380048,3.254070372071696e-05,13,1040,0.0001789738704639433,-8.593992247892768,-15.93009391227593,-1.2578905835096048,0.0340593330540364,0.41945052274953076
National,no2,nometeo,2018v2017,D10K,-1.3339055549797396,-5.919054201857293,3.251243091897813,0.5685486988626757,733,58640,0.6948928541654924,-7.104143048678777,-11.778013551803571,-2.430272545553983,0.0106006688552886,5.3258216236955995
National,no2,meteo,2018v2017,D10K,-6.8519575665038035,-10.513507152321388,-3.190407980686219,0.0002447095278999229,733,58640,0.0005383609613798304,-6.48432026981524,-10.409137816294177,-2.5595027233363026,0.0029974490666714,0.9463456547825427
Guangdong,no2,nometeo,2018v2017,D10K,-0.566516483275116,-6.863788797194121,5.730755830643889,0.860040448495211,50,4000,0.860040448495211,-3.006608969893951,-8.072169508345064,2.0589515685571627,0.3845309327869626,5.307187096326479
Guangdong,no2,meteo,2018v2017,D10K,-5.384429680860804,-12.203931546237145,1.435072184515537,0.12173886922415163,50,4000,0.1673909451832085,-1.4276999136181543,-6.168654073108799,3.3132542458724905,0.5550382946484853,0.26515341424050487
Jiangsu,no2,nometeo,2018v2017,D10K,-17.8972369632766,-29.717229884496895,-6.077244042056305,0.0030005791734276093,46,3680,0.011002123635901235,-1.8891959240444596,-11.124962494959,7.346570646870081,0.8414789975242778,0.1055579656189895
Jiangsu,no2,meteo,2018v2017,D10K,-26.385139476294654,-37.51316746695526,-15.257111485634047,3.3650733409655655e-06,46,3680,3.701580675062122e-05,-7.931460956689253,-16.430671398044318,0.5677494846658133,0.092666659608311,0.300603336352084
BTH,no2,nometeo,2018v2017,D10K,8.501149353494863,-4.141377202384515,21.14367590937424,0.18752757085210425,55,4400,0.2946861827675924,-13.558450672609304,-24.01580726095303,-3.101094084265579,0.0303813200658619,1.594896185071182
BTH,no2,meteo,2018v2017,D10K,-14.777786129195825,-23.754773393996608,-5.800798864395043,0.0012532988271888967,55,4400,0.0019694695855825522,-13.876575394515664,-22.36922819211341,-5.383922596917918,0.0029974490666714,0.9390158494106449
Xinjiang,no2,nometeo,2018v2017,D10K,-2.9207544100662006,-6.422014476627357,0.5805056564949558,0.10204825474914815,26,2080,0.22450616044812594,-13.057722721294049,-16.754513269145082,-9.360932173443013,4.865950844603538e-11,4.470667809758811
Xinjiang,no2,meteo,2018v2017,D10K,-1.7780926486139292,-4.692158765372135,1.1359734681442766,0.23172676144346738,26,2080,0.28322159731979346,-11.03876188372665,-14.473563681615888,-7.603960085837413,3.296782454413884e-09,6.208203994505944
Jilin,no2,nometeo,2018v2017,D10K,4.450554816533124,-4.1091863024638045,13.010295935530053,0.3081724101946529,16,1280,0.42373706401764777,-14.578694165905876,-19.411118066201333,-9.746270265610418,1.848572382148527e-08,3.2757026408815992
Jilin,no2,meteo,2018v2017,D10K,-0.23697266585894755,-3.911867884829546,3.4379225531116506,0.899425827258239,16,1280,0.899425827258239,-9.500861743226496,-13.042464991107416,-5.959258495345575,8.014635423814463e-07,40.092648275652444
Guangzhou,no2,nometeo,2018v2017,D10K,1.022381222655421,-8.842043211748187,10.886805657059028,0.839027890274131,9,720,0.860040448495211,-8.019349072596322,-15.92805146137916,-0.1106466838134849,0.1031354819959347,7.843795342570693
Guangzhou,no2,meteo,2018v2017,D10K,-5.5045196568268935,-15.8269190774907,4.817879763836913,0.2959444922196247,9,720,0.3255389414415872,-4.231723132454846,-10.797648834889968,2.334202569980276,0.2271721991461341,0.7687724626810113
Wuhan,no2,nometeo,2018v2017,D10K,-9.910343782893777,-21.63750938981704,1.8168218240294838,0.09765741291468619,4,320,0.22450616044812594,0.6398838197918439,-6.377366574647654,7.657134214231343,0.8581546268036246,0.0645672676760564
Wuhan,no2,meteo,2018v2017,D10K,-23.178418926100942,-35.728351414434215,-10.628486437767668,0.00029477446375049534,4,320,0.0005404198502092415,-15.58636073479409,-23.60633981147893,-7.566381658109249,0.0005114536989978,0.6724514206291471
Shanghai,no2,nometeo,2018v2017,D10K,-20.4755746792897,-32.320948026951676,-8.630201331627726,0.0007042021436065779,10,800,0.0038731117898361785,-1.1911114186520555,-11.093900183651252,8.71167734634714,0.8581546268036246,0.05817230711755414
Shanghai,no2,meteo,2018v2017,D10K,-21.98935973414975,-32.8771259083355,-11.101593559963998,7.544715219214612e-05,10,800,0.00020747966852840182,-7.31310859851397,-16.44873967434927,1.8225224773213269,0.1425814152284918,0.33257487652797
Nanjing,no2,nometeo,2018v2017,D10K,-19.798364460385272,-31.09988564194708,-8.496843278823466,0.0005957822452685006,5,400,0.0038731117898361785,-3.233678969384665,-11.660259189452184,5.192901250682855,0.6214616821951784,0.16333061126614587
Nanjing,no2,meteo,2018v2017,D10K,-27.39567904072828,-40.53114997711917,-14.260208104337387,4.355738982625156e-05,5,400,0.0001597104293629224,-14.553787695081152,-24.299143580907742,-4.808431809254556,0.0062740596843093,0.5312439116199493
Beijing,no2,nometeo,2018v2017,D10K,10.830695494660537,-4.63476770465328,26.296158693974355,0.16987917941368713,13,1040,0.2946861827675924,-7.749028075843197,-17.71321949599092,2.2151633443045267,0.2336562233328105,0.7154691108861307
Beijing,no2,meteo,2018v2017,D10K,-19.01006221208448,-28.078295810964214,-9.94182861320475,3.978192430424783e-05,13,1040,0.0001597104293629224,-8.593992247892768,-15.93009391227593,-1.2578905835096048,0.0340593330540364,0.4520759665073407
National,so2,nometeo,2014v2013,D10K,-2.4257951496150727,-8.545910303782287,3.6943200045521416,0.4372415205732445,733,58640,0.6012070907882112,1.3297427149080137,-0.2190020719955683,2.878487501811596,0.1675612421375404,0.5481677688732366
National,so2,meteo,2014v2013,D10K,-3.8671497926504195,-8.134375392260143,0.4000758069593031,0.07569886918421109,733,58640,0.2081718902565805,0.7470284859123251,-0.6096772825570287,2.1037342543816786,0.5520020108611476,0.19317288596683396
Guangdong,so2,nometeo,2014v2013,D10K,-5.283438734597627,-8.223748606560891,-2.343128862634362,0.00042853593435312456,50,4000,0.002356947638942185,0.7509026952705272,-0.0925440988185881,1.5943494893596426,0.1675612421375404,0.14212385777341924
Guangdong,so2,meteo,2014v2013,D10K,-1.2914946978047213,-3.5554810484672745,0.972491652857832,0.2635393852193312,50,4000,0.4831555395687739,0.5448565617459571,-0.2227623892485715,1.3124755127404857,0.5520020108611476,0.4218806028953139
Jiangsu,so2,nometeo,2014v2013,D10K,-10.866374663080592,-18.92748600120926,-2.8052633249519214,0.008241060517912166,46,3680,0.030217221899011278,2.4140717130760265,0.3161376288910156,4.512005797261038,0.0663130070563929,0.22215980839295327
Jiangsu,so2,meteo,2014v2013,D10K,-3.110567064537836,-9.46396387387816,3.2428297448024885,0.33726609137691865,46,3680,0.5299895721637293,-0.030441863256031,-1.5943210840473572,1.533437357535295,0.9695665752873752,0.009786596020733606
BTH,so2,nometeo,2014v2013,D10K,-1.7312841345402306,-22.075079736386922,18.612511467306458,0.867530921221178,55,4400,0.867530921221178,2.9277626587095664,-1.1006005098217422,6.956125827240875,0.2121742326565969,1.691093102685354
BTH,so2,meteo,2014v2013,D10K,-16.433774633400372,-29.005327514720925,-3.8622217520798188,0.01040406236354815,55,4400,0.03814822866634322,2.5494469190058138,-1.3764493581561443,6.475343196167772,0.5520020108611476,0.15513459177079506
Xinjiang,so2,nometeo,2014v2013,D10K,2.7572077199543035,-1.1924758422943738,6.706891282202981,0.17124387392630336,26,2080,0.2690975161699053,0.0861937213677725,-1.7665099105160549,1.9388973532516,0.927346533265056,0.03126123604833118
Xinjiang,so2,meteo,2014v2013,D10K,2.3758341989955967,-1.5932284698880466,6.34489686787924,0.24071105240908652,26,2080,0.4831555395687739,0.9271902158239246,-1.2814594411563922,3.135839872804241,0.5646110872559548,0.39025880518762707
Jilin,so2,nometeo,2014v2013,D10K,6.5443453802491955,-1.4804993488869354,14.569190109385326,0.10996037500129215,16,1280,0.20159402083570227,-2.3195745739125915,-5.1371786655937886,0.4980295177686056,0.1675612421375404,0.35443951062134604
Jilin,so2,meteo,2014v2013,D10K,-0.5871248329368053,-4.912126671521549,3.737877005647939,0.7901870284060524,16,1280,0.7901870284060524,-0.1210140130904935,-2.478798115851723,2.2367700896707365,0.9695665752873752,0.20611291892591221
Guangzhou,so2,nometeo,2014v2013,D10K,-3.529831249861077,-6.822351949284519,-0.23731055043763538,0.03562081171913154,9,720,0.07836578578208939,0.3678933880219651,-0.8413221544836363,1.5771089305275665,0.6702345454230054,0.10422407247837817
Guangzhou,so2,meteo,2014v2013,D10K,-0.6594907679938333,-3.6038593595370876,2.284877823549421,0.6606614522338425,9,720,0.7267275974572268,0.4118464797976336,-0.7093137849664969,1.533006744561764,0.5763292179866419,0.624491652931652
Wuhan,so2,nometeo,2014v2013,D10K,-21.486795158899586,-31.1433535934315,-11.830236724367674,1.2940238085407817e-05,4,320,0.00014234261893948598,3.8055037192100887,2.0334018449993247,5.577605593420852,0.0002822429102848,0.17710894952306985
Wuhan,so2,meteo,2014v2013,D10K,-10.4683999433717,-17.492454991702772,-3.444344895040631,0.0034884253841100175,4,320,0.02374643208599338,-1.1468538504369312,-2.29634536042364,0.0026376595497776,0.5520020108611476,0.10955388183875103
Shanghai,so2,nometeo,2014v2013,D10K,-2.5889272064526496,-11.034708361205947,5.856853948300647,0.5479748789251887,10,800,0.6697470742418973,3.0375047608234857,1.1502940933577437,4.924715428289228,0.0088394230251491,1.1732677354746786
Shanghai,so2,meteo,2014v2013,D10K,-1.6198722356053907,-7.721665602319646,4.481921131108866,0.6028398598653157,10,800,0.7267275974572268,0.8118135786314926,-0.7268518313452113,2.3504789886081965,0.5520020108611476,0.5011590178456856
Nanjing,so2,nometeo,2014v2013,D10K,-10.456709975367673,-18.554388356294872,-2.359031594440472,0.011375583117987313,5,400,0.03128285357446511,2.2463216052452606,0.5207305595707132,3.971912650919808,0.0393376886408459,0.2148210680545605
Nanjing,so2,meteo,2014v2013,D10K,-2.335520940537824,-9.13279883746575,4.461756956390101,0.5006694571346648,5,400,0.6884205035601642,-1.0796141438047906,-2.4835316503978677,0.3243033627882858,0.5520020108611476,0.4622583874397534
Beijing,so2,nometeo,2014v2013,D10K,3.5281254348375297,-14.668759404967766,21.725010274642827,0.7039379685405786,13,1040,0.7743317653946364,0.7843849396895535,-2.223765044381445,3.792534923760552,0.6702345454230054,0.22232342760389256
Beijing,so2,meteo,2014v2013,D10K,-14.73538035710066,-24.854869941803692,-4.615890772397627,0.004317533106544251,13,1040,0.02374643208599338,1.1193209065679826,-1.4588059643092453,3.6974477774452095,0.5646110872559548,0.07596145328061424
National,so2,nometeo,2015v2014,D10K,-0.04612507957199807,-4.623400707260284,4.531150548116289,0.9842424032765594,733,58640,0.9842424032765594,1.3297427149080137,-0.2190020719955683,2.878487501811596,0.1675612421375404,28.829060616196376
National,so2,meteo,2015v2014,D10K,-0.446700875491696,-4.51760590724617,3.6242041562627785,0.8297150254889221,733,58640,0.9899932093622836,0.7470284859123251,-0.6096772825570287,2.1037342543816786,0.5520020108611476,1.6723237560035005
Guangdong,so2,nometeo,2015v2014,D10K,1.846282290487209,-0.982832716688907,4.675397297663325,0.20087107978606122,50,4000,0.3682636462744456,0.7509026952705272,-0.0925440988185881,1.5943494893596426,0.1675612421375404,0.40671066344484846
Guangdong,so2,meteo,2015v2014,D10K,1.0232972451524862,-1.2195315584530277,3.266126048758,0.3711938485562969,50,4000,0.5833046191598952,0.5448565617459571,-0.2227623892485715,1.3124755127404857,0.5520020108611476,0.5324518993156925
Jiangsu,so2,nometeo,2015v2014,D10K,6.930385140674481,0.00792097551886517,13.852849305830098,0.04973842910068355,46,3680,0.13678068002687976,2.4140717130760265,0.3161376288910156,4.512005797261038,0.0663130070563929,0.34833153772476827
Jiangsu,so2,meteo,2015v2014,D10K,7.046315391543594,2.165867218632651,11.926763564454536,0.004658211686063932,46,3680,0.012810082136675813,-0.030441863256031,-1.5943210840473572,1.533437357535295,0.9695665752873752,0.0043202527228010275
BTH,so2,nometeo,2015v2014,D10K,2.367998184466199,-15.209099103258339,19.945095472190737,0.7917432051724731,55,4400,0.9842424032765594,2.9277626587095664,-1.1006005098217422,6.956125827240875,0.2121742326565969,1.2363872058329095
BTH,so2,meteo,2015v2014,D10K,5.030446887981637,-8.811090946960526,18.871984722923802,0.4762715398547275,55,4400,0.6548733673002503,2.5494469190058138,-1.3764493581561443,6.475343196167772,0.5520020108611476,0.5068032673392814
Xinjiang,so2,nometeo,2015v2014,D10K,-3.0984191827652956,-6.955386791572721,0.7585484260421294,0.11537223051308913,26,2080,0.2538189071287961,0.0861937213677725,-1.7665099105160549,1.9388973532516,0.927346533265056,0.027818612099750107
Xinjiang,so2,meteo,2015v2014,D10K,0.00019600764089916511,-3.552738620766371,3.5531306360481696,0.9999137271914411,26,2080,0.9999137271914411,0.9271902158239246,-1.2814594411563922,3.135839872804241,0.5646110872559548,4730.377915730906
Jilin,so2,nometeo,2015v2014,D10K,-12.750757372450305,-21.524124042134382,-3.9773907027662307,0.004392443308565891,16,1280,0.0161056254647416,-2.3195745739125915,-5.1371786655937886,0.4980295177686056,0.1675612421375404,0.18191661139473475
Jilin,so2,meteo,2015v2014,D10K,-8.999291616519272,-14.03415070441562,-3.9644325286229254,0.00045964619646666734,16,1280,0.001685369387044447,-0.1210140130904935,-2.478798115851723,2.2367700896707365,0.9695665752873752,0.013447059862840522
Guangzhou,so2,nometeo,2015v2014,D10K,0.1624152785453478,-3.2441932609891775,3.5690238180798732,0.9255506107034474,9,720,0.9842424032765594,0.3678933880219651,-0.8413221544836363,1.5771089305275665,0.6702345454230054,2.2651402707735158
Guangzhou,so2,meteo,2015v2014,D10K,0.19146999696888928,-2.7947387286489875,3.177678722586766,0.8999938266929851,9,720,0.9899932093622836,0.4118464797976336,-0.7093137849664969,1.533006744561764,0.5763292179866419,2.1509713600953986
Wuhan,so2,nometeo,2015v2014,D10K,16.548021263870105,9.148633324722862,23.947409203017347,1.1691030596861859e-05,4,320,0.00012860133656548045,3.8055037192100887,2.0334018449993247,5.577605593420852,0.0002822429102848,0.22996729690689865
Wuhan,so2,meteo,2015v2014,D10K,10.210485395591974,4.877489777137503,15.543481014046444,0.00017506442973198654,4,320,0.000962854363525926,-1.1468538504369312,-2.29634536042364,0.0026376595497776,0.5520020108611476,0.11232118807319835
Shanghai,so2,nometeo,2015v2014,D10K,1.4096122907583164,-5.360966372959874,8.180190954476506,0.6832310360464924,10,800,0.9842424032765594,3.0375047608234857,1.1502940933577437,4.924715428289228,0.0088394230251491,2.1548512174148446
Shanghai,so2,meteo,2015v2014,D10K,4.426564094531588,-1.0904910234489185,9.943619212512093,0.11582048367026593,10,800,0.25480506407458503,0.8118135786314926,-0.7268518313452113,2.3504789886081965,0.5520020108611476,0.18339587122083623
Nanjing,so2,nometeo,2015v2014,D10K,10.906270052921293,4.8576686250602314,16.954871480782355,0.00040928547493686654,5,400,0.002251070112152766,2.2463216052452606,0.5207305595707132,3.971912650919808,0.0393376886408459,0.2059660722084883
Nanjing,so2,meteo,2015v2014,D10K,11.579314025716943,5.593343049812766,17.56528500162112,0.00014981778908656403,5,400,0.000962854363525926,-1.0796141438047906,-2.4835316503978677,0.3243033627882858,0.5520020108611476,0.09323645091643892
Beijing,so2,nometeo,2015v2014,D10K,-0.8716069882342552,-15.916712668451025,14.173498691982514,0.9095973411983143,13,1040,0.9842424032765594,0.7843849396895535,-2.223765044381445,3.792534923760552,0.6702345454230054,0.8999296130915604
Beijing,so2,meteo,2015v2014,D10K,6.676009832621066,-4.457497541115812,17.809517206357945,0.2398916837496271,13,1040,0.43980142020764973,1.1193209065679826,-1.4588059643092453,3.6974477774452095,0.5646110872559548,0.16766316027556333
National,so2,nometeo,2016v2015,D10K,8.091801631071874,3.736463700440483,12.447139561703265,0.0002711323074648675,733,58640,0.0007456138455283857,1.3297427149080137,-0.2190020719955683,2.878487501811596,0.1675612421375404,0.1643320950679151
National,so2,meteo,2016v2015,D10K,5.017431173775765,2.055066450195834,7.979795897355695,0.0009013360175724497,733,58640,0.0024786740483242367,0.7470284859123251,-0.6096772825570287,2.1037342543816786,0.5520020108611476,0.14888664339169483
Guangdong,so2,nometeo,2016v2015,D10K,7.311686763504483,5.097344820179947,9.526028706829019,9.688147825232142e-11,50,4000,1.0656962607755356e-09,0.7509026952705272,-0.0925440988185881,1.5943494893596426,0.1675612421375404,0.10269896941135105
Guangdong,so2,meteo,2016v2015,D10K,3.3812453290798072,1.4558518948703802,5.306638763289234,0.0005775246400324902,50,4000,0.0021175903467857975,0.5448565617459571,-0.2227623892485715,1.3124755127404857,0.5520020108611476,0.1611407953927548
Jiangsu,so2,nometeo,2016v2015,D10K,8.669493811990307,2.332111237334921,15.006876386645693,0.007335500898352986,46,3680,0.010086313735235355,2.4140717130760265,0.3161376288910156,4.512005797261038,0.0663130070563929,0.27845590128194736
Jiangsu,so2,meteo,2016v2015,D10K,1.8013078289479427,-2.6662305160365882,6.268846173932474,0.42937834449854195,46,3680,0.47231617894839617,-0.030441863256031,-1.5943210840473572,1.533437357535295,0.9695665752873752,0.016899867289096628
BTH,so2,nometeo,2016v2015,D10K,11.324347663840028,-2.535465480126735,25.18416080780679,0.109285018184827,55,4400,0.1335705777814552,2.9277626587095664,-1.1006005098217422,6.956125827240875,0.2121742326565969,0.25853698116830665
BTH,so2,meteo,2016v2015,D10K,5.354601164600197,-4.856410113863648,15.565612443064042,0.3040463103417258,55,4400,0.3716121570843315,2.5494469190058138,-1.3764493581561443,6.475343196167772,0.5520020108611476,0.4761226542623682
Xinjiang,so2,nometeo,2016v2015,D10K,6.918086739269293,3.8834935504663846,9.9526799280722,7.887670456168418e-06,26,2080,2.8921458339284203e-05,0.0861937213677725,-1.7665099105160549,1.9388973532516,0.927346533265056,0.012459184831914454
Xinjiang,so2,meteo,2016v2015,D10K,7.148145914173262,4.177153599131333,10.119138229215192,2.4096076993276906e-06,26,2080,2.6505684692604596e-05,0.9271902158239246,-1.2814594411563922,3.135839872804241,0.5646110872559548,0.12971058886549902
Jilin,so2,nometeo,2016v2015,D10K,4.228379174226559,-3.739430639428785,12.196188987881904,0.2982845871435914,16,1280,0.2982845871435914,-2.3195745739125915,-5.1371786655937886,0.4980295177686056,0.1675612421375404,0.5485729823028183
Jilin,so2,meteo,2016v2015,D10K,3.635353419942,-0.6588390617069808,7.929545901590981,0.09706435193892654,16,1280,0.133463483916024,-0.1210140130904935,-2.478798115851723,2.2367700896707365,0.9695665752873752,0.033288101351208986
Guangzhou,so2,nometeo,2016v2015,D10K,9.789792804860161,6.604732126572661,12.974853483147662,1.698825546303083e-09,9,720,9.343540504666956e-09,0.3678933880219651,-0.8413221544836363,1.5771089305275665,0.6702345454230054,0.03757928235614177
Guangzhou,so2,meteo,2016v2015,D10K,4.112946606811462,1.5389925898636454,6.686900623759279,0.001737110520440775,9,720,0.003821643144969705,0.4118464797976336,-0.7093137849664969,1.533006744561764,0.5763292179866419,0.10013416637006022
Wuhan,so2,nometeo,2016v2015,D10K,12.384445726983541,5.4395228238915685,19.329368630075514,0.0004739180327482116,4,320,0.0010426196720460656,3.8055037192100887,2.0334018449993247,5.577605593420852,0.0002822429102848,0.30728090728506013
Wuhan,so2,meteo,2016v2015,D10K,6.944431478925187,3.003648160471372,10.885214797379003,0.0005526648816806977,4,320,0.0021175903467857975,-1.1468538504369312,-2.29634536042364,0.0026376595497776,0.5520020108611476,0.16514726279860042
Shanghai,so2,nometeo,2016v2015,D10K,8.001386156685673,3.184935215286602,12.817837098084743,0.001129884281484012,10,800,0.002071454516054022,3.0375047608234857,1.1502940933577437,4.924715428289228,0.0088394230251491,0.37962231810115243
Shanghai,so2,meteo,2016v2015,D10K,3.8529176468539372,0.29737323960548645,7.4084620541023884,0.03367946952759935,10,800,0.06174569413393215,0.8118135786314926,-0.7268518313452113,2.3504789886081965,0.5520020108611476,0.21070099416590726
Nanjing,so2,nometeo,2016v2015,D10K,7.302209769248706,1.9781676548922489,12.626251883605164,0.007183923817101537,5,400,0.010086313735235355,2.2463216052452606,0.5207305595707132,3.971912650919808,0.0393376886408459,0.3076221686625657
Nanjing,so2,meteo,2016v2015,D10K,1.0513673118522466,-2.7454986505264625,4.848233274230956,0.587321337498234,5,400,0.587321337498234,-1.0796141438047906,-2.4835316503978677,0.3243033627882858,0.5520020108611476,1.0268667587760363
Beijing,so2,nometeo,2016v2015,D10K,8.852126743047194,-2.9363103460278097,20.640563832122197,0.14108342022346457,13,1040,0.15519176224581102,0.7843849396895535,-2.223765044381445,3.792534923760552,0.6702345454230054,0.08860977282161488
Beijing,so2,meteo,2016v2015,D10K,7.301089487494318,-0.5822369849572624,15.184415959945898,0.06949204499089301,13,1040,0.10920178498568901,1.1193209065679826,-1.4588059643092453,3.6974477774452095,0.5646110872559548,0.1533087504933631
National,so2,nometeo,2017v2016,D10K,2.3914848988803596,-2.0557978147480442,6.8387676125087635,0.2919047124291978,733,58640,0.5351586394535294,1.3297427149080137,-0.2190020719955683,2.878487501811596,0.1675612421375404,0.5560322440382416
National,so2,meteo,2017v2016,D10K,5.145404689198057,2.284914496565883,8.00589488183023,0.00042260066796242596,733,58640,0.0009297214695173371,0.7470284859123251,-0.6096772825570287,2.1037342543816786,0.5520020108611476,0.14518362131565477
Guangdong,so2,nometeo,2017v2016,D10K,0.2867461490602421,-1.7444295744968106,2.317921872617295,0.7820158395924715,50,4000,0.9296688462638071,0.7509026952705272,-0.0925440988185881,1.5943494893596426,0.1675612421375404,2.6187019345559586
Guangdong,so2,meteo,2017v2016,D10K,0.8449699240247308,-0.6376155683115898,2.3275554163610517,0.2639762651020021,50,4000,0.29037389161220234,0.5448565617459571,-0.2227623892485715,1.3124755127404857,0.5520020108611476,0.64482361591134
Jiangsu,so2,nometeo,2017v2016,D10K,1.4240639735619471,-3.9816340725202464,6.82976201964414,0.6056252349476294,46,3680,0.9296688462638071,2.4140717130760265,0.3161376288910156,4.512005797261038,0.0663130070563929,1.6951989221648642
Jiangsu,so2,meteo,2017v2016,D10K,9.078807852183797,5.567226317604898,12.590389386762695,4.03558862062217e-07,46,3680,2.2195737413421935e-06,-0.030441863256031,-1.5943210840473572,1.533437357535295,0.9695665752873752,0.003353068349024325
BTH,so2,nometeo,2017v2016,D10K,10.533291481525747,-2.8501773363165057,23.916760299368,0.12293633081070195,55,4400,0.41392271369109673,2.9277626587095664,-1.1006005098217422,6.956125827240875,0.2121742326565969,0.27795325552744315
BTH,so2,meteo,2017v2016,D10K,16.621776795491385,7.115237775802605,26.128315815180166,0.0006104842195779231,55,4400,0.0011192210692261924,2.5494469190058138,-1.3764493581561443,6.475343196167772,0.5520020108611476,0.15337992745139886
Xinjiang,so2,nometeo,2017v2016,D10K,-3.067420748699254,-4.988964677784335,-1.145876819614173,0.0017555047431147,26,2080,0.0193105521742617,0.0861937213677725,-1.7665099105160549,1.9388973532516,0.927346533265056,0.028099738649913976
Xinjiang,so2,meteo,2017v2016,D10K,-3.3232630385613606,-5.430202647295813,-1.2163234298269083,0.0019918871628440142,26,2080,0.0027388448489105194,0.9271902158239246,-1.2814594411563922,3.135839872804241,0.5646110872559548,0.27899994826329033
Jilin,so2,nometeo,2017v2016,D10K,8.131998958672412,-0.6109463023007624,16.874944219645585,0.06830276949795787,16,1280,0.37566523223876824,-2.3195745739125915,-5.1371786655937886,0.4980295177686056,0.1675612421375404,0.28524039239317284
Jilin,so2,meteo,2017v2016,D10K,10.430643863186951,6.66351035085259,14.197777375521312,5.735577334776885e-08,16,1280,6.309135068254574e-07,-0.1210140130904935,-2.478798115851723,2.2367700896707365,0.9695665752873752,0.0116017778650837
Guangzhou,so2,nometeo,2017v2016,D10K,0.27061681057463355,-2.445119197440334,2.986352818589601,0.845153496603461,9,720,0.9296688462638071,0.3678933880219651,-0.8413221544836363,1.5771089305275665,0.6702345454230054,1.3594624341361956
Guangzhou,so2,meteo,2017v2016,D10K,0.2888282164646885,-1.8319832339881605,2.4096396669175375,0.7895286118739993,9,720,0.7895286118739993,0.4118464797976336,-0.7093137849664969,1.533006744561764,0.5763292179866419,1.4259219020866858
Wuhan,so2,nometeo,2017v2016,D10K,-0.1351765119093291,-5.235162456699516,4.964809432880857,0.9585690298381642,4,320,0.9585690298381642,3.8055037192100887,2.0334018449993247,5.577605593420852,0.0002822429102848,28.152107680975416
Wuhan,so2,meteo,2017v2016,D10K,6.801696436215853,3.8612231736735336,9.742169698758174,5.7972740863982696e-06,4,320,1.594250373759524e-05,-1.1468538504369312,-2.29634536042364,0.0026376595497776,0.5520020108611476,0.16861291314479587
Shanghai,so2,nometeo,2017v2016,D10K,0.6948712273083554,-2.79184386759733,4.181586322214041,0.6960904526815093,10,800,0.9296688462638071,3.0375047608234857,1.1502940933577437,4.924715428289228,0.0088394230251491,4.371320384914378
Shanghai,so2,meteo,2017v2016,D10K,2.4891174683693915,-0.054448989798361325,5.032683926537144,0.0551100079319877,10,800,0.0673566763613183,0.8118135786314926,-0.7268518313452113,2.3504789886081965,0.5520020108611476,0.32614514539697786
Nanjing,so2,nometeo,2017v2016,D10K,2.1714926901052225,-1.6212990231675546,5.964284403378,0.2618024511841984,5,400,0.5351586394535294,2.2463216052452606,0.5207305595707132,3.971912650919808,0.0393376886408459,1.0344596670672708
Nanjing,so2,meteo,2017v2016,D10K,6.820703171752527,4.077120071195724,9.56428627230933,1.1014933038184247e-06,5,400,4.038808780667558e-06,-1.0796141438047906,-2.4835316503978677,0.3243033627882858,0.5520020108611476,0.15828487424521542
Beijing,so2,nometeo,2017v2016,D10K,8.339402629249044,-3.029349547668385,19.708154806166473,0.15051735043312608,13,1040,0.41392271369109673,0.7843849396895535,-2.223765044381445,3.792534923760552,0.6702345454230054,0.09405768908895897
Beijing,so2,meteo,2017v2016,D10K,10.79213249703954,4.117184242724647,17.467080751354434,0.0015302117429264633,13,1040,0.0024046184531701566,1.1193209065679826,-1.4588059643092453,3.6974477774452095,0.5646110872559548,0.10371637921189632
National,so2,nometeo,2018v2017,D10K,-1.5266147259669467,-4.598216485705832,1.5449870337719382,0.3299967702673111,733,58640,0.5185663532772032,1.3297427149080137,-0.2190020719955683,2.878487501811596,0.1675612421375404,0.8710401467310387
National,so2,meteo,2018v2017,D10K,-2.6879058549621444,-5.315947429291634,-0.05986428063265503,0.04500474659549503,733,58640,0.08250870209174088,0.7470284859123251,-0.6096772825570287,2.1037342543816786,0.5520020108611476,0.27792211715050785
Guangdong,so2,nometeo,2018v2017,D10K,-2.667175363781781,-4.484798201803418,-0.8495525257601444,0.004026904881237459,50,4000,0.00885919073872241,0.7509026952705272,-0.0925440988185881,1.5943494893596426,0.1675612421375404,0.2815348047478304
Guangdong,so2,meteo,2018v2017,D10K,-0.988222817611831,-2.7033103366171125,0.7268647013934507,0.2587632371450568,50,4000,0.35579945107445304,0.5448565617459571,-0.2227623892485715,1.3124755127404857,0.5520020108611476,0.5513499101980602
Jiangsu,so2,nometeo,2018v2017,D10K,-7.576406447995286,-11.587974528558663,-3.564838367431909,0.00021418874780911926,46,3680,0.001178038112950156,2.4140717130760265,0.3161376288910156,4.512005797261038,0.0663130070563929,0.3186301750897735
Jiangsu,so2,meteo,2018v2017,D10K,-6.073757585209073,-9.677729256308758,-2.4697859141093863,0.0009561591479216329,46,3680,0.00262943765678449,-0.030441863256031,-1.5943210840473572,1.533437357535295,0.9695665752873752,0.005012031321461296
BTH,so2,nometeo,2018v2017,D10K,0.30768903732383723,-9.422572551924432,10.037950626572105,0.9505805744798725,55,4400,0.9505805744798725,2.9277626587095664,-1.1006005098217422,6.956125827240875,0.2121742326565969,9.515329776368173
BTH,so2,meteo,2018v2017,D10K,-8.592714183450472,-16.587747026305117,-0.5976813405958277,0.03516231450212906,55,4400,0.07735709190468394,2.5494469190058138,-1.3764493581561443,6.475343196167772,0.5520020108611476,0.296698675712505
Xinjiang,so2,nometeo,2018v2017,D10K,-0.6750112801462888,-2.455954526947099,1.1059319666545213,0.45756430388474356,26,2080,0.6291509178415223,0.0861937213677725,-1.7665099105160549,1.9388973532516,0.927346533265056,0.12769226811897508
Xinjiang,so2,meteo,2018v2017,D10K,-0.13386088514866232,-1.8243589327004979,1.5566371624031734,0.8766649461597019,26,2080,0.9143232320424468,0.9271902158239246,-1.2814594411563922,3.135839872804241,0.5646110872559548,6.9265208787033785
Jilin,so2,nometeo,2018v2017,D10K,2.596450807877869,-5.3010919328795225,10.493993548635261,0.5193346751772605,16,1280,0.6347423807722072,-2.3195745739125915,-5.1371786655937886,0.4980295177686056,0.1675612421375404,0.8933635741816446
Jilin,so2,meteo,2018v2017,D10K,-0.2436822648946919,-4.68295493440523,4.195590404615847,0.9143232320424468,16,1280,0.9143232320424468,-0.1210140130904935,-2.478798115851723,2.2367700896707365,0.9695665752873752,0.4966057465970702
Guangzhou,so2,nometeo,2018v2017,D10K,-2.0645876886270926,-4.50348121835459,0.37430584110040543,0.09708331397290663,9,720,0.1779860756169955,0.3678933880219651,-0.8413221544836363,1.5771089305275665,0.6702345454230054,0.1781921833829235
Guangzhou,so2,meteo,2018v2017,D10K,-0.29744028538853007,-2.9152475879445845,2.3203670171675244,0.8237729972372202,9,720,0.9143232320424468,0.4118464797976336,-0.7093137849664969,1.533006744561764,0.5763292179866419,1.3846358413073097
Wuhan,so2,nometeo,2018v2017,D10K,-5.8622807689950935,-9.488873997754885,-2.2356875402353023,0.0015337337647272722,4,320,0.004217767852999999,3.8055037192100887,2.0334018449993247,5.577605593420852,0.0002822429102848,0.6491507092831421
Wuhan,so2,meteo,2018v2017,D10K,-6.2885225154552185,-9.247468256729032,-3.3295767741814046,3.1076797713112104e-05,4,320,0.00024283520641596676,-1.1468538504369312,-2.29634536042364,0.0026376595497776,0.5520020108611476,0.18237254420546697
Shanghai,so2,nometeo,2018v2017,D10K,-5.350350261049922,-8.518768856488919,-2.181931665610925,0.0009339824839685461,10,800,0.003424602441218003,3.0375047608234857,1.1502940933577437,4.924715428289228,0.0088394230251491,0.5677207309091991
Shanghai,so2,meteo,2018v2017,D10K,-2.613543669150625,-5.485973296401662,0.2588859581004117,0.07453477917336038,10,800,0.11712608155813774,0.8118135786314926,-0.7268518313452113,2.3504789886081965,0.5520020108611476,0.3106179507210315
Nanjing,so2,nometeo,2018v2017,D10K,-7.34552784992505,-10.798531098151443,-3.892524601698658,3.0539548161756445e-05,5,400,0.00033593502977932087,2.2463216052452606,0.5207305595707132,3.971912650919808,0.0393376886408459,0.30580805779235876
Nanjing,so2,meteo,2018v2017,D10K,-5.077718198558946,-8.023453729996053,-2.13198266712184,0.0007288447516556532,5,400,0.00262943765678449,-1.0796141438047906,-2.4835316503978677,0.3243033627882858,0.5520020108611476,0.2126179716139396
Beijing,so2,nometeo,2018v2017,D10K,-1.2864570733340868,-9.941402205807606,7.368488059139433,0.7708020938963052,13,1040,0.8478823032859357,0.7843849396895535,-2.223765044381445,3.792534923760552,0.6702345454230054,0.6097249227731149
Beijing,so2,meteo,2018v2017,D10K,-11.733858299345375,-17.364253304516794,-6.103463294173958,4.415185571199396e-05,13,1040,0.00024283520641596676,1.1193209065679826,-1.4588059643092453,3.6974477774452095,0.5646110872559548,0.095392400181825
National,co,nometeo,2014v2013,D10K,0.12199741665489124,-0.03239790487815415,0.27639273818793664,0.12145617739064446,733,58640,0.28320398100418775,-0.1035797459138605,-0.1861489884501544,-0.0210105033775666,0.0766936961449352,0.8490322889940284
National,co,meteo,2014v2013,D10K,-0.03986830933130397,-0.13772778061090268,0.05799116194829474,0.42458239316632773,733,58640,0.5838007906037006,-0.033867237585704,-0.1038594710938329,0.0361249959224248,0.4191499862339864,0.849477646625762
Guangdong,co,nometeo,2014v2013,D10K,0.06599233344265137,-0.04342099304017964,0.1754056599254824,0.23714751899700548,50,4000,0.37266038699529436,-0.0169236652078478,-0.1132883227035229,0.0794409922878272,0.8202054502659599,0.2564489589166413
Guangdong,co,meteo,2014v2013,D10K,-0.000420438526948258,-0.10473522663026191,0.1038943495763654,0.993697102257777,50,4000,0.993697102257777,-0.0800668800443547,-0.1610794899087831,0.0009457298200736,0.1450215801436274,190.43659158811644
Jiangsu,co,nometeo,2014v2013,D10K,0.1187480116864548,-0.18440678645405453,0.42190280982696415,0.44264605488967157,46,3680,0.6086383254732984,-0.1077653303279399,-0.2747780030933882,0.0592473424375082,0.468444145790928,0.9075127136653552
Jiangsu,co,meteo,2014v2013,D10K,0.0715718871944474,-0.16088056330553355,0.3040243376944284,0.5461953778766893,46,3680,0.6492445775852476,-0.2277667291223948,-0.3542470677742813,-0.1012863904705083,0.0022897487517354,3.182349076580799
BTH,co,nometeo,2014v2013,D10K,0.03429839677742227,-0.6675948656415162,0.7361916591963608,0.9236995049144647,55,4400,0.9236995049144647,-0.1088983726035286,-0.4383111960571494,0.2205144508500922,0.7109153795815146,3.1750280723095936
BTH,co,meteo,2014v2013,D10K,-0.49571739378221125,-0.9318973062369396,-0.05953748132748293,0.025914260995082285,55,4400,0.28505687094590515,0.0160333041117594,-0.2071022667394142,0.2391688749629331,0.8880024151766164,0.03234363835698587
Xinjiang,co,nometeo,2014v2013,D10K,-0.15322579320954266,-0.364137131868916,0.05768554544983068,0.15447489872955694,26,2080,0.28320398100418775,-0.0271333365427029,-0.1910719406636705,0.1368052675782646,0.8202054502659599,0.17708073800340476
Xinjiang,co,meteo,2014v2013,D10K,-0.16085719668141327,-0.3864861038787179,0.06477171051589137,0.16231932576050767,26,2080,0.4283760995366479,0.0823217639091405,-0.0706223828531947,0.2352659106714758,0.4007442884078003,0.5117692313896492
Jilin,co,nometeo,2014v2013,D10K,0.370105553207287,0.12276044323591237,0.6174506631786616,0.0033600850454853014,16,1280,0.03696093550033831,-0.2388743132330605,-0.4131829418819943,-0.0645656845841268,0.0766936961449352,0.6454221266419985
Jilin,co,meteo,2014v2013,D10K,0.14392742569842254,-0.0028450487206611863,0.29069990011750624,0.05460929429617409,16,1280,0.30035111862895747,-0.1053484745858267,-0.2440393985317368,0.0333424493600832,0.250336752466359,0.7319555260202318
Guangzhou,co,nometeo,2014v2013,D10K,0.017413648267301973,-0.14165645125636459,0.1764837477909685,0.8301101727093797,9,720,0.9131211899803177,-0.0609913486596768,-0.1569655916964993,0.0349828943771455,0.468444145790928,3.502502618833856
Guangzhou,co,meteo,2014v2013,D10K,-0.08212648716859536,-0.2317103563535052,0.06745738201631449,0.28188924600328635,9,720,0.44296881514802144,-0.0624372940943577,-0.1584824706761994,0.0336078824874838,0.3183940118597414,0.7602576981794166
Wuhan,co,nometeo,2014v2013,D10K,0.10693190825376468,-0.20568711153439007,0.41955092804191946,0.5025969266004748,4,320,0.6142851325116915,0.1215820696588444,-0.0172044740992738,0.2603686134169626,0.3152570505381797,1.1370045821151231
Wuhan,co,meteo,2014v2013,D10K,0.2003978912287099,-0.05947107639567209,0.46026685885309193,0.1306800127580072,4,320,0.4283760995366479,-0.0456716411376154,-0.186725703077068,0.095382420801837,0.578248777867912,0.22790479908539213
Shanghai,co,nometeo,2014v2013,D10K,0.23346219533368182,-0.04966992612199336,0.516594316789357,0.10606683593382597,10,800,0.28320398100418775,-0.019862357620853,-0.1925648037097494,0.1528400884680433,0.821657417827736,0.08507740446997947
Shanghai,co,meteo,2014v2013,D10K,0.14098954739329644,-0.09103231972573514,0.373011414512328,0.2336596906563534,10,800,0.4283760995366479,-0.1661901400753949,-0.306230374728327,-0.0261499054224628,0.073410986273182,1.1787408580850345
Nanjing,co,nometeo,2014v2013,D10K,0.2592417088861391,-0.04556708964173911,0.5640505074140174,0.09552213843422404,5,400,0.28320398100418775,-0.0744543981964962,-0.2386087859531829,0.0896999895601904,0.587746453596887,0.28720069203523546
Nanjing,co,meteo,2014v2013,D10K,0.1441348042654037,-0.07475281058805411,0.3630224191188615,0.19683818482676763,5,400,0.4283760995366479,-0.2736203274394991,-0.4071732072473115,-0.1400674476316866,0.0006524277686648,1.8983640268846258
Beijing,co,nometeo,2014v2013,D10K,0.6855267813167149,-0.19950792750174884,1.5705614901351785,0.12897876496765756,13,1040,0.28320398100418775,0.1494384600017809,-0.1795183789634731,0.478395298967035,0.587746453596887,0.21799069573146262
Beijing,co,meteo,2014v2013,D10K,-0.1668887496215558,-0.7742936219460175,0.4405161227029058,0.590222343259316,13,1040,0.6492445775852476,0.1718534074631802,-0.0308535993359413,0.3745604142623018,0.2124860405888093,1.0297483074975544
National,co,nometeo,2015v2014,D10K,-0.061476076347369825,-0.17881864378473092,0.055866491089991276,0.3045004118750523,733,58640,0.5948831861352564,-0.1035797459138605,-0.1861489884501544,-0.0210105033775666,0.0766936961449352,1.6848789328808886
National,co,meteo,2015v2014,D10K,-0.04932358708009834,-0.1355097167420564,0.036862542581859704,0.2620024893247431,733,58640,0.48033789709536245,-0.033867237585704,-0.1038594710938329,0.0361249959224248,0.4191499862339864,0.6866337099673181
Guangdong,co,nometeo,2015v2014,D10K,-0.156699300717821,-0.2574717717046998,-0.05592682973094222,0.002305944886677225,50,4000,0.016160039362751396,-0.0169236652078478,-0.1132883227035229,0.0794409922878272,0.8202054502659599,0.1080008980915836
Guangdong,co,meteo,2015v2014,D10K,-0.1423169295896358,-0.24228215968978853,-0.04235169948948306,0.005265422008180529,50,4000,0.02895982104499291,-0.0800668800443547,-0.1610794899087831,0.0009457298200736,0.1450215801436274,0.5625956116058981
Jiangsu,co,nometeo,2015v2014,D10K,-0.030812900390531556,-0.28090629743647877,0.21928049665541569,0.8091842884152043,46,3680,0.8091842884152043,-0.1077653303279399,-0.2747780030933882,0.0592473424375082,0.468444145790928,3.4974094928452413
Jiangsu,co,meteo,2015v2014,D10K,-0.019849629144210873,-0.21288760507706392,0.17318834678864217,0.840277633159429,46,3680,0.924305396475372,-0.2277667291223948,-0.3542470677742813,-0.1012863904705083,0.0022897487517354,11.474608793324622
BTH,co,nometeo,2015v2014,D10K,0.10249860972355807,-0.4529921298617886,0.6579893493089047,0.7176131144598451,55,4400,0.7893744259058296,-0.1088983726035286,-0.4383111960571494,0.2205144508500922,0.7109153795815146,1.0624375579066965
BTH,co,meteo,2015v2014,D10K,0.23289484675777128,-0.16237864005215735,0.6281683335677,0.24816851415384544,55,4400,0.48033789709536245,0.0160333041117594,-0.2071022667394142,0.2391688749629331,0.8880024151766164,0.06884353318661138
Xinjiang,co,nometeo,2015v2014,D10K,-0.17187485237530814,-0.346759672295723,0.0030099675451067676,0.05407556595469551,26,2080,0.19827707516721688,-0.0271333365427029,-0.1910719406636705,0.1368052675782646,0.8202054502659599,0.15786682093232696
Xinjiang,co,meteo,2015v2014,D10K,0.0049595877537892226,-0.19219090069468509,0.2021100762022635,0.9606757961947435,26,2080,0.9606757961947435,0.0823217639091405,-0.0706223828531947,0.2352659106714758,0.4007442884078003,16.59850939148018
Jilin,co,nometeo,2015v2014,D10K,-0.36916108891734684,-0.6124396325494299,-0.12588254528526374,0.0029381889750457082,16,1280,0.016160039362751396,-0.2388743132330605,-0.4131829418819943,-0.0645656845841268,0.0766936961449352,0.6470733790866652
Jilin,co,meteo,2015v2014,D10K,-0.25602602391500184,-0.4089110782963038,-0.10314096953369986,0.0010299464250224063,16,1280,0.011329410675246468,-0.1053484745858267,-0.2440393985317368,0.0333424493600832,0.250336752466359,0.4114756499159686
Guangzhou,co,nometeo,2015v2014,D10K,-0.08898486285812518,-0.22465110653416656,0.0466813808179162,0.198596586600031,9,720,0.5461406131500852,-0.0609913486596768,-0.1569655916964993,0.0349828943771455,0.468444145790928,0.6854126275040688
Guangzhou,co,meteo,2015v2014,D10K,-0.08853629193517204,-0.19116395962642446,0.014091375756080396,0.09086554494451915,9,720,0.33317366479657023,-0.0624372940943577,-0.1584824706761994,0.0336078824874838,0.3183940118597414,0.7052169537445218
Wuhan,co,nometeo,2015v2014,D10K,0.12240235967781082,-0.12108358201704314,0.3658883013726648,0.324481737891958,4,320,0.5948831861352564,0.1215820696588444,-0.0172044740992738,0.2603686134169626,0.3152570505381797,0.9932984133547293
Wuhan,co,meteo,2015v2014,D10K,-0.06694238254194042,-0.23113134306469196,0.09724657798081111,0.4242279785826155,4,320,0.6666439663441102,-0.0456716411376154,-0.186725703077068,0.095382420801837,0.578248777867912,0.6822529973294784
Shanghai,co,nometeo,2015v2014,D10K,-0.06698204192603416,-0.28132567108107165,0.14736158722900333,0.5402165117329596,10,800,0.7223985020179027,-0.019862357620853,-0.1925648037097494,0.1528400884680433,0.821657417827736,0.29653257872888206
Shanghai,co,meteo,2015v2014,D10K,0.056608156033478955,-0.12057848782092209,0.23379479988788002,0.5311997916925264,10,800,0.7303997135772238,-0.1661901400753949,-0.306230374728327,-0.0261499054224628,0.073410986273182,2.935798508912875
Nanjing,co,nometeo,2015v2014,D10K,-0.08365496992234928,-0.34139930833398496,0.1740893684892864,0.524687085828557,5,400,0.7223985020179027,-0.0744543981964962,-0.2386087859531829,0.0896999895601904,0.587746453596887,0.8900176315358993
Nanjing,co,meteo,2015v2014,D10K,-0.11970564951953996,-0.32457211209804526,0.08516081305896536,0.2521148182470676,5,400,0.48033789709536245,-0.2736203274394991,-0.4071732072473115,-0.1400674476316866,0.0006524277686648,2.2857762230748775
Beijing,co,nometeo,2015v2014,D10K,-0.1824402861715107,-0.8479336094241363,0.48305303708111486,0.5910533198328295,13,1040,0.7223985020179027,0.1494384600017809,-0.1795183789634731,0.478395298967035,0.587746453596887,0.8191088883805793
Beijing,co,meteo,2015v2014,D10K,0.1054181170217344,-0.3469235323160579,0.5577597663595267,0.6478369787954034,13,1040,0.7918007518610485,0.1718534074631802,-0.0308535993359413,0.3745604142623018,0.2124860405888093,1.6302075233211444
National,co,nometeo,2016v2015,D10K,0.15544474662542299,0.03168761953183369,0.2792018737190123,0.013823920971529399,733,58640,0.030412626137364677,-0.1035797459138605,-0.1861489884501544,-0.0210105033775666,0.0766936961449352,0.6663444610544338
National,co,meteo,2016v2015,D10K,0.11132573799436546,0.04072633680270875,0.18192513918602216,0.0019975321784986193,733,58640,0.005493213490871203,-0.033867237585704,-0.1038594710938329,0.0361249959224248,0.4191499862339864,0.30421749898858186
Guangdong,co,nometeo,2016v2015,D10K,0.15783981484288961,0.052969499767103176,0.26271012991867604,0.003178433454477697,50,4000,0.017481383999627332,-0.0169236652078478,-0.1132883227035229,0.0794409922878272,0.8202054502659599,0.1072205084926972
Guangdong,co,meteo,2016v2015,D10K,0.21005629494105268,0.10137104057112349,0.31874154931098186,0.00015184781825071622,50,4000,0.0008351630003789392,-0.0800668800443547,-0.1610794899087831,0.0009457298200736,0.1450215801436274,0.38116867702928664
Jiangsu,co,nometeo,2016v2015,D10K,0.22918585393727736,0.035417570994632275,0.42295413687992245,0.020437785151179177,46,3680,0.037469272777161826,-0.1077653303279399,-0.2747780030933882,0.0592473424375082,0.468444145790928,0.47020934528285796
Jiangsu,co,meteo,2016v2015,D10K,-0.03354534451166383,-0.1795212024445436,0.11243051342121593,0.6524213502059395,46,3680,0.8111793986065925,-0.2277667291223948,-0.3542470677742813,-0.1012863904705083,0.0022897487517354,6.789816364628467
BTH,co,nometeo,2016v2015,D10K,0.2158342058824695,-0.2783335245110067,0.7100019362759457,0.39197573712396117,55,4400,0.4306798047759707,-0.1088983726035286,-0.4383111960571494,0.2205144508500922,0.7109153795815146,0.5045464047660184
BTH,co,meteo,2016v2015,D10K,-0.053505163630300584,-0.35044970141378384,0.2434393741531827,0.7239703598595557,55,4400,0.8111793986065925,0.0160333041117594,-0.2071022667394142,0.2391688749629331,0.8880024151766164,0.29965900529794015
Xinjiang,co,nometeo,2016v2015,D10K,0.4210265148650111,0.2151461020842848,0.6269069276457373,6.119973535566844e-05,26,2080,0.0006731970889123528,-0.0271333365427029,-0.1910719406636705,0.1368052675782646,0.8202054502659599,0.06444567167320175
Xinjiang,co,meteo,2016v2015,D10K,0.4158510718535625,0.20440831314838215,0.6272938305587429,0.00011586105142086906,26,2080,0.0008351630003789392,0.0823217639091405,-0.0706223828531947,0.2352659106714758,0.4007442884078003,0.19795972520212532
Jilin,co,nometeo,2016v2015,D10K,0.18994547552964602,-0.046129673973609286,0.42602062503290133,0.11479963797481757,16,1280,0.15784950221537417,-0.2388743132330605,-0.4131829418819943,-0.0645656845841268,0.0766936961449352,1.2575941204547292
Jilin,co,meteo,2016v2015,D10K,0.1264339158111112,-0.026083391704314368,0.27895122332653677,0.10421105054518065,16,1280,0.22926431119939744,-0.1053484745858267,-0.2440393985317368,0.0333424493600832,0.250336752466359,0.8332295484956301
Guangzhou,co,nometeo,2016v2015,D10K,0.16196925263719553,0.038019074408871756,0.2859194308655193,0.010432895985291476,9,720,0.02869046395955156,-0.0609913486596768,-0.1569655916964993,0.0349828943771455,0.468444145790928,0.37656127732030054
Guangzhou,co,meteo,2016v2015,D10K,0.2272572378397475,0.09935247237336772,0.35516200330612724,0.0004969343121525475,9,720,0.0018220924778926742,-0.0624372940943577,-0.1584824706761994,0.0336078824874838,0.3183940118597414,0.27474281870127243
Wuhan,co,nometeo,2016v2015,D10K,0.2414755530580694,0.02559483695744752,0.45735626915869126,0.0283551466729741,4,320,0.044558087628959304,0.1215820696588444,-0.0172044740992738,0.2603686134169626,0.3152570505381797,0.5034963917428389
Wuhan,co,meteo,2016v2015,D10K,0.10392497341039171,-0.04901945592217104,0.25686940274295444,0.18293061594050897,4,320,0.3353727958909331,-0.0456716411376154,-0.186725703077068,0.095382420801837,0.578248777867912,0.43946743154084444
Shanghai,co,nometeo,2016v2015,D10K,0.10742042540240378,-0.07166538219995978,0.28650623300476735,0.23973937555229208,10,800,0.2930147923416903,-0.019862357620853,-0.1925648037097494,0.1528400884680433,0.821657417827736,0.18490298792289586
Shanghai,co,meteo,2016v2015,D10K,-0.018000243683936393,-0.1656734106058056,0.12967292323793284,0.8111793986065925,10,800,0.8111793986065925,-0.1661901400753949,-0.306230374728327,-0.0261499054224628,0.073410986273182,9.232660568018018
Nanjing,co,nometeo,2016v2015,D10K,0.2599832833178427,0.06457674544768749,0.4553898211879979,0.009115792265158736,5,400,0.02869046395955156,-0.0744543981964962,-0.2386087859531829,0.0896999895601904,0.587746453596887,0.2863814828643114
Nanjing,co,meteo,2016v2015,D10K,-0.027550133247504664,-0.23707508659546406,0.18197482010045474,0.7966285426655425,5,400,0.8111793986065925,-0.2736203274394991,-0.4071732072473115,-0.1400674476316866,0.0006524277686648,9.931724285372816
Beijing,co,nometeo,2016v2015,D10K,0.24630936022750724,-0.36630456601745354,0.8589232864724681,0.4306798047759707,13,1040,0.4306798047759707,0.1494384600017809,-0.1795183789634731,0.478395298967035,0.587746453596887,0.6067104387090685
Beijing,co,meteo,2016v2015,D10K,0.09642709144825307,-0.2707388665820159,0.46359304947852203,0.6067373423869674,13,1040,0.8111793986065925,0.1718534074631802,-0.0308535993359413,0.3745604142623018,0.2124860405888093,1.7822108380755646
National,co,nometeo,2017v2016,D10K,-0.018675592319487566,-0.1636718765392532,0.12632069190027806,0.8006976469251211,733,58640,0.9453963839585563,-0.1035797459138605,-0.1861489884501544,-0.0210105033775666,0.0766936961449352,5.5462629587270085
National,co,meteo,2017v2016,D10K,0.09371323883939879,0.011262947829111358,0.17616352984968622,0.025900478696288726,733,58640,0.04725156258950122,-0.033867237585704,-0.1038594710938329,0.0361249959224248,0.4191499862339864,0.36139224302922696
Guangdong,co,nometeo,2017v2016,D10K,-0.09602192543024726,-0.19701054564429876,0.004966694783804251,0.06238190148589418,50,4000,0.22873363878161201,-0.0169236652078478,-0.1132883227035229,0.0794409922878272,0.8202054502659599,0.17624792600250005
Guangdong,co,meteo,2017v2016,D10K,-0.0687932888392037,-0.13721791172906816,-0.00036866594933923635,0.04877833562049602,50,4000,0.06707021147818203,-0.0800668800443547,-0.1610794899087831,0.0009457298200736,0.1450215801436274,1.1638763227544142
Jiangsu,co,nometeo,2017v2016,D10K,-0.0279910388976322,-0.23271900308427668,0.17673692528901225,0.7887206229515492,46,3680,0.9453963839585563,-0.1077653303279399,-0.2747780030933882,0.0592473424375082,0.468444145790928,3.84999394706482
Jiangsu,co,meteo,2017v2016,D10K,0.27549882301678763,0.11196760099781569,0.4390300450357596,0.0009602386612497092,46,3680,0.0026406563184367,-0.2277667291223948,-0.3542470677742813,-0.1012863904705083,0.0022897487517354,0.826743020635394
BTH,co,nometeo,2017v2016,D10K,0.05439527445041173,-0.5476893949475996,0.656479943848423,0.859451258144142,55,4400,0.9453963839585563,-0.1088983726035286,-0.4383111960571494,0.2205144508500922,0.7109153795815146,2.001982225547983
BTH,co,meteo,2017v2016,D10K,0.6590829012400202,0.3005401592594743,1.0176256432205661,0.0003147369347069738,55,4400,0.0017310531408883559,0.0160333041117594,-0.2071022667394142,0.2391688749629331,0.8880024151766164,0.024326688010861477
Xinjiang,co,nometeo,2017v2016,D10K,-0.20064489953105819,-0.3804374809413298,-0.020852318120786584,0.028722065783897376,26,2080,0.15797136181143556,-0.0271333365427029,-0.1910719406636705,0.1368052675782646,0.8202054502659599,0.13523063185816434
Xinjiang,co,meteo,2017v2016,D10K,-0.1364835104218602,-0.3116535979392982,0.03868657709557782,0.1267354028454029,26,2080,0.15489882569993688,0.0823217639091405,-0.0706223828531947,0.2352659106714758,0.4007442884078003,0.6031627092143964
Jilin,co,nometeo,2017v2016,D10K,-0.05027643105793827,-0.32619175066770667,0.22563888855183012,0.7209880943814351,16,1280,0.9453963839585563,-0.2388743132330605,-0.4131829418819943,-0.0645656845841268,0.0766936961449352,4.751218577105903
Jilin,co,meteo,2017v2016,D10K,0.03680480390403581,-0.10569915227134322,0.17930876007941485,0.6127133611718651,16,1280,0.6739846972890516,-0.1053484745858267,-0.2440393985317368,0.0333424493600832,0.250336752466359,2.8623566331316543
Guangzhou,co,nometeo,2017v2016,D10K,-0.13016764698813205,-0.24565734503372721,-0.014677948942536864,0.027170330749980296,9,720,0.15797136181143556,-0.0609913486596768,-0.1569655916964993,0.0349828943771455,0.468444145790928,0.468559969169894
Guangzhou,co,meteo,2017v2016,D10K,-0.09048239373144534,-0.17223789590762464,-0.008726891555266042,0.030069176193318958,9,720,0.04725156258950122,-0.0624372940943577,-0.1584824706761994,0.0336078824874838,0.3183940118597414,0.6900490970616184
Wuhan,co,nometeo,2017v2016,D10K,0.12022451961797387,-0.05033544053961708,0.2907844797755648,0.16711240926259252,4,320,0.4595591254721294,0.1215820696588444,-0.0172044740992738,0.2603686134169626,0.3152570505381797,1.011291790103918
Wuhan,co,meteo,2017v2016,D10K,0.2824711430144955,0.11902902531714613,0.4459132607118449,0.0007057505802354841,4,320,0.0025877521275301085,-0.0456716411376154,-0.186725703077068,0.095382420801837,0.578248777867912,0.16168604215713347
Shanghai,co,nometeo,2017v2016,D10K,-0.004707604760588863,-0.1859895852742223,0.17657437575304455,0.9594074781664872,10,800,0.9594074781664872,-0.019862357620853,-0.1925648037097494,0.1528400884680433,0.821657417827736,4.219206715724466
Shanghai,co,meteo,2017v2016,D10K,0.022594379770627362,-0.12155567618718283,0.16674443572843756,0.7586844219349753,10,800,0.7586844219349753,-0.1661901400753949,-0.306230374728327,-0.0261499054224628,0.073410986273182,7.35537517570815
Nanjing,co,nometeo,2017v2016,D10K,-0.027755358925157132,-0.21710660962214837,0.16159589177183412,0.773887112687302,5,400,0.9453963839585563,-0.0744543981964962,-0.2386087859531829,0.0896999895601904,0.587746453596887,2.682523342510682
Nanjing,co,meteo,2017v2016,D10K,0.2844574718980679,0.06719740528034654,0.5017175385157893,0.010282823377507183,5,400,0.022622211430515803,-0.2736203274394991,-0.4071732072473115,-0.1400674476316866,0.0006524277686648,0.9619024088688654
Beijing,co,nometeo,2017v2016,D10K,0.22622388649266711,-0.4678422740951206,0.9202900470804548,0.5229331692465267,13,1040,0.9453963839585563,0.1494384600017809,-0.1795183789634731,0.478395298967035,0.587746453596887,0.6605777237702299
Beijing,co,meteo,2017v2016,D10K,0.7829702831976443,0.42148837819057344,1.1444521882047152,2.1831616682161426e-05,13,1040,0.00024014778350377568,0.1718534074631802,-0.0308535993359413,0.3745604142623018,0.2124860405888093,0.21948905488639017
National,co,nometeo,2018v2017,D10K,0.0993584837637248,-0.01920877875286199,0.21792574628031158,0.10049983770597772,733,58640,0.15792831639510785,-0.1035797459138605,-0.1861489884501544,-0.0210105033775666,0.0766936961449352,1.0424851707698548
National,co,meteo,2018v2017,D10K,-0.1082489941403346,-0.19615453035778233,-0.020343457922886887,0.015798096793062127,733,58640,0.028963177453947237,-0.033867237585704,-0.1038594710938329,0.0361249959224248,0.4191499862339864,0.3128642243252471
Guangdong,co,nometeo,2018v2017,D10K,0.2005350649838132,0.11460581121690581,0.2864643187507206,4.784706319567233e-06,50,4000,5.2631769515239566e-05,-0.0169236652078478,-0.1132883227035229,0.0794409922878272,0.8202054502659599,0.0843925485511167
Guangdong,co,meteo,2018v2017,D10K,0.10448932411233007,0.015887997336617832,0.1930906508880423,0.020809397438507526,50,4000,0.03270048168908325,-0.0800668800443547,-0.1610794899087831,0.0009457298200736,0.1450215801436274,0.7662685228806696
Jiangsu,co,nometeo,2018v2017,D10K,-0.2318371669803577,-0.4394039770566329,-0.024270356904082496,0.02858677418525613,46,3680,0.07861362900945436,-0.1077653303279399,-0.2747780030933882,0.0592473424375082,0.468444145790928,0.4648319841532151
Jiangsu,co,meteo,2018v2017,D10K,-0.4065853401758782,-0.5666172982080419,-0.24655338214371458,6.372099777628904e-07,46,3680,7.009309755391794e-06,-0.2277667291223948,-0.3542470677742813,-0.1012863904705083,0.0022897487517354,0.5601941501970259
BTH,co,nometeo,2018v2017,D10K,0.49574523946997584,-0.017828554325381774,1.0093190332653335,0.05850104825107947,55,4400,0.1072519217936457,-0.1088983726035286,-0.4383111960571494,0.2205144508500922,0.7109153795815146,0.2196659976401526
BTH,co,meteo,2018v2017,D10K,-0.45392047771553445,-0.7822463627936084,-0.12559459263746053,0.006734214985874729,55,4400,0.014815272968924403,0.0160333041117594,-0.2071022667394142,0.2391688749629331,0.8880024151766164,0.035321834768175506
Xinjiang,co,nometeo,2018v2017,D10K,-0.11007055557165199,-0.26457716420819255,0.0444360530648886,0.1626305112882096,26,2080,0.2236169530212882,-0.0271333365427029,-0.1910719406636705,0.1368052675782646,0.8202054502659599,0.2465085817163889
Xinjiang,co,meteo,2018v2017,D10K,-0.05268692371776061,-0.18685063351316344,0.08147678607764224,0.4414837717562282,26,2080,0.4414837717562282,0.0823217639091405,-0.0706223828531947,0.2352659106714758,0.4007442884078003,1.562470497426102
Jilin,co,nometeo,2018v2017,D10K,0.05726059947854751,-0.21811648994529653,0.33263768890239154,0.6836073322318557,16,1280,0.7152994524105245,-0.2388743132330605,-0.4131829418819943,-0.0645656845841268,0.0766936961449352,4.1717047220672905
Jilin,co,meteo,2018v2017,D10K,-0.0908441398815219,-0.2375191956671054,0.055830915904061584,0.22477968431890438,16,1280,0.24725765275079484,-0.1053484745858267,-0.2440393985317368,0.0333424493600832,0.250336752466359,1.1596617538921192
Guangzhou,co,nometeo,2018v2017,D10K,0.2389133609917773,0.1290056189912514,0.3488211029923032,2.0397300394209664e-05,9,720,0.00011218515216815316,-0.0609913486596768,-0.1569655916964993,0.0349828943771455,0.468444145790928,0.25528647040286684
Guangzhou,co,meteo,2018v2017,D10K,0.08430204572467699,-0.02921146523210412,0.19781555668145812,0.14550637902098124,9,720,0.1778411299145326,-0.0624372940943577,-0.1584824706761994,0.0336078824874838,0.3183940118597414,0.7406379472483072
Wuhan,co,nometeo,2018v2017,D10K,0.036794589785742224,-0.16092013844225428,0.2345093180137387,0.7152994524105245,4,320,0.7152994524105245,0.1215820696588444,-0.0172044740992738,0.2603686134169626,0.3152570505381797,3.304346382629248
Wuhan,co,meteo,2018v2017,D10K,-0.3705053938292905,-0.5853245225093864,-0.1556862651491946,0.0007237716494141247,4,320,0.001990372035888843,-0.0456716411376154,-0.186725703077068,0.095382420801837,0.578248777867912,0.12326849189855114
Shanghai,co,nometeo,2018v2017,D10K,-0.21818037559808662,-0.4238920212901915,-0.012468729905981746,0.03763917473970733,10,800,0.08280618442735613,-0.019862357620853,-0.1925648037097494,0.1528400884680433,0.821657417827736,0.09103640768059613
Shanghai,co,meteo,2018v2017,D10K,-0.1937203868067879,-0.3679512736197094,-0.0194894999938664,0.029316373833247433,10,800,0.04031001402071522,-0.1661901400753949,-0.306230374728327,-0.0261499054224628,0.073410986273182,0.8578866830425492
Nanjing,co,nometeo,2018v2017,D10K,-0.21717515497304218,-0.4080768636337437,-0.026273446312340687,0.025766690001416383,5,400,0.07861362900945436,-0.0744543981964962,-0.2386087859531829,0.0896999895601904,0.587746453596887,0.34283110425655355
Nanjing,co,meteo,2018v2017,D10K,-0.49552183825534546,-0.7147266779848827,-0.27631699852580827,9.397922253855219e-06,5,400,5.16885723962037e-05,-0.2736203274394991,-0.4071732072473115,-0.1400674476316866,0.0006524277686648,0.5521862132310319
Beijing,co,nometeo,2018v2017,D10K,0.366975497979886,-0.21344244440053645,0.9473934403603084,0.21526834999855948,13,1040,0.26310576110935047,0.1494384600017809,-0.1795183789634731,0.478395298967035,0.587746453596887,0.4072164513009848
Beijing,co,meteo,2018v2017,D10K,-0.6859559466144505,-1.035408544896281,-0.33650334833261986,0.0001194267411280411,13,1040,0.0004378980508028174,0.1718534074631802,-0.0308535993359413,0.3745604142623018,0.2124860405888093,0.25053125978623875
