region,pollutant,H3_14d,ci_lo_14d,ci_hi_14d,p_14d,H3_14d_meteo,ci_lo_14d_meteo,ci_hi_14d_meteo,p_14d_meteo,H3_21d,ci_lo_21d,ci_hi_21d,p_21d,H3_21d_meteo,ci_lo_21d_meteo,ci_hi_21d_meteo,p_21d_meteo,H3_28d,ci_lo_28d,ci_hi_28d,p_28d,H3_28d_meteo,ci_lo_28d_meteo,ci_hi_28d_meteo,p_28d_meteo
National,pm2_5,0.3722530115877545,-9.867274956934878,10.611780980110389,0.9431959802175359,1.7268276105405274,-6.755930578282837,10.209585799363891,0.6899019420718215,-8.353486867603522,-18.139168041456518,1.4321943062494746,0.09430539434126689,-5.4405017223446555,-13.756129756741096,2.875126312051786,0.19973499884368162,-10.740771857494641,-20.243891065636106,-1.237652649353178,0.02674477808246241,-5.517101102447928,-12.553359472760722,1.5191572678648653,0.12434237712481963
National,pm10,3.2772977365632014,-9.490867210321479,16.04546268344788,0.6149092879647842,2.0298402538343954,-8.489930915017345,12.549611422686135,0.7052935820345777,-4.53531332899872,-16.026998616887397,6.956371958889957,0.4392145745557642,-4.719595237625833,-14.61282746718858,5.173636991936916,0.3497849367933683,-8.420388730424063,-19.089249820007783,2.2484723591596563,0.12188741921434547,-4.949668449705043,-13.315216968621279,3.4158800692111937,0.2461882405119461
National,so2,2.3282782602458933,0.5191657154779794,4.1373908050138075,0.011655048105929447,1.8019685889824661,0.1582362542478033,3.445700923717129,0.031662731495754444,1.3297427149080137,-0.21900207199556831,2.8784875018115956,0.09241130151045905,0.7470284859123251,-0.6096772825570287,2.1037342543816786,0.2805011872444494,0.1277223612234587,-1.210114348305014,1.4655590707519313,0.8515693469733618,0.25513514318155617,-0.8755385441334843,1.3858088304965968,0.6582985469094245
National,no2,-2.7396359867092777,-7.698311511993217,2.2190395385746617,0.278867302398385,-2.5336477099244545,-6.838716215105771,1.7714207952568621,0.24870886322970265,-7.104143048678777,-11.778013551803571,-2.430272545553983,0.002891091505987822,-6.48432026981524,-10.409137816294177,-2.5595027233363026,0.0012031975936881987,-9.405575346892064,-13.585775562926699,-5.225375130857429,1.0338135603557098e-05,-7.278837140395151,-10.5266788100068,-4.030995470783502,1.1203651734323006e-05
National,o3,18.953906397666934,12.724367021239303,25.183445774094565,2.471060987325513e-09,6.929302441054325,2.3767127931515244,11.481892088957126,0.0028527245480872935,13.257980162964149,7.06924507119128,19.44671525473702,2.6835180835859145e-05,1.199338156947422,-2.994458507951598,5.393134821846442,0.575132494756409,7.31862197973981,0.5618340273887492,14.07540993209087,0.033759127072866525,-0.9841493592698949,-5.276599418649313,3.3083007001095224,0.6531649341913481
National,co,-0.0425424168676315,-0.12891842313719507,0.043833589401932056,0.33437807348006465,0.013760168341771838,-0.05465853194272041,0.08217886862626408,0.6934465202151925,-0.10357974591386059,-0.18614898845015448,-0.021010503377566686,0.013944308389988223,-0.03386723758570408,-0.10385947109383296,0.03612499592242481,0.3429408978278071,-0.09307906838024584,-0.19206538169741286,0.0059072449369211855,0.0653292371972043,0.0008346442083273097,-0.06851927687327716,0.07018856528993178,0.9811817927417856
Guangdong,pm2_5,13.040487001122838,3.5772201534187342,22.50375384882694,0.006916207072520033,11.752105398797667,3.368559247459789,20.135651550135545,0.006005346885989453,9.812649457087216,2.29678598308728,17.328512931087154,0.010500006428247258,10.797520187778675,4.552622778411097,17.042417597146255,0.0007019745584070971,3.988629841596793,-2.6724414465274493,10.649701129721036,0.2405470048358178,7.101205374688796,1.6476926109517471,12.554718138425844,0.010706468775663558
Guangdong,pm10,12.241046738136328,0.23020627109905512,24.251887205173603,0.04576766975576199,11.234087666647047,0.10617507742151311,22.36200025587258,0.04785377592699917,6.082118879511521,-3.851909497478493,16.016147256501533,0.2301432538445889,9.220166710396992,0.49853953309930965,17.941793887694672,0.03826562112829016,-1.6247015697591807,-10.81430348772806,7.564900348209699,0.7289539427708269,4.037181109097789,-3.8490970714395703,11.923459289635147,0.3156900403772205
Guangdong,so2,1.4129215819379894,0.37471515525318133,2.4511280086227973,0.0076448611253066906,0.7436008651940541,-0.23326100462818677,1.7204627350162949,0.13571175756000503,0.7509026952705272,-0.09254409881858816,1.5943494893596426,0.08099981537802901,0.5448565617459571,-0.2227623892485715,1.3124755127404857,0.16416962395658063,-0.03897634575559894,-0.8879871544825375,0.8100344629713396,0.9283047540967786,-0.005234376867860102,-0.7571211216935269,0.7466523679578067,0.9891135260853672
Guangdong,no2,0.6432307722522017,-5.230092149872889,6.516553694377293,0.8300401573179685,-0.9363391276387334,-6.49993661708107,4.6272583618036025,0.7415080984542952,-3.006608969893951,-8.072169508345064,2.0589515685571627,0.2447015026826126,-1.4276999136181545,-6.168654073108799,3.3132542458724905,0.5550382946484853,-5.911439121672394,-11.02942693889988,-0.7934513044449076,0.023585132664826394,-2.7581981079802658,-6.977646682714132,1.4612504667536008,0.2001224740716766
Guangdong,o3,39.585163854512814,23.051863774139097,56.118463934886535,2.6964839467066605e-06,31.380703595367606,20.78986021686167,41.971546973873544,6.3458115079808e-09,20.018841299969235,4.325489818619122,35.712192781319345,0.012413011938967967,17.586516907869466,6.954583114030106,28.218450701708825,0.0011868578092672727,11.489808773037314,-3.5834248388317764,26.563042384906403,0.1351721448926406,9.265540916967959,-0.8394245023268105,19.37050633626273,0.07231199996777109
Guangdong,co,-0.07465427709130212,-0.16385421182496052,0.014545657642356283,0.10093106050740007,-0.09657463480599701,-0.1835429441976157,-0.00960632541437835,0.029521088207368908,-0.01692366520784786,-0.1132883227035229,0.0794409922878272,0.730687616851209,-0.08006688004435475,-0.16107948990878312,0.0009457298200736403,0.05273512005222814,-0.03420640426292292,-0.11930821381331627,0.05089540528747042,0.4308129116730006,-0.06260124279361134,-0.13498201497596685,0.009779529388744171,0.09004719112209193
Jiangsu,pm2_5,-17.433031951749964,-44.308393231723905,9.442329328223977,0.20360251855515799,-29.87791407787465,-48.4908782779986,-11.264949877750702,0.0016542121088088293,-12.961232420166827,-36.91577771130374,10.993312870970087,0.28892186979606327,-31.606820570743057,-51.3528744368122,-11.860766704673917,0.0017054292695137102,-16.473228271547985,-36.49088185103302,3.5444253079370576,0.10676123480152304,-25.74052998628681,-41.2961473144468,-10.184912658126823,0.0011818098037417234
Jiangsu,pm10,-13.67127452596868,-47.200511746682054,19.85796269474469,0.42419798007402554,-35.70603001896396,-59.697222561739196,-11.714837476188716,0.0035340518327639805,-4.5419392194456245,-33.97787510089594,24.893996662004692,0.7623313520019128,-31.74768220831055,-56.28126844773004,-7.214095968891058,0.011203359778244697,-14.708086124195532,-39.4039760901306,9.987803841739531,0.2430923980677544,-29.6492797775582,-48.815919376641304,-10.482640178475098,0.002430118887276988
Jiangsu,so2,2.724747460454238,0.07511970502219834,5.374375215886278,0.0438490408995686,0.6051179730250409,-1.0549086281335998,2.2651445741836813,0.4749476868860649,2.4140717130760265,0.3161376288910156,4.512005797261038,0.024113820747779263,-0.03044186325603109,-1.5943210840473572,1.533437357535295,0.9695665752873751,1.0010493875988038,-0.727104595082225,2.7292033702798326,0.2562381226812681,-0.3159937238093111,-1.43556718444335,0.8035797368247277,0.5801336346446133
Jiangsu,no2,1.050401153692782,-9.453316793719084,11.554119101104648,0.8446086970544422,-2.9189317466441187,-10.5763215773881,4.738458084099863,0.45499018225185117,-1.8891959240444594,-11.124962494959,7.346570646870081,0.6884828161562273,-7.931460956689253,-16.430671398044318,0.5677494846658133,0.06739393426058982,-7.135970139486831,-14.787397068463235,0.5154567894895736,0.0675606142642623,-9.214384507929935,-15.112945755620371,-3.3158232602394992,0.0022005439559393755
Jiangsu,o3,19.090323138168976,5.288357089637682,32.89228918670027,0.006709212115825213,2.268417877934254,-9.009133969595752,13.54596972546426,0.6934067822890508,11.3656073238382,-2.629331080740439,25.360545728416838,0.11144510004624832,-9.488145024169883,-22.939023924953126,3.9627338766133597,0.16680494435850346,5.61903967996689,-6.744781320644715,17.982860680578494,0.3730614883308898,-8.635470881324038,-18.164945663235585,0.8940039005875118,0.07571796226051367
Jiangsu,co,-0.11388410363606169,-0.30929331441471025,0.08152510714258687,0.25334465171940534,-0.16731121659487425,-0.2979144914456299,-0.036707941744118566,0.012044418984323573,-0.10776533032793996,-0.2747780030933882,0.059247342437508274,0.2059891129844028,-0.22776672912239482,-0.3542470677742813,-0.10128639047050839,0.0004163179548609901,-0.10288355299786721,-0.24761705541984141,0.04184994942410698,0.16354816007225392,-0.1405637572422353,-0.25634647706161207,-0.024781037422858518,0.017338206961504187
BTH,pm2_5,11.635518184126617,-23.800966347855947,47.07200271610918,0.5198664223788644,13.862930296498554,-14.106013344466195,41.8318739374633,0.33131687599626514,-9.403586316600697,-40.300744444974825,21.493571811773435,0.550829675079563,6.5824596866015215,-15.452510843986499,28.61743021718954,0.5582143527428438,-8.809031080725083,-39.0584294404202,21.44036727897003,0.5681570280468522,8.779727230099262,-10.387643757483108,27.94709821768163,0.36930655376268373
BTH,pm10,17.327580535711043,-25.363947333469028,60.019108404891114,0.4263183066203243,16.106343380643413,-21.027456933368473,53.2401436946553,0.3952633640870794,-2.1905825873789198,-38.976387804008056,34.595222629250216,0.907085736916574,12.66224262186204,-15.561326799417861,40.88581204314194,0.3792279783948491,-6.507596460849663,-42.01873255727787,29.003539635578548,0.7194653913498057,10.997564133736137,-12.580011645364994,34.57513991283727,0.36060708843257716
BTH,so2,3.956907882672259,-0.26430595609438967,8.178121721438908,0.06617398270891311,1.4919999327206455,-3.359088464716259,6.34308833015755,0.5466376258121024,2.9277626587095664,-1.1006005098217422,6.956125827240875,0.15430853284116142,2.5494469190058138,-1.3764493581561443,6.475343196167772,0.20309414207103893,1.221402980246216,-2.371701249766302,4.814507210258734,0.5052512905169195,2.28114248481766,-0.7457596497059136,5.308044619341233,0.13965591988178433
BTH,no2,-6.183856147001761,-16.333826038154534,3.966113744151011,0.23243668426897268,-10.114586321359424,-21.0924492095008,0.863276566781952,0.07094389061486689,-13.558450672609304,-24.01580726095303,-3.101094084265579,0.011047752751222523,-13.876575394515665,-22.36922819211341,-5.383922596917918,0.001362476848487023,-15.698899809249122,-25.664786080793004,-5.73301353770524,0.002018747342923889,-12.545878954046513,-19.252248745804586,-5.839509162288439,0.0002458118058992504
BTH,o3,15.547651393969119,6.136116138399281,24.959186649538957,0.0012044768778467368,5.40717100176837,-3.206683045536586,14.021025049073327,0.21857453787849934,12.37824476479934,2.8518160539209276,21.904673475677754,0.010874825236235414,-0.18486078050791485,-7.772503777606625,7.402782216590795,0.9619143804272611,3.5374161730259606,-6.674142364469592,13.748974710521512,0.49716516074092454,-6.323190465301973,-14.115585842167903,1.4692049115639563,0.11173888960446603
BTH,co,0.047285413049898445,-0.3048921888021081,0.39946301490190506,0.7924302167253712,-0.005075401670569395,-0.2693277730962424,0.25917696975510357,0.9699712596819415,-0.10889837260352861,-0.4383111960571494,0.22051445085009222,0.5170293669683743,0.016033304111759437,-0.20710226673941423,0.2391688749629331,0.8880024151766164,-0.061959929751388566,-0.39948201431310887,0.2755621548103317,0.7189993958704335,0.14836850297958334,-0.06295018076497194,0.35968718672413863,0.1687887982115106
Xinjiang,pm2_5,-8.098377116270917,-18.85852537869901,2.661771146157175,0.14017984527201702,1.0159086197803349,-8.179564015555657,10.211381255116327,0.8285705224694606,-13.292610895023369,-23.719195602788478,-2.86602618725826,0.0124645351107591,-5.889344356619802,-14.807784636662944,3.029095923423341,0.19557089241361347,-7.976739278625068,-18.644767955462616,2.6912893982124793,0.14278134067512707,0.02447019170289444,-8.562449101374705,8.611389484780494,0.9955435823552353
Xinjiang,pm10,-13.738683099025984,-29.381259338220644,1.903893140168675,0.08517602311121539,4.335917915098429,-12.706839432918267,21.378675263115127,0.6180312663219886,-18.587190181195357,-33.737390591812826,-3.4369897705778847,0.016190025653142242,-9.532887645107904,-22.75990065597012,3.6941253657543136,0.1577814236329007,6.768715545753531,-14.985676248394512,28.52310733990157,0.541975707167191,10.157760071781182,-7.041773885387146,27.35729402894951,0.24705903856129163
Xinjiang,so2,0.8368459693194896,-1.9390819958425858,3.612773934481565,0.5546134656085959,1.4606888046632482,-1.8697819012281225,4.791159510554619,0.3900054637727084,0.08619372136777259,-1.7665099105160547,1.9388973532515998,0.9273465332650559,0.9271902158239246,-1.2814594411563922,3.135839872804241,0.41062624527705804,-0.15258666576441837,-1.8202769427211178,1.515103611192281,0.8576797822360727,0.7071235172357443,-0.8386852355373934,2.252932270008882,0.3699446575145813
Xinjiang,no2,-9.639246392568346,-13.840371988482426,-5.438120796654266,6.8910199139282154e-06,-7.9639882910005895,-11.821607873063298,-4.106368708937881,5.2031000650953186e-05,-13.057722721294047,-16.754513269145082,-9.360932173443011,4.423591676912307e-12,-11.03876188372665,-14.473563681615888,-7.603960085837413,2.997074958558077e-10,-14.262896298423591,-17.79686066833068,-10.728931928516502,2.5674328310825277e-15,-10.65628593107252,-13.88162573543998,-7.430946126705061,9.445023214970343e-11
Xinjiang,o3,6.347855875739576,0.6091191531332649,12.086592598345888,0.03015884986708887,4.032260958243954,-0.8537690156475657,8.918290932135474,0.10577336336200774,8.462770981219887,2.1539540780699316,14.771587884369842,0.008560257013652255,6.004079263743704,0.3957265019555063,11.612432025531902,0.03588223351708299,4.820256493276982,-0.8395995200299424,10.480112506583906,0.09507433852018263,5.146270888692361,-0.008945755019031942,10.301487532403755,0.050398881156529025
Xinjiang,co,0.07783713597116251,-0.08989254009870679,0.2455668120410318,0.36306158783598375,0.18429762836752966,0.031640996029339064,0.33695426070572027,0.01797154509376189,-0.027133336542702932,-0.19107194066367056,0.13680526757826467,0.7456413184235999,0.08232176390914053,-0.07062238285319478,0.23526591067147584,0.2914503915693093,-0.06285158512961128,-0.23036554436775145,0.10466237410852888,0.4621065435853582,0.11361121156501888,-0.029607355011930736,0.2568297781419685,0.11999760898913352
Jilin,pm2_5,-19.802546683701866,-44.66663401175838,5.0615406443546505,0.11852908418427996,0.7725089335500908,-21.371314525641687,22.916332392741865,0.9454869153511944,-34.467387166649594,-53.593292402410654,-15.34148193088853,0.0004122548662613396,-17.374338560584377,-34.10548609546795,-0.6431910257007978,0.041819654877130456,-36.72938346121512,-57.633297783968914,-15.82546913846133,0.0005736639188055428,-20.46132921831198,-37.272027494375834,-3.6506309422481245,0.01705165396414516
Jilin,pm10,-2.149002181829879,-30.96236084672747,26.664356483067714,0.8837784687253732,11.329496898276545,-17.546558940117325,40.20555273667041,0.4418990886254376,-22.310624452901806,-44.294907056977664,-0.3263418488259511,0.04669476525197095,-11.227006135192148,-31.80354093088245,9.349528660498152,0.28488987515913744,-29.010263334832345,-52.26857729495195,-5.751949374712741,0.014498181456983669,-15.345528635457459,-35.73800054156608,5.046943270651166,0.14024171630166624
Jilin,so2,-0.4627141775264624,-3.8888784798918494,2.9634501248389244,0.7912411548838215,1.0710202069835653,-1.4482655696616336,3.590305983628764,0.40471132315454683,-2.3195745739125915,-5.1371786655937886,0.4980295177686056,0.10662988136025302,-0.12101401309049353,-2.478798115851723,2.2367700896707365,0.9198713547344933,-2.6868746634662157,-5.325631026488111,-0.04811830044432108,0.04596611252995704,-0.7572232450883957,-2.9712544357661286,1.4568079455893375,0.5026478037173349
Jilin,no2,-11.135377817522485,-16.632218224134668,-5.638537410910304,7.173649071390186e-05,-7.875968524361473,-11.935521624637111,-3.8164154240858332,0.00014321990481215192,-14.578694165905876,-19.411118066201333,-9.746270265610418,3.361040694815504e-09,-9.500861743226496,-13.042464991107417,-5.9592584953455745,1.4572064406935388e-07,-13.727250192980586,-19.19106988660981,-8.263430499351362,8.470814706888171e-07,-8.71168902460698,-12.356920122801855,-5.066457926412104,2.8120410304805454e-06
Jilin,o3,4.6051110340008305,-3.8279368448975175,13.038158912899178,0.2844863953338447,-0.911258583509436,-7.688274064469706,5.865756897450833,0.7921321975339127,2.942593778263067,-4.981904092832768,10.867091649358901,0.4667415658610776,-1.1733186441402057,-7.239222885297195,4.892585597016783,0.7046040594855658,-4.999586384853009,-12.88941200606417,2.890239236358153,0.214243771683289,-7.374277780569969,-13.508282410113635,-1.2402731510263028,0.018459918177759518
Jilin,co,-0.12992365206813522,-0.3493986374569816,0.08955133332071114,0.24594735600965567,-0.0548218280700455,-0.21325757012239577,0.10361391398230478,0.49765414248143214,-0.23887431323306055,-0.4131829418819943,-0.06456568458412681,0.007232293029024825,-0.10534847458582679,-0.24403939853173684,0.03334244936008328,0.13654731952710494,-0.21228194064972822,-0.4120512941262161,-0.012512587173240303,0.03727614595975564,-0.05949548180942653,-0.21728450212775602,0.09829353850890295,0.4598957772851383
Guangzhou,pm2_5,17.60202442113508,6.0031746511476936,29.200874191122466,0.0029358562024730853,14.33490136073307,2.902800138172088,25.76700258329405,0.01398566555723157,12.598409433704923,2.866200465113103,22.330618402296743,0.011174741989650874,13.742558210620043,5.43406452118405,22.051051900056038,0.001187550620222256,5.233721090631746,-3.5262792602091713,13.993721441472662,0.24160132692543934,10.862201667809067,3.5744002986268812,18.150003036991254,0.003486246805176984
Guangzhou,pm10,14.073045814139112,-1.400630822122091,29.546722450400317,0.07465894651109127,10.95342814487498,-4.240780273481173,26.14763656323113,0.15767685350194904,4.279895533986226,-9.508704139000619,18.06849520697307,0.5429483209040077,8.531457314885733,-3.574962239517653,20.63787686928912,0.16721842986814694,-7.435184294844087,-20.513369580894274,5.6430009912061,0.2651612769743318,3.431210024466421,-7.342645385223794,14.205065434156637,0.5324957882634694
Guangzhou,so2,1.254380781052765,-0.12683142369069023,2.63559298579622,0.07507792412658121,0.7418082683483462,-0.537577130170257,2.0211936668669495,0.2557813738347495,0.36789338802196514,-0.8413221544836363,1.5771089305275665,0.5509734155323828,0.41184647979763367,-0.7093137849664969,1.5330067445617641,0.47154208744361614,-0.676707809353712,-1.8416861428955846,0.48827052418816064,0.25491351360571457,-0.1407542659279687,-1.2213965078400184,0.9398879759840811,0.798501885920268
Guangzhou,no2,-0.5579937700436137,-9.39431449094691,8.27832695085968,0.9014995113908137,-2.5889245881065284,-10.457035837897434,5.279186661684378,0.5189875433425886,-8.019349072596322,-15.928051461379159,-0.11064668381348497,0.04687976454360672,-4.231723132454846,-10.797648834889968,2.3342025699802758,0.20652018104194014,-12.868607135460913,-20.639200300050415,-5.098013970871411,0.0011710969580479077,-5.006815786038134,-10.585329872806362,0.5716983007300946,0.0785600838874692
Guangzhou,o3,49.87783858764699,28.77117587992936,70.98450129536462,3.6275531604352256e-06,41.08584038276608,26.123604860750305,56.048075904781854,7.366233147131155e-08,23.642677937775783,3.7045525677796576,43.58080330777191,0.02011852238975915,18.234058588493475,2.5755357896254765,33.892581387361474,0.02246917976413743,12.686031747530608,-6.600792960142423,31.97285645520364,0.19733593708848507,10.010630095121504,-4.575858296752195,24.597118486995203,0.17858876141809799
Guangzhou,co,-0.10843853948442053,-0.201838797050116,-0.015038281918725055,0.02287380627294173,-0.07248183268711286,-0.18145444460623267,0.03649077923200693,0.19235408369562867,-0.06099134865967689,-0.15696559169649937,0.034982894377145586,0.21292915717769456,-0.06243729409435778,-0.15848247067619942,0.03360788248748386,0.2026143711834718,-0.07504291134646181,-0.17003123530527248,0.019945412612348876,0.1215222654280576,-0.04608979179439947,-0.1359606739077058,0.04378109031890687,0.3148213334094696
Wuhan,pm2_5,18.93115224450568,-0.9750357361113622,38.837340225122716,0.0623270506080022,-21.28461521854694,-44.38789155588019,1.8186611187863093,0.07096864126962105,20.87039161110991,4.241989768938421,37.498793453281394,0.013895221039044343,-15.24127216656741,-34.47388146683589,3.9913371337010766,0.12037218536724713,8.504840293832181,-6.2087625870122345,23.218443174676597,0.25725225477589253,-12.672668823762372,-28.217816816229053,2.8724791687043076,0.11008839659845474
Wuhan,pm10,22.495913540865764,-1.8625346400555038,46.85436172178703,0.07028057833281694,-32.239346542177046,-58.86301440618284,-5.61567867817125,0.01762633948440985,27.323922460870754,6.823713435352136,47.824131486389376,0.008991979601084688,-20.710490551444824,-43.74861445242795,2.327633349538303,0.07807926263426396,7.652246315527016,-10.362394593243547,25.66688722429758,0.4050973813269373,-22.31034367857174,-40.25570853467213,-4.36497882247135,0.014821971455877917
Wuhan,so2,4.170828162713277,1.716989540833238,6.624666784593316,0.0008641603327031636,-1.396430067617177,-2.5617086898095653,-0.2311514454247885,0.01883635500755116,3.8055037192100887,2.0334018449993247,5.577605593420852,2.5658446389531774e-05,-1.1468538504369312,-2.29634536042364,0.0026376595497776822,0.05052802316170786,2.024107394955708,0.3418681962987762,3.70634659361264,0.01836023462971775,-0.7189354011533724,-1.7765227235424712,0.3386519212357264,0.18274178028700871
Wuhan,no2,4.226812478210807,-4.756677516368583,13.210302472790197,0.35643437863732397,-13.738318229955148,-21.3326966494145,-6.143939810495793,0.00039172408109327503,0.6398838197918439,-6.377366574647654,7.657134214231343,0.8581546268036246,-15.58636073479409,-23.606339811478932,-7.566381658109249,0.00013948737245397065,-6.557961204198561,-12.629007015585834,-0.4869153928112864,0.03424637680758323,-15.690094868878095,-21.141737716254983,-10.238452021501207,1.6919086095704438e-08
Wuhan,o3,37.93472478333112,19.692202345264825,56.177247221397415,4.587996284624886e-05,8.07449085359116,-5.887668164236995,22.036649871419314,0.2570162446284765,30.692093534432594,15.212466923737436,46.17172014512775,0.0001018669895166686,-5.717169240635823,-18.348451633080433,6.9141131518087855,0.37501504024751997,27.578780969002572,13.942112193962593,41.21544974404255,7.37572243743962e-05,1.4533579923446995,-8.939153415211406,11.845869399900804,0.7840120666917163
Wuhan,co,0.04971057004871814,-0.07475585734782833,0.1741769974452646,0.43375113806197285,-0.13442599925592552,-0.25008667481672914,-0.01876532369512192,0.02272910277765305,0.12158206965884441,-0.01720447409927381,0.2603686134169626,0.08597919560132175,-0.045671641137615494,-0.186725703077068,0.09538242080183704,0.5256807071526473,0.10300640242679443,-0.00904840837255265,0.21506121322614152,0.07159305876917876,0.05705768553792293,-0.045244316259994706,0.15935968733584058,0.27432976780794194
Shanghai,pm2_5,-1.9205502385549105,-24.534515298931492,20.693414821821673,0.8677988331766705,-21.12355867019335,-39.899190531161295,-2.347926809225406,0.02744981188359603,6.182519692116142,-12.999320034918679,25.36435941915096,0.5275710787133343,-15.395453268753496,-32.121107345355796,1.330200807848808,0.0712176801687366,-3.7256802462964145,-19.914462962933214,12.463102470340386,0.6519424429709013,-15.58270621749235,-28.44860339366324,-2.7168090413214596,0.017604319265224846
Shanghai,pm10,1.1064271197064652,-26.615715265437245,28.82856950485018,0.9376492847667766,-25.136298387275097,-47.673323945316895,-2.5992728292332963,0.028814626027983826,13.567692768991856,-9.359877205209306,36.49526274319302,0.24611614988376807,-13.855738109134784,-32.65149234761779,4.940016129348226,0.14850447516941173,-1.7781343193339496,-21.354809269000594,17.798540630332692,0.858705682251165,-17.72043891598246,-32.96020420494392,-2.480673627020998,0.02266707711174856
Shanghai,so2,3.023045163781595,0.5307385232540147,5.515351804309176,0.017438018207937115,1.1688757176361975,-0.7545608192648285,3.0923122545372235,0.23362472772887388,3.0375047608234857,1.1502940933577435,4.924715428289228,0.0016071678227543903,0.8118135786314926,-0.7268518313452113,2.3504789886081965,0.30109200592426233,1.3064200111005744,-0.23202881532806008,2.8448688375292086,0.09604005662942561,0.03648118103799661,-1.0296462984868775,1.1026086605628707,0.9465284923885453
Shanghai,no2,3.3978354336609415,-8.540369668042555,15.336040535364436,0.5769521160586344,1.370424950253632,-8.802666764152647,11.543516664659911,0.7917581548215102,-1.1911114186520557,-11.093900183651252,8.71167734634714,0.8136303494714023,-7.3131085985139705,-16.44873967434927,1.8225224773213267,0.1166575215505842,-6.240478078277173,-14.39513666462372,1.914180508069375,0.1336422184690865,-8.173285911136661,-14.061388777475475,-2.285183044797848,0.006515775608295062
Shanghai,o3,16.1136052958511,2.864396597810263,29.36281399389194,0.017139753650602885,1.1423672418757183,-11.47671540748068,13.761449891232116,0.8591709671575222,15.745518697361929,4.001752855894438,27.48928453882942,0.008593081617711667,1.6647359893298888,-10.483225992355834,13.812697971015613,0.7882451150618762,8.993617983352603,-2.290716999703198,20.277952966408407,0.11826636033194735,-2.031503289727515,-11.65189143466602,7.588884855210988,0.6789629785336943
Shanghai,co,-0.06664092321003728,-0.272682927254738,0.1394010808346634,0.5261341026089735,-0.1846441094673514,-0.3432481398686662,-0.026040079066036614,0.022503710162190185,-0.019862357620853057,-0.19256480370974943,0.1528400884680433,0.821657417827736,-0.16619014007539495,-0.30623037472832704,-0.026149905422462844,0.0200211780745042,-0.04702557810997221,-0.188452085060914,0.09440092884096957,0.5145911418002189,-0.09697061342718044,-0.20450052091064924,0.010559294056288346,0.07714484271909479
Nanjing,pm2_5,-7.69075634621869,-34.08055328833453,18.699040595897152,0.5678704108080304,-30.73153339446748,-54.02019296714454,-7.442873821790418,0.009699748555311317,-4.858657406591709,-27.239079271945684,17.52176445876227,0.6704746957264733,-34.672667886086856,-56.555224728533744,-12.790111043639964,0.0018993120430354081,-9.089074075038035,-27.358934473199866,9.180786323123797,0.3295292019480327,-24.399322715242274,-40.90090926136385,-7.897736169120698,0.0037553637038287534
Nanjing,pm10,-4.304619729519807,-37.872883673727365,29.26364421468775,0.8015546563039784,-39.83384587018535,-68.63127606273893,-11.03641567763177,0.006705906189715346,3.555166816234678,-24.645994222097613,31.75632785456697,0.8048447735350792,-38.56246137195996,-65.52840234894943,-11.596520394970497,0.005065585572477389,-7.076674183970756,-30.344431345702887,16.191082977761376,0.5511050799118007,-30.232109119019327,-50.477851174649146,-9.986367063389505,0.003425447907457893
Nanjing,so2,2.145752809243428,-0.018815387740563683,4.31032100622742,0.05202496614901816,-0.7762420218710491,-2.5510497133939545,0.9985656696518561,0.39132151903696033,2.2463216052452606,0.5207305595707132,3.971912650919808,0.010728460538412527,-1.0796141438047906,-2.4835316503978673,0.32430336278828586,0.13175568176860927,1.3049586148992471,-0.06854942420824073,2.6784666540067352,0.06258257661677184,-0.5435291150911626,-1.5113732161119033,0.42431498592957806,0.2710310752046019
Nanjing,no2,0.36630136365980426,-9.727240563548337,10.459843290867946,0.9432955660565844,-8.473276182891,-18.40347149521859,1.4569191294365904,0.09444433088363145,-3.233678969384665,-11.660259189452184,5.192901250682855,0.4519721325055843,-14.553787695081152,-24.299143580907746,-4.8084318092545555,0.003422214373259621,-8.72265578860272,-15.728410920642993,-1.7169006565624487,0.014675377025077027,-13.489915426207393,-20.31714948397601,-6.662681368438777,0.00010764152334484841
Nanjing,o3,27.667369896141302,11.50060192637402,43.83413786590859,0.0007958635092322492,4.635173419944559,-7.671798229700238,16.94214506958936,0.4604044510227735,19.137291810419327,3.2645656045757185,35.01001801626293,0.01812412385237654,-10.338392917603809,-27.18963809826136,6.512852263053741,0.22918697489906215,12.879564331754416,-0.799833798666036,26.55896246217487,0.06498446414894046,-7.488554783652127,-18.160365614083155,3.183256046778901,0.16902811206125368
Nanjing,co,-0.09454487361022418,-0.2968221130950044,0.10773236587455601,0.35961867885360355,-0.22388513046920244,-0.3890033622637475,-0.0587668986746574,0.007871538926261837,-0.07445439819649624,-0.2386087859531829,0.08969998956019043,0.37402047047074627,-0.2736203274394991,-0.40717320724731154,-0.14006744763168666,5.9311615333166435e-05,-0.0732272325948372,-0.20962010134256348,0.06316563615288907,0.2926736248059407,-0.15087548308982063,-0.2606699677688221,-0.04108099841081912,0.007074659188367576
Beijing,pm2_5,39.63415516559346,3.5478646162743317,75.72044571491259,0.031345403939608045,47.92036585801867,23.46005764527378,72.38067407076356,0.00012314483829076571,26.656039950660215,-2.3534782473165308,55.66555814863696,0.07170974787583438,31.865625793396696,11.144631280982637,52.586620305810754,0.0025772933294829626,14.002490116939809,-14.205662241744966,42.21064247562458,0.33059128909963764,23.67595795239294,4.4353509115137335,42.91656499327215,0.015875052658248328
Beijing,pm10,48.06155807220749,5.15127431100364,90.97184183341133,0.028145464839167463,55.492682162369185,22.240827420785564,88.7445369039528,0.0010720391079769276,37.4811550012149,3.5895716950877343,71.37273830734208,0.030192913417672714,41.90786207293766,17.13252012002984,66.68320402584548,0.0009154205706811465,19.24664093258451,-13.629527739464788,52.1228096046338,0.2512087125795469,29.32478500194196,6.552322719598102,52.09724728428582,0.011605941753771165
Beijing,so2,1.8726831060458413,-1.5935859617060335,5.338952173797717,0.289650695123969,-0.35362577039481324,-3.9205582300463107,3.213306689256684,0.8459324694357759,0.7843849396895535,-2.223765044381445,3.792534923760552,0.6093041322027322,1.1193209065679826,-1.4588059643092453,3.6974477774452104,0.394803247040343,0.32693088452757635,-2.6133957129755347,3.2672574820306877,0.8274869954575335,1.3731277751378763,-1.0743378539046677,3.8205934041804204,0.2714979324481157
Beijing,no2,-1.9952735798301364,-12.550159083936748,8.559611924276474,0.7110043812644293,-4.242526484910245,-14.34568059657176,5.8606276267512705,0.4104909231182655,-7.7490280758431975,-17.71321949599092,2.2151633443045267,0.1274488490906239,-8.593992247892768,-15.93009391227593,-1.2578905835096048,0.021674121034386845,-11.191976211192085,-21.198880860866865,-1.1850715615173044,0.028374201386409052,-8.96380010967177,-15.855365494134425,-2.072234725209113,0.010793680945521108
Beijing,o3,12.177310402739296,1.6510899327666237,22.70353087271197,0.02336616374456512,-1.4602197015586103,-10.948510099036485,8.028070695919263,0.7629321276862445,10.780411175354555,1.1002365302683774,20.460585820440734,0.029055622874278476,-0.238843848917619,-7.311355622920947,6.833667925085709,0.947227032354601,2.4920612698046414,-7.758143822998282,12.742266362607566,0.6337093401777767,-6.898500349651484,-14.792169325206139,0.9951686259031698,0.08673684421550394
Beijing,co,0.17542915383773852,-0.18261864175189454,0.5334769494273716,0.3369021067227338,0.15947626223359446,-0.06515951683218729,0.3841120412993762,0.164091337983427,0.1494384600017809,-0.17951837896347317,0.478395298967035,0.373266105239476,0.17185340746318023,-0.03085359933594134,0.3745604142623018,0.09658456390400424,0.10346634378803103,-0.2232056327382293,0.4301383203142914,0.5347466446309468,0.24424284981581013,0.03597614297471502,0.45250955665690523,0.021531665529507544
