region,pollutant,H1_holiday2019_abs,H1_holiday2019_pct,H2_2020_abs,H2_2020_pct,H3_lockdown_DiD,H3_se,H3_ci_lo,H3_ci_hi,H3_p,H3_cohend,H4_reversion_abs,H4_reversion_pct,H4_p,placebo_DiD,placebo_p,n_obs,placebo_ci_lo,placebo_ci_hi,H3_qval
National,pm2_5,-5.253363338336044,-8.959589018917596,-13.678007711362966,-21.57243641090357,-8.42464437302695,1.0714952457404445,-10.524736464284116,-6.324552281769785,3.765050782788008e-15,-0.35177781035635475,-15.070749154091557,-28.23262642224443,8.295482896248613e-90,21.254509710027516,3.041226887941381e-41,62748,18.157463809994322,24.35155561006071,8.283111722133617e-15
National,pm10,-15.498561965723397,-16.460193369575766,-18.836415966917457,-22.61985942373459,-3.3378540011940605,1.1063248912517594,-5.506210943247701,-1.1694970591404203,0.0025523515708134894,-0.4101788836945899,-14.242299829173781,-18.106319830386518,2.539824384168126e-61,11.380194399522251,2.9959630984553694e-11,62748,8.024463128367923,14.735925670676579,0.0031195408087720425
National,so2,-3.0264880160591563,-19.63742270244897,-1.8223141445370725,-14.43311965655473,1.2041738715220822,0.09999989713763274,1.008177674674612,1.4001700683695524,2.1435658330759987e-33,-0.2818040543860921,-2.604530379083566,-21.02912007769763,7.835083132768931e-92,0.5723218127794618,0.00034097579079239834,62748,0.2591641857915388,0.8854794397673849,5.8948060409589965e-33
National,no2,-8.739279225045244,-27.0889284810553,-15.959453921501947,-49.70321800666224,-7.220174696456709,0.24968952236185366,-7.709557167602951,-6.730792225310467,7.38220250822069e-184,-1.3522047749492454,-3.5971928158706095,-15.29278023965145,1.280644916864573e-103,2.3011765550838725,2.7614605942193584e-10,62748,1.5865850914626214,3.0157680187051237,8.120422759042759e-183
National,o3,3.108135910353397,4.642640575642962,16.1691288989213,26.588268902481893,13.060992988567891,0.4696921930371838,12.140413206395376,13.981572770740406,3.514619682005335e-170,0.8463771604014109,12.652654396459125,18.06084298499275,1.3129523587834034e-157,-11.226957396282872,9.162989410743718e-70,62748,-12.473249479438955,-9.980665313126789,3.8660816502058685e-169
National,co,-0.09492019855567324,-9.183893456151965,-0.19907691268963057,-18.05950349943468,-0.1041567141339571,0.006768036675190498,-0.11742182226337669,-0.09089160600453752,1.9250809370604768e-53,-0.5112354480894402,-0.22364189178669444,-23.826402667063203,0.0,0.3236960383230203,5.1011817715434295e-149,62748,0.299293716418773,0.3480983602272676,2.1175890307665243e-52
Guangdong,pm2_5,-18.295351203496026,-44.80209975491277,-8.842081893507618,-28.33442863369468,9.453269309988402,0.6415872484968721,8.195781409994382,10.710757209982422,3.888234501095168e-49,-0.8894572746876576,3.8244588514766185,16.966999742266438,2.55151386400404e-21,-13.077150191759213,2.7741641635949446e-38,4452,-15.058310206417636,-11.09599017710079,2.1385289756023423e-48
Guangdong,pm10,-25.86981697334047,-42.53850125663329,-19.594888921800173,-39.349196739683876,6.2749280515402965,0.7857131344322769,4.734958605872956,7.814897497207637,1.3906736486366264e-15,-1.4046233529579424,6.398482997990477,18.310023400156737,1.7629429732315705e-33,-21.455950515267972,6.596202915238863e-45,4452,-24.446700551009364,-18.46520047952658,3.824352533750722e-15
Guangdong,so2,-2.581764868444429,-28.14798263814923,-1.8416291368592876,-22.84203188333617,0.7401357315851397,0.17437097059197842,0.39837490927556907,1.0818965538947103,2.1897972042552983e-05,-1.2843873697629533,0.5129907159413937,7.78396952334827,2.0927200861813986e-05,-2.282529959026497,1.7147262698634162e-48,4452,-2.5882426313655333,-1.976817286687461,3.010971155851035e-05
Guangdong,no2,-11.929989765053708,-39.55526260270417,-15.062992064502563,-54.61836512244671,-3.133002299448856,0.5153796690506061,-4.1431278891522165,-2.122876709745496,1.2092076524634442e-09,-1.5247398685099842,1.7488312509630644,9.592981594978179,1.524825483591775e-14,-6.086816454946284,3.1027917981836452e-12,4452,-7.797695792901211,-4.375937116991357,1.900183453871127e-09
Guangdong,o3,-36.829348341142804,-38.60575514891884,-17.490115783921198,-20.641105989486128,19.339232557221564,1.1113048850775307,17.16111500662618,21.51735010781695,7.929116186505222e-68,-0.8330788837549037,36.18998281259477,61.79007641895909,3.347409059187653e-208,-48.27207125228943,1.3494089102115259e-154,4452,-51.84399851939629,-44.70014398518257,4.361013902577872e-67
Guangdong,co,-0.13010076689458916,-13.909029257448317,-0.14700394649645376,-17.934205960572175,-0.01690317960186484,0.009133648903134697,-0.034804802499442615,0.000998443295712935,0.06422004356882638,-1.141009752403894,-0.14164526354227364,-17.589820840611246,5.0040051972019797e-36,0.02794152521082088,2.913279817212981e-05,4452,0.01484044110684358,0.04104260931479818,0.08830255990713627
Jiangsu,pm2_5,-18.11341344440269,-23.725642080707573,-26.038336592022276,-36.26283601438644,-7.924923147619595,1.629376270624383,-11.118441955307574,-4.731404339931617,1.1516654805472964e-06,-0.8217425767580889,-27.592686894350585,-47.38415134190907,1.8087179166050673e-119,14.306141706629026,3.558368318181816e-08,3864,9.21866202041861,19.393621392839442,1.5835400357525325e-06
Jiangsu,pm10,-34.31016330230901,-30.19520921078991,-33.22048096754241,-36.816424182377254,1.0896823347665978,1.6733762645035393,-2.1900748762445104,4.3694395457777055,0.5149252159671134,-0.9061058123504567,-27.93962410742538,-35.22496635792792,1.4428258727976937e-66,-2.1730292474224453,0.4522664656141171,3864,-7.839370248003515,3.493311753158625,0.5664177375638247
Jiangsu,so2,-3.129229389963692,-26.42595602580147,-0.8050615004638395,-9.445517756442772,2.324167889499849,0.13300778953980563,2.0634774123385466,2.5848583666611513,2.2637934965734214e-68,-0.3617193593423175,-1.4802290763342194,-16.9901655557756,2.7882907992568494e-24,-1.901464324010495,2.115715217434475e-49,3864,-2.1536970549946908,-1.6492315930262993,1.2450864231153818e-67
Jiangsu,no2,-16.64223745690053,-38.22448489253895,-18.485476606485854,-53.807584173808394,-1.843239149585332,0.6796198090682357,-3.1752694985390617,-0.511208800631602,0.0066845876670757285,-2.1648741600549384,-5.639287820363919,-20.967073263827732,1.7360797276754142e-36,-8.263439311158672,4.723795165302873e-34,3864,-9.594708022950247,-6.9321705993670975,0.008170051593092557
Jiangsu,o3,12.871945074368455,19.40933907629819,22.61594414176613,38.925376982316976,9.74399906739768,1.296395593218001,7.203110394973961,12.2848877398214,5.6381122350672656e-14,1.2387325574642145,7.074838977655602,8.933977090306398,8.885338368019425e-32,-9.327812338317727,7.306835871559724e-15,3864,-11.677991956231088,-6.977632720404367,6.891026065082213e-14
Jiangsu,co,-0.14738629046406604,-14.08334068708054,-0.19723404509071263,-20.15667465939533,-0.049847754626646576,0.013142150645714506,-0.07560589657164682,-0.02408961268164633,0.00014885744694454934,-0.8821068890079997,-0.2675493614000374,-29.756039987951556,4.2648299071074097e-113,0.07803934727561292,4.1600598938348056e-05,3864,0.04071890412270954,0.1153597904285163,0.00032748638327800855
BTH,pm2_5,14.97756149740676,23.602332079218304,4.768409870778825,5.720169616059334,-10.209151626627955,5.145334512283296,-20.29382195911418,-0.12448129414173081,0.04723833749792484,0.09289398805148398,-14.824020900601651,-18.899623763949172,2.1894497481020175e-05,64.07817982004138,3.967844383130853e-37,4704,54.21335181069243,73.94300782939034,0.05196217124771733
BTH,pm10,-0.24843954316821737,-0.21945957694467577,0.4434936955040172,0.400702352182152,0.6919332386722403,5.769108563364984,-10.615311768424741,11.99917824576922,0.9045325510192166,0.007373220110498679,-11.159962093242902,-9.879857560185734,0.009955780437469267,56.39901467661798,2.6000652715698704e-22,4704,45.02084103502382,67.77718831821214,0.9045325510192166
BTH,so2,-5.991837903449014,-25.579802372725922,-3.6583924381798347,-20.63303521914907,2.3334454652691723,0.385084583994437,1.5786935496384864,3.0881973808998584,1.3648928686560075e-09,-0.74212295687867,-6.471093522521512,-37.12136918539031,1.0230576292272959e-100,6.686346356486219,8.521326128384955e-85,4704,6.014741317808518,7.357951395163919,2.5023035925360137e-09
BTH,no2,-8.223433287518446,-18.890216347950027,-21.997240330895433,-44.91399082009436,-13.773807043376987,0.6639483425775834,-15.075121882424112,-12.472492204329862,1.3518072187811954e-95,-1.654209240238457,-4.990844546018433,-14.1346336960508,3.402885900914311e-22,15.939109606273497,6.605492467692404e-70,4704,14.171575521702445,17.70664369084455,7.434939703296574e-95
BTH,o3,16.203450870521927,29.124296749979095,27.90172772725667,55.80512946701925,11.698276856734736,0.8478691005062053,10.036483956138202,13.36006975733127,2.646968053638909e-43,1.8001949245405042,1.8783681478836052,2.6146928345123794,0.02673790246324591,-3.859534029263249,3.1521426423551106e-10,4704,-5.061953610281981,-2.657114448244517,4.852774765004667e-43
BTH,co,-0.04309382428502162,-3.406847188902869,-0.1668926873065808,-11.139826679554965,-0.12379886302155896,0.03631526615299728,-0.19497547677042007,-0.052622249272697846,0.0006520068528717462,-0.2984744380083609,-0.24918113375274087,-20.3941887022796,3.0836914664273673e-17,0.8040202403537968,1.7611823225693386e-50,4704,0.698554408430661,0.9094860722769327,0.001195345896931535
Xinjiang,pm2_5,-4.785338689425885,-6.836139418326621,-17.40710886405526,-20.075695616439617,-12.62177017462936,3.0655962362281537,-18.630228388778086,-6.613311960480635,3.8345042983252855e-05,-0.4540874165921355,-12.923421980162235,-19.816560555369342,1.473798562045588e-09,35.22273279524893,2.609825034267956e-07,2184,21.816893687284164,48.6285719032137,4.686616364619793e-05
Xinjiang,pm10,-3.7015820413997744,-2.6724396315630106,-19.400082815263303,-16.39432065393342,-15.698500773863579,5.078451689359826,-25.652083182235433,-5.744918365491724,0.0019935051257465005,-0.3744419215533917,-13.514022684314414,-10.02465257796298,0.003989218481704654,39.51979216602921,0.0014616871838353865,2184,15.178849157632744,63.860735174425685,0.0027410695479014383
Xinjiang,so2,-0.8943429807429943,-5.261366590628253,-0.9789732335915549,-6.003366109064613,-0.08463025284855835,0.6862900583804139,-1.4297340502220606,1.260473544524944,0.9018572082649886,-0.3552609056816439,-5.549075855293424,-34.457836483088926,6.938999678233132e-12,2.10856748168569,0.05247301264978405,2184,-0.02254157889654307,4.239676542267922,0.9018572082649886
Xinjiang,no2,-3.3135239483695322,-10.830042240349957,-15.989325329643652,-38.681059145767165,-12.675801381274116,0.8244258720917066,-14.291646398496887,-11.059956364051345,2.3970228460984584e-53,-1.218585683502188,-4.458653545899649,-16.34275248110065,5.665786687598743e-10,10.036347938244006,9.989088770083877e-11,2184,6.994670609467307,13.078025267020706,8.789083769027682e-53
Xinjiang,o3,19.739578026368903,33.072452126522734,27.530028794097724,46.29178858783966,7.790450767728837,1.7378258435640757,4.384374702940311,11.196526832517364,7.364511653999686e-06,2.4353446140618176,3.664643056088368,4.613941163185982,0.02848934920801635,1.5263198577609063,0.11041183244385613,2184,-0.34766873499500117,3.400308450516814,8.100962819399655e-06
Xinjiang,co,-0.18189463001391348,-13.092938185473825,-0.207522831589676,-12.435417841481199,-0.025628201575762517,0.03602440115844902,-0.0962347304109456,0.044978327259420574,0.4768287878829015,-0.41278783150648213,-0.2715364147945406,-22.49004124238766,8.468700299021706e-24,0.5397820672909674,3.4783467166876264e-10,2184,0.3712054829103804,0.7083586516715545,0.5245116666711916
Jilin,pm2_5,11.338938132963932,23.92747885043942,-20.032525905152795,-23.327217893496215,-31.371464038116724,2.5052492842805347,-36.28166240760132,-26.46126566863213,5.638283210143876e-36,-0.575420691677962,-20.86847743808408,-35.534295112332074,1.4713190795577242e-22,34.419120212870126,5.724354543594325e-50,1344,29.880337143550182,38.957903282190074,2.067370510386088e-35
Jilin,pm10,-1.7962699733259626,-2.175200639438941,-21.356370142891265,-20.547919421230965,-19.560100169565324,2.492800810039808,-24.44589997787562,-14.674300361255028,4.273458395158829e-15,-0.5598220902977533,-19.191437119581217,-23.756707118297662,6.138020239039904e-15,29.528230064035697,3.447462550962034e-33,1344,24.706376839116757,34.350083288954636,9.401608469349425e-15
Jilin,so2,0.13066475901376684,0.8307738547831572,-2.025168607969512,-10.688761658165882,-2.1558333669832788,0.3836511419021074,-2.907775787739075,-1.4038909462274827,1.9178328990304216e-08,-0.4175271534208875,-2.9891743388669836,-18.84874736939521,6.844093561397401e-11,4.4578496019999205,9.07853233922225e-36,1344,3.7580001848398212,5.15769901916002,3.013737412762091e-08
Jilin,no2,-1.066522397475019,-4.745333189112734,-15.17103883350747,-45.12433219668019,-14.104516436032458,1.0023418408691873,-16.069070344333642,-12.139962527731273,5.679993823382482e-45,-1.6385979611997328,-4.996730557193075,-23.33976076371317,1.2163904105639376e-09,9.1343537313501,8.932828606080573e-20,1344,7.16725288227659,11.101454580423608,1.5619983014301824e-44
Jilin,o3,15.116705856217706,24.065712655741034,17.51950650076249,25.520776262882944,2.402800644544781,1.573080063411742,-0.6803796245402172,5.4859809136297795,0.12664923008201354,1.2060847998778743,2.5616232588025065,3.2870404436641425,0.03006567470223298,4.297043924058597,0.01817211570380134,1344,0.7315392130577494,7.862548635059445,0.12664923008201354
Jilin,co,0.025659904401997835,3.100567277115906,-0.1946398054408176,-16.201464986109187,-0.2202997098428154,0.028572301932926463,-0.27630039258675543,-0.16429902709887537,1.2556741579984182e-14,-0.5917707491530699,-0.16035847250939836,-18.793903002800175,5.038604678119806e-07,0.3945669197118351,1.2026549895931985e-54,1344,0.3448918672883022,0.44424197213536804,6.9062078689913e-14
Guangzhou,pm2_5,-21.8110234178927,-49.27633994212375,-9.68959412365271,-30.17390329346884,12.121429294239995,1.115804679727739,9.934492308192377,14.308366280287613,1.7222092069626935e-27,-0.8442861039555468,4.591974518173108,20.452729975453042,2.7264131361566683e-20,-18.278716554140683,1.6131371992401218e-38,756,-21.039027759877694,-15.518405348403672,4.736075319147407e-27
Guangzhou,pm10,-29.978302063159262,-46.14293004959159,-25.397065600418195,-45.92487839191189,4.581236462741078,1.3496587359248358,1.9359539489085442,7.226518976573612,0.0006878755665514112,-1.4444274862476423,8.056173977254437,23.024184217939688,3.791944539264072e-14,-31.152599922675215,2.785475889792617e-29,756,-36.587847949355904,-25.71735189599453,0.0010809473188665034
Guangzhou,so2,-2.7172489462736147,-30.3242328336557,-2.322175223896246,-28.262244396149843,0.3950737223773705,0.38907329713133665,-0.36749592734630043,1.1576433721010413,0.3099045428124325,-1.8899973519162356,1.0996035189366733,17.612246505271024,0.0002911680103721437,-3.069775024304619,3.6171649976418795e-18,756,-3.7621215642053594,-2.377428484403879,0.37877221899297303
Guangzhou,no2,-13.820883442842405,-36.990102935249624,-21.805402873014636,-59.075714109892296,-7.984519430172218,0.8632598724726844,-9.67647768951732,-6.292561170827117,2.2604138520474767e-20,-1.7339655305982073,1.5408678688002428,6.544950471187121,0.00015565374524204785,-10.670059067033431,1.6543842493843214e-05,756,-15.525558967198343,-5.81455916686852,4.144092062087041e-20
Guangzhou,o3,-44.12808599318484,-46.322997142179595,-21.402966108362165,-25.693484952882876,22.725119884822675,1.6057043667223234,19.577997156228225,25.872242613417125,1.7961445584877798e-45,-0.8856540311412071,45.04857724052761,88.09969016973355,0.0,-58.98516189943056,1.6173910715933228e-128,756,-63.77862168930675,-54.19170210955436,3.9515180286731156e-45
Guangzhou,co,-0.11028654719647246,-11.19531815624728,-0.1739540041733737,-19.855415434026607,-0.06366745697690158,0.010974877181839046,-0.08517782098805657,-0.04215709296574661,6.584202957774041e-09,-1.5158510474176303,-0.1787946629775589,-20.437726741691733,1.367047056912328e-21,0.02007366293941329,0.22805340239243,756,-0.012566154080948418,0.052713479959774996,2.414207751183815e-08
Wuhan,pm2_5,-31.197013183296086,-33.92450237841027,-9.773498323192698,-17.898949480352083,21.423514860103353,1.0100229862159276,19.44390618356254,23.403123536644166,7.572078939965743e-100,-0.4850165676046348,-19.892793706011382,-32.73827601071169,3.3337063383713685e-16,-15.819165013193125,2.0964740961589973e-40,336,-18.14907096654994,-13.48925905983631,8.329286833962317e-99
Wuhan,pm10,-45.82058102206349,-37.38828348481362,-16.69527814774065,-23.237055877169855,29.125302874322816,1.4386084765548002,26.305682072421373,31.94492367622426,3.894614727541844e-91,-0.675050259043496,-15.877001055314746,-20.69130099655592,1.614751701982386e-12,-33.8613529740394,4.5870491761154036e-29,336,-39.792509617499924,-27.93019633057887,4.284076200296029e-90
Wuhan,so2,-3.6956914880661733,-35.76696438621156,0.23090667118344843,3.2712478315795455,3.9265981592496226,0.19349655920811648,3.5473518720692923,4.305844446429953,1.4869553521140985e-91,0.14676699032422152,1.5871219373521355,23.913228854393058,2.0059827468345484e-08,-4.980095325526735,1.1523311006268454e-51,336,-5.625548170938965,-4.334642480114504,1.6356508873255082e-90
Wuhan,no2,-17.365510779598793,-38.77309466780305,-16.697369817424956,-49.880966723469406,0.6681409621738164,0.821099111101313,-0.9411837233226095,2.277465647670242,0.41580803036650527,-1.9326893632070938,-2.9733257471266255,-10.842840924575176,8.869029923142025e-13,-14.463305967131108,6.885605890857881e-53,336,-16.31526290736809,-12.611349026894125,0.41580803036650527
Wuhan,o3,-5.557212911117659,-10.071682737218532,24.77629203818934,50.83659909565187,30.33350494930702,2.0235817935936375,26.367357514092525,34.299652384521515,8.534442326291465e-51,1.2309272617254865,33.64288568929359,67.80188588320175,2.7191048296209925e-100,-3.6394695045353425,0.018903456241544186,336,-6.678210184847375,-0.6007288242233106,3.129295519640204e-50
Wuhan,co,-0.3359531351753642,-25.854019925779056,-0.19995180674734547,-18.275991654699595,0.1360013284280185,0.03314499614479317,0.07103832971650492,0.20096432713953205,4.074332389716153e-05,-1.1885542548737076,-0.17493809140863878,-18.15708617232288,3.8866526430091266e-07,0.005337811988875862,0.8608267936983882,336,-0.05433485881832961,0.06501048279608133,0.00011204414071719422
Shanghai,pm2_5,-23.170135129365214,-36.64907909670647,-15.12964543828825,-29.922586648233736,8.040489691076985,1.3493372994068833,5.395837181242954,10.685142200911017,2.540293435793817e-09,-0.6339979237343916,-15.368385774494119,-38.37159225219603,1.1368271681713728e-57,-5.77957375281533,3.5362718693668053e-06,840,-8.222518473792572,-3.3366290318380885,3.991889684818855e-09
Shanghai,pm10,-35.58356978060861,-38.86924370856248,-19.969035267543177,-30.51625044129335,15.61453451306545,1.1917012102337463,13.278843060674513,17.95022596545639,3.1764032190552906e-39,-0.7140549946948903,-14.866898761576907,-26.565450856816536,5.021456675299706e-60,-22.6469315996294,2.1715281212786623e-87,840,-24.88691070679382,-20.40695249246498,1.7470217704804098e-38
Shanghai,so2,-3.601814939891253,-33.47151226436059,-0.6232198737229355,-7.539623265417986,2.978595066168318,0.211983792786532,2.5631144670005135,3.394075665336122,7.589929099420007e-45,-0.3595365360185255,-0.4784216730662978,-6.6827795239853724,0.0075162102339579075,-2.6018457214889827,5.246583639618301e-66,840,-2.8990122264345546,-2.304679216543411,2.7829740031206694e-44
Shanghai,no2,-16.44571889688788,-37.86302817485003,-17.87449433555674,-49.43050333495807,-1.4287754386688607,1.514764383374184,-4.397659075146285,1.540108197808563,0.34556184381686195,-1.9116489296531782,-1.1894373229202835,-4.407110698263661,0.37344965866234825,-7.556480202542738,5.192831211179272e-32,840,-8.814164563635982,-6.2987958414494924,0.3801180281985482
Shanghai,o3,8.099306356699401,11.649432969950542,21.65837139795984,33.5954708696129,13.559065041260443,1.4634881737923857,10.69068092882707,16.427449153693814,1.952683878869778e-20,1.3714572437454804,7.161823480419408,9.226225204670019,8.925633490972489e-42,-8.534953027466445,2.8737780328540193e-08,840,-11.54960941045865,-5.520296644474239,2.6849403334459447e-20
Shanghai,co,-0.18734038807991193,-19.01435607403541,-0.1718719938824288,-18.3471408869844,0.01546839419748314,0.028272938112303275,-0.03994554623976114,0.07088233463472743,0.5843034777183158,-0.8433226680599987,-0.17895748668799946,-22.42807703437575,1.3595467613712207e-12,0.006126581054617085,0.6150365720040643,840,-0.01775082165947231,0.03000398376870648,0.5843034777183158
Nanjing,pm2_5,-23.42646356349455,-29.34430412040534,-23.803102769250096,-36.096472423546246,-0.3766392057555379,1.9661253949146162,-4.2301741688777765,3.4768957573667008,0.8480836003508881,-0.8752565689717435,-26.961317078960654,-47.798141217271144,2.83423672176533e-116,7.722462117513361,0.004454716587846901,420,2.4005212387988806,13.044402996227841,0.8480836003508881
Nanjing,pm10,-40.86102718352532,-35.18186093533331,-32.99545727303497,-38.24318809413529,7.86556991049036,1.0175617527979721,5.871185522960886,9.859954298019835,1.0769815596225248e-14,-0.9842859004394644,-25.640115638527394,-34.059082849108044,0.0,-7.679199447170611,0.0006441167970791536,420,-12.089963957649292,-3.2684349366919303,1.9744661926412956e-14
Nanjing,so2,-2.646959286500838,-24.00569871034333,-0.5534125798361638,-7.469107760267553,2.093546706664676,0.20168620087269915,1.698249016775475,2.488844396553877,3.050781608701588e-25,-0.3883460004766873,-1.6028967868078325,-19.12897156870512,9.865287775556568e-25,-2.196308611054194,1.2341646924659586e-238,420,-2.3268037301322084,-2.0658134919761797,6.711719539143494e-25
Nanjing,no2,-18.24580755158198,-39.314509501384094,-21.460629700520826,-57.28472556700627,-3.2148221489388575,0.6194205178730233,-4.428864055255132,-2.000780242622583,2.1024000653132633e-07,-2.648222456386655,-6.455745611495974,-22.921936970675084,2.604746321591584e-23,-7.761704486890517,2.33670135142562e-15,420,-9.682003653704257,-5.841405320076777,2.890800089805737e-07
Nanjing,o3,6.671963985033969,9.929957285953561,25.0046456277706,47.519149026529966,18.33268164273665,1.2305790402222858,15.920791043771102,20.744572241702194,3.4160162285117784e-50,1.2691391335228188,13.166193736211586,17.825341920579252,1.3477774564276663e-122,-17.95113463164228,1.9428716082300653e-33,420,-20.870968280591885,-15.031300982692674,9.39404462840739e-50
Nanjing,co,-0.1675302058003063,-15.51494600595191,-0.17650376751445607,-18.825486235624094,-0.008973561714149703,0.012259198373397303,-0.03300114900534043,0.015054025577041025,0.4641771062311507,-0.8295982594960314,-0.28559237448658265,-31.305732346658136,5.2124445089678e-29,0.03987123978308276,0.02687261668804583,420,0.004564700604648947,0.07517777896151658,0.5245116666711916
Beijing,pm2_5,8.694315816003254,19.51525108199543,34.222949313406424,66.17756085482742,25.528633497403163,3.580592598193987,18.510800961632253,32.54646603317408,1.0057109605563474e-12,0.8069152006939558,10.753237992164987,20.195502385626064,1.1889831623947946e-09,31.68007857171865,3.260139426349022e-36,1092,26.73870187052401,36.62145527291329,1.8438034276866372e-12
Beijing,pm10,-3.085012187719485,-3.6783407320178694,37.636423504339135,53.92300726318913,40.72143569205862,3.7843664048679786,33.30421383421405,48.138657549903186,5.29187122163536e-27,0.7874449089838668,14.38346219653814,17.804695603422,3.1817310413529232e-15,18.514530257200644,1.0949550695905275e-09,1092,12.560745579204687,24.468314935196602,1.940352781266299e-26
Beijing,so2,-2.6648697878072536,-17.004760381057775,-2.4770813636737863,-18.048489475379125,0.1877884241334689,0.2570688831720987,-0.31605732842977935,0.6916341766967171,0.465085551914331,-0.6470720251111749,-5.88819058087667,-45.27132425351744,4.151243912910113e-48,6.7744666361959025,4.253693967611892e-59,1092,5.955383758937413,7.593549513454392,0.5115941071057641
Beijing,no2,-7.089431333986216,-18.813910438215306,-15.22826574719608,-36.46046538833011,-8.138834413209867,0.6554074081309257,-9.423409328347226,-6.8542594980725084,2.0877289138751828e-35,-1.3225000153099857,-2.674908173399007,-8.743693511539803,3.890915929369015e-11,10.937460426087439,1.806166501777923e-16,1092,8.334077138102021,13.540843714072857,4.5930036105254023e-35
Beijing,o3,14.738150146274528,26.793294346498,24.784164143659098,47.51399408285619,10.046013997384577,0.7776492860326367,8.521849404157322,11.570178590611832,3.542607423924823e-38,1.7397725589712139,0.057243727905702604,0.08207573138723828,0.9663232434553396,-1.7933929859278832,0.004928841890832789,1092,-3.0435444053460285,-0.5432415665097377,5.566954523310436e-38
Beijing,co,0.013046270807060112,1.353166717852104,0.14616152000034277,13.347350286182449,0.13311524919328227,0.04136514173245467,0.052041061182276346,0.21418943720428818,0.0012906363246705675,0.3142868846203041,-0.05920445279948442,-6.058735136464499,0.006992089635928911,0.5122209107547018,5.330143663740258e-39,1092,0.43536990538916437,0.5890719161202392,0.002028142795910892
