region,pollutant,H1_holiday2019_abs,H1_holiday2019_pct,H2_2020_abs,H2_2020_pct,H3_lockdown_DiD,H3_se,H3_ci_lo,H3_ci_hi,H3_p,H3_cohend,H4_reversion_abs,H4_reversion_pct,H4_p,placebo_DiD,placebo_p,n_obs,placebo_ci_lo,placebo_ci_hi,placebo_meteo_DiD,placebo_meteo_p,placebo_meteo_ci_lo,placebo_meteo_ci_hi,H3_qval
National,pm2_5,-5.234114755830838,-8.929692115559536,-13.587601623434345,-21.46045074559243,-5.4405017223446555,4.242745325928974,-13.756129756741096,2.875126312051786,0.19973499884368162,-0.35533193075837893,-15.070749154091557,-28.23262642224443,0.0001298844407826575,21.18335220460411,2.7927489663427778e-05,59760,11.273760562452749,31.092943846755468,13.559596761485551,0.0004727735966120952,5.957078717431618,21.162114805539485,0.2197084987280498
National,pm10,-14.502563747716934,-15.56706480918436,-19.037877076715645,-22.806610435076802,-4.719595237625833,5.047660216003612,-14.61282746718858,5.173636991936916,0.3497849367933683,-0.4205571820322251,-14.242299829173781,-18.106319830386518,0.002503203303772676,12.57765372732691,0.037841526451950686,59760,0.7062590618032463,24.44904839285057,10.97678055801828,0.02481654376581838,1.3904475625494488,20.563113553487113,0.3792279783948491
National,so2,-3.2931408910704842,-21.00419395407826,-1.9633981761624675,-15.37869157002929,0.7470284859123251,0.6922095401603682,-0.6096772825570287,2.1037342543816786,0.2805011872444494,-0.30372872671502493,-2.604530379083566,-21.02912007769763,6.565526884982475e-09,0.4467529693935281,0.6051701984104094,59760,-1.246968102065078,2.1404740408521343,1.541318754618344,0.03279998451886409,0.12604747320371645,2.9565900360329715,0.5520020108611476
National,no2,-10.005604114525553,-29.842738542275228,-17.109747163204332,-51.44273728180992,-6.48432026981524,2.0024947281875574,-10.409137816294177,-2.5595027233363026,0.0012031975936881987,-1.4757844596536465,-3.5971928158706095,-15.29278023965145,0.0376403046971309,2.185144907305945,0.3151378647178027,59760,-2.0784758310381153,6.448765645650004,0.8352294605156114,0.6380743595542792,-2.644882116484364,4.315341037515587,0.002997449066671451
National,o3,3.9417287012108915,5.962018565143101,17.19970886417505,28.77050396787233,1.199338156947422,2.1397314940372136,-2.994458507951598,5.393134821846442,0.575132494756409,0.8987461342534296,12.652654396459125,18.06084298499275,4.775542832856399e-06,-11.423944570679142,2.0750497604257014e-05,59760,-16.68406118738151,-6.1638279539767735,0.6330943577166609,0.7781598567132235,-3.771461778116825,5.037650493550147,0.9037796346172142
National,co,-0.10026236049152748,-9.650885142938701,-0.20384210640538813,-18.412191543269422,-0.03386723758570408,0.03571097941606004,-0.10385947109383296,0.03612499592242481,0.3429408978278071,-0.5292176295433899,-0.22364189178669444,-23.826402667063203,4.647753455451887e-16,0.323119070102924,2.1349809802015763e-09,59760,0.2173429377546202,0.4288952024512278,0.22317565592048366,1.735685945652888e-07,0.13946962700448834,0.306881684836479,0.41914998623398647
Guangdong,pm2_5,-18.935211284655217,-45.65365528541307,-9.122561827568003,-28.972818966280155,10.797520187778675,3.186230695373248,4.552622778411097,17.042417597146255,0.0007019745584070971,-0.9095369923320813,3.8244588514766185,16.966999742266438,0.03904755351370362,-13.436530338858026,0.001536591597687175,4240,-21.750215311736522,-5.122845365979529,-8.624284711243355,0.01916494537679156,-15.840797202511792,-1.4077722199749179,0.0052231081183473724
Guangdong,pm10,-26.722551175156212,-43.33307129648494,-20.640432295644683,-40.59642994739242,9.220166710396992,4.449891552137062,0.49853953309930965,17.941793887694672,0.03826562112829016,-1.4757834128626284,6.398482997990477,18.310023400156737,0.005225082369253371,-21.263141343239194,0.0005683830769042401,4240,-33.35592469193512,-9.170357994543266,-11.641205202657494,0.024689950335227702,-21.79886909093201,-1.483541314382979,0.10523045810279795
Guangdong,so2,-2.7680371559151293,-29.578148072292624,-2.017134460644602,-24.485840467200145,0.5448565617459571,0.39164951858779495,-0.2227623892485715,1.3124755127404857,0.16416962395658063,-1.4359128511649568,0.5129907159413937,7.78396952334827,0.007655118311326304,-2.2932969227118822,3.1403930288551036e-06,4240,-3.2575485903765498,-1.3290452550472147,-1.0321933539617196,0.031654710216564665,-1.9737024100798715,-0.0906842978435678,0.5520020108611476
Guangdong,no2,-13.203718834573525,-42.00452530504287,-16.21032780446748,-56.43094082195503,-1.4276999136181545,2.4188986108350394,-6.168654073108799,3.3132542458724905,0.5550382946484853,-1.6664614238002806,1.7488312509630644,9.592981594978179,0.2888550603536255,-6.213209784501188,0.05637183671141909,4240,-12.595133451408685,0.16871388240630836,-3.2127434456295423,0.25675370978242906,-8.765054607042506,2.339567715783422,0.5550382946484853
Guangdong,o3,-37.961615660956355,-39.325884388053886,-17.942774360987087,-21.062795478069713,17.586516907869466,5.424555694748832,6.954583114030106,28.218450701708825,0.0011868578092672727,-0.8397954079312544,36.18998281259477,61.79007641895909,1.8652165289199652e-06,-48.95167999503711,8.918157387748626e-09,4240,-65.63717098904401,-32.26618900103021,-19.219176101512343,0.001421081853814765,-31.026368241060712,-7.411983961963973,0.013055435901939999
Guangdong,co,-0.13908525772771807,-14.728090586664287,-0.1560089229355659,-18.82597587402964,-0.08006688004435475,0.04133372373341833,-0.16107948990878312,0.0009457298200736403,0.05273512005222814,-1.218459754719716,-0.14164526354227364,-17.589820840611246,4.141301312706268e-06,0.02796201081680401,0.6203609812705062,4240,-0.08267849068765902,0.13860251232126702,-0.0025199185677029718,0.9628765400343189,-0.10863312286390456,0.1035932857284986,0.1450215801436274
Jiangsu,pm2_5,-15.781069630068593,-21.32203563480257,-28.742302050235466,-38.57590422854276,-31.606820570743057,10.074702403627564,-51.3528744368122,-11.860766704673917,0.0017054292695137102,-0.9113796973271603,-27.592686894350585,-47.38415134190907,1.951104317438843e-05,19.342450979176288,0.13770130396392183,3680,-6.196729724395134,44.88163168274771,33.842325195777995,0.006079106394456519,9.66513097920247,58.01951941235352,0.0052231081183473724
Jiangsu,pm10,-31.660591144872384,-28.528641173365866,-36.202530364318044,-38.837739425141336,-31.74768220831055,12.51736584597334,-56.28126844773004,-7.214095968891058,0.011203359778244697,-0.9906571855073462,-27.93962410742538,-35.22496635792792,0.0008455200368937799,3.4585923067898077,0.833409409608954,3680,-28.77022396297772,35.68740857655734,27.079514074872716,0.08077513047096035,-3.314876210005618,57.473904359751046,0.04107898585356389
Jiangsu,so2,-3.3903166176915214,-28.013157503525875,-0.9762449046154913,-11.228439265836455,-0.03044186325603109,0.7979122234525766,-1.5943210840473572,1.533437357535295,0.9695665752873751,-0.44003447632864623,-1.4802290763342194,-16.9901655557756,0.022099010412190798,-1.9913681475866718,0.10542327503743723,3680,-4.401955590589996,0.4192192954166516,1.2323517512087232,0.20775415858718116,-0.6849622703074689,3.1496657727249153,0.9695665752873751
Jiangsu,no2,-18.43213946081798,-40.66385937667558,-20.321335384862437,-56.150807653388824,-7.931460956689253,4.3364115404138825,-16.430671398044318,0.5677494846658133,0.06739393426058982,-2.655471610799732,-5.639287820363919,-20.967073263827732,0.061619158365144845,-8.217482536699544,0.06483558105027519,3680,-16.940433152096396,0.5054680786973087,-0.5492703857184192,0.8931470827728557,-8.563901709630732,7.465360938193895,0.092666659608311
Jiangsu,o3,13.1595631933114,19.92946524904918,24.52517051714961,43.645660001977674,-9.488145024169883,6.862819422643508,-22.939023924953126,3.9627338766133597,0.16680494435850346,1.3640299991353166,7.074838977655602,8.933977090306398,0.17048415484951407,-10.94942059475825,0.08059045093413038,3680,-23.231704113182523,1.3328629236660259,7.259707619610995,0.2490439523654402,-5.084422216884724,19.603837456106714,0.4587135969858845
Jiangsu,co,-0.11355315279136058,-11.212953502338486,-0.2213184831193009,-22.074689929963203,-0.22776672912239482,0.06453197081657991,-0.3542470677742813,-0.10128639047050839,0.0004163179548609901,-1.0097495816657256,-0.2675493614000374,-29.756039987951556,9.663204844838171e-08,0.13595692297690679,0.15031469971223546,3680,-0.04929531749030003,0.3212091634441136,0.25347511573116116,0.005179623129688025,0.07576941095989714,0.4311808205024252,0.0022897487517354455
BTH,pm2_5,16.84665170954578,27.353397189670854,7.443065392945101,9.2246517719599,6.5824596866015215,11.24253848764419,-15.452510843986499,28.61743021718954,0.5582143527428438,0.1465421799734929,-14.824020900601651,-18.899623763949172,0.22696589464990347,63.27261451001409,0.0001333229606798304,4480,30.810750724224263,95.73447829580391,27.095530941051404,0.005375554750398261,8.017418346012242,46.173643536090566,0.5582143527428438
BTH,pm10,5.256489765147293,4.880667591619452,3.065907177768338,2.8373141103427435,12.66224262186204,14.400044921184174,-15.561326799417861,40.88581204314194,0.3792279783948491,0.05144028354534687,-11.159962093242902,-9.879857560185734,0.4589334223953776,59.281530502669106,0.0024129377152628012,4480,20.98630367536746,97.57675732997075,23.673245753651422,0.06986961766489182,-1.9224409906334579,49.268932497936305,0.3792279783948491
BTH,so2,-6.593683956112777,-27.444016432783208,-3.6659212974032123,-20.666721836684584,2.5494469190058138,2.003045111098432,-1.3764493581561443,6.475343196167772,0.20309414207103893,-0.7335972029368519,-6.471093522521512,-37.12136918539031,1.8406745049687964e-09,6.092029163045828,0.008690218940465374,4480,1.5416750114609545,10.6423833146307,4.496014487636884,0.04568736795977037,0.08618732487618264,8.905841650397587,0.5520020108611476
BTH,no2,-9.997917405353,-22.06692711965959,-23.556368077962286,-46.61351168691364,-13.876575394515665,4.33306574232318,-22.36922819211341,-5.383922596917918,0.001362476848487023,-1.8136204239325797,-4.990844546018433,-14.1346336960508,0.223878523109741,15.723753235505797,0.0036351211122704146,4480,5.126835322380673,26.32067114863092,4.802051418400014,0.25379241097113536,-3.445373183303916,13.049476020103944,0.002997449066671451
BTH,o3,18.10959632908059,33.70521253896339,30.48784109387993,64.3035357999958,-0.18486078050791485,3.871317563459875,-7.772503777606625,7.402782216590795,0.9619143804272611,2.0710161164276206,1.8783681478836052,2.6146928345123794,0.6439602348614655,-4.539501937327831,0.3296241071145809,4480,-13.666101892083814,4.587098017428152,7.548235851512231,0.024100328256883737,0.9891139418776964,14.107357761146766,0.9619143804272611
BTH,co,-0.05596254658625832,-4.379646804533159,-0.16486091918978718,-11.019153209466037,0.016033304111759437,0.11384677096683336,-0.20710226673941423,0.2391688749629331,0.8880024151766164,-0.2950954650740062,-0.24918113375274087,-20.3941887022796,0.02923618196322193,0.7891197499357661,0.00012665833753609343,4480,0.38559773631299255,1.1926417635585396,0.33708798491469394,0.010513726856325008,0.07885427706765008,0.5953216927617377,0.8880024151766164
Xinjiang,pm2_5,-5.014010047130284,-7.139487377409866,-18.306620942153643,-20.896326034666554,-5.889344356619802,4.550308245656891,-14.807784636662944,3.029095923423341,0.19557089241361347,-0.48006476201004045,-12.923421980162235,-19.816560555369342,0.0003098277798638304,35.89357351564296,4.441838719042266e-06,2080,20.565278468783504,51.22186856250242,30.002091493042798,1.497272294554032e-05,16.41886070651693,43.585322279568665,0.2197084987280498
Xinjiang,pm10,-1.9881459712243839,-1.453365185483014,-20.57533615241975,-17.216497292464265,-9.532887645107904,6.748600033059387,-22.75990065597012,3.6941253657543136,0.1577814236329007,-0.3974590336021645,-13.514022684314414,-10.02465257796298,0.09337940873750701,42.40848157336104,0.0010077463043587488,2080,17.131681162835093,67.68528198388698,34.277807752718054,0.0025170214822368814,12.041173175619434,56.514442329816674,0.22992534106870205
Xinjiang,so2,-1.0093917170258138,-5.898270504943802,-0.9231979956580414,-5.680765106926228,0.9271902158239246,1.1268827766233784,-1.2814594411563922,3.135839872804241,0.41062624527705804,-0.3319236836815155,-5.549075855293424,-34.457836483088926,1.9901082693954787e-10,1.937743507469357,0.12775519670036622,2080,-0.5559350958394789,4.431422110778193,0.17412585838193845,0.9423981097512394,-4.549080436576668,4.897332153340544,0.5646110872559548
Xinjiang,no2,-3.671469661150155,-11.861198171571296,-16.729192382444186,-39.75929056782011,-11.03876188372665,1.7524820991520844,-14.473563681615888,-7.603960085837413,2.997074958558077e-10,-1.3001693039076014,-4.458653545899649,-16.34275248110065,0.0002655206065301828,10.418269278263926,6.422763553639294e-06,2080,5.892657844145519,14.943880712382335,8.975503155241428,2.7629825703570444e-05,4.779189317834967,13.17181699264789,3.2967824544138844e-09
Xinjiang,o3,20.47070084789535,34.722740272484394,28.93347182911525,49.82755676326768,6.004079263743704,2.8614570502448866,0.3957265019555063,11.612432025531902,0.03588223351708299,2.6258191004136875,3.664643056088368,4.613941163185982,0.1669113390655822,0.8539996442698553,0.6493900191166254,2080,-2.8278583571257556,4.535857645665466,3.2998121527286424,0.07192614186529345,-0.2940785776057626,6.893702883063048,0.13156818956263763
Xinjiang,co,-0.1849083171189747,-13.281055764702725,-0.2120416536616776,-12.671886624964591,0.08232176390914053,0.07803416183600272,-0.07062238285319478,0.23526591067147584,0.2914503915693093,-0.4244469179583063,-0.2715364147945406,-22.49004124238766,4.1370750758428086e-07,0.5412872022579086,8.38577032535426e-07,2080,0.32592643493246953,0.7566479695833477,0.4610937641706353,1.4364185413412275e-05,0.2527762197759804,0.6694113085652902,0.4007442884078003
Jilin,pm2_5,12.304963335056883,26.50632389760319,-22.162423831592704,-25.182830430157082,-17.374338560584377,8.536456622089354,-34.10548609546795,-0.6431910257007978,0.041819654877130456,-0.6305343652164361,-20.86847743808408,-35.534295112332074,0.0005640947825034393,37.51504334140302,0.0039111747120781715,1280,12.030793557854945,62.999293124951095,7.916823800989985,0.3495446031761251,-8.670175393028963,24.50382299500893,0.07666936727473918
Jilin,pm10,-1.1699970991679862,-1.4276399287106794,-23.480621552069792,-22.139266173874297,-11.227006135192148,10.498424949639576,-31.80354093088245,9.349528660498152,0.28488987515913744,-0.6085749800595508,-19.191437119581217,-23.756707118297662,0.008045031201415014,32.27875434737219,0.027574024827203687,1280,3.564841265312001,60.99266742943239,7.632464606746472,0.45172975099777646,-12.246169181707854,27.511098395200797,0.34819873630561243
Jilin,so2,-0.01470446695528338,-0.09263562503456318,-2.3342790408678837,-12.122459927628304,-0.12101401309049353,1.2029731777518007,-2.478798115851723,2.2367700896707365,0.9198713547344933,-0.48158606622534117,-2.9891743388669836,-18.84874736939521,0.00029246376397518733,4.6215908089292395,0.002312219441772898,1280,1.6486741208659184,7.594507496992561,2.6843587063872523,0.02427463567027933,0.3488860647318037,5.0198313480427,0.9695665752873751
Jilin,no2,-1.9310670735695048,-8.273733790603076,-16.50976123947539,-47.225729816676285,-9.500861743226496,1.8069736361569069,-13.042464991107417,-5.9592584953455745,1.4572064406935388e-07,-1.8590993922367864,-4.996730557193075,-23.33976076371317,0.0038105516572865907,9.608531461223535,0.005374133166313758,1280,2.8433200422196165,16.373742880227454,2.469908851667609,0.2546599747821474,-1.7798649933193498,6.7196826966545675,8.014635423814463e-07
Jilin,o3,15.906713320967,25.645946067381427,18.84930709923009,28.00030729461955,-1.1733186441402057,3.0949059722546273,-7.239222885297195,4.892585597016783,0.7046040594855658,1.3018780351648762,2.5616232588025065,3.2870404436641425,0.3361980488494052,3.7572507903403047,0.2852525884397631,1280,-3.1341179034475544,10.648619484128163,10.413711076728251,0.0038423790313214376,3.3532585525765546,17.474163600879947,0.9619143804272611
Jilin,co,0.023123543417741255,2.785553702441624,-0.21575076981531938,-17.648575875436695,-0.10534847458582679,0.07076197575051704,-0.24403939853173684,0.03334244936008328,0.13654731952710494,-0.6569718145829889,-0.16035847250939836,-18.793903002800175,0.0027561837809011265,0.4131415231020811,0.0014531420500283924,1280,0.15881598905065364,0.6674670571535085,0.17975029072286902,0.019224582784621927,0.029266763990783956,0.33023381745495406,0.25033675246635906
Guangzhou,pm2_5,-22.798807628051783,-50.38360023547309,-10.200398194346846,-31.267215498502022,13.742558210620043,4.23910528712381,5.43406452118405,22.051051900056038,0.001187550620222256,-0.875285310836889,4.591974518173108,20.452729975453042,0.05020799238323268,-18.75569669360562,0.0012956273065369193,720,-30.182834002992124,-7.328559384219121,-13.406049237644355,0.007406943484781797,-23.217718211801497,-3.5943802634872135,0.0052231081183473724
Guangzhou,pm10,-31.249708591656642,-47.17666311214848,-26.969813057670414,-47.42022606911939,8.531457314885733,6.1768581718323805,-3.574962239517653,20.63787686928912,0.16721842986814694,-1.5299813118120769,8.056173977254437,23.024184217939688,0.02129311109235989,-30.851258993920386,0.0006416009391545333,720,-48.56601163922522,-13.136506348615551,-21.332116534990337,0.0056429365013726425,-36.43783029115315,-6.226402778827531,0.22992534106870205
Guangzhou,so2,-2.893062990533056,-31.66501147651567,-2.525169602511089,-29.991839077328752,0.41184647979763367,0.5720310544518673,-0.7093137849664969,1.5330067445617641,0.47154208744361614,-2.1528520049790782,1.0996035189366733,17.612246505271024,0.0018843588813118606,-3.042594689949216,1.3896049696296617e-05,720,-4.414906219352501,-1.670283160545931,-1.7614198119568327,0.009843865476483514,-3.0988717356541624,-0.4239678882595028,0.5763292179866419
Guangzhou,no2,-15.392647972642106,-39.53371291878895,-23.411997045238436,-60.78269552343243,-4.231723132454846,3.3500236505498604,-10.797648834889968,2.3342025699802758,0.20652018104194014,-1.8978483434389808,1.5408678688002428,6.544950471187121,0.541091356764382,-10.63522942460934,0.05316961312504622,720,-21.415796731971483,0.14533788275280024,-6.342931869813248,0.13850846585393375,-14.735117859871721,2.049254120245224,0.22717219914613415
Guangzhou,o3,-44.692646492479525,-46.639235171054054,-21.049968554703725,-25.377263070543048,18.234058588493475,7.98918904754395,2.5755357896254765,33.892581387361474,0.02246917976413743,-0.8547882583508458,45.04857724052761,88.09969016973355,9.933169036034218e-06,-59.90271995238367,1.849921637378356e-08,720,-80.77332308512037,-39.03211681964697,-29.432609674109695,0.001109983753471367,-47.12223740071411,-11.742981947505282,0.12358048870275586
Guangzhou,co,-0.12628859585218333,-12.614792053140203,-0.18727994451186025,-21.056187317155548,-0.06243729409435778,0.04900354156476024,-0.15848247067619942,0.03360788248748386,0.2026143711834718,-1.6601552597767593,-0.1787946629775589,-20.437726741691733,3.26996112527741e-06,0.017397554622188408,0.7825646464935345,720,-0.10615769052331596,0.14095279976769276,-0.015631355393628903,0.8017570636617926,-0.1376548220937971,0.10639211130653929,0.3183940118597414
Wuhan,pm2_5,-31.354641524003206,-34.037568223051494,-10.484249912893276,-18.953888897537542,-15.24127216656741,9.812736076771234,-34.47388146683589,3.9913371337010766,0.12037218536724713,-0.5171499538042365,-19.892793706011382,-32.73827601071169,0.0006800573497577908,-15.266041764199684,0.16341148863321442,320,-36.73488340497127,6.202799876571898,17.964240286041438,0.12443079496866165,-4.951910878241215,40.88039145032409,0.1655117548799648
Wuhan,pm10,-44.950526296260534,-36.94059972375542,-17.626603835389744,-24.219362963248226,-20.710490551444824,11.754360836579096,-43.74861445242795,2.327633349538303,0.07807926263426396,-0.7073062590023381,-15.877001055314746,-20.69130099655592,0.03372713854186863,-32.05997256058734,0.0186485972149,320,-58.77065267196013,-5.349292449214552,15.331310710713147,0.26670917608816747,-11.723294778832134,42.38591620025843,0.1717743777953807
Wuhan,so2,-3.7031878271514023,-35.81353147384747,0.10231589205868374,1.4235723396577384,-1.1468538504369312,0.5864860370158591,-2.29634536042364,0.0026376595497776822,0.05052802316170786,0.06459912057937578,1.5871219373521355,23.913228854393058,0.012237711190337973,-4.8590008854872,2.3389317541713174e-06,320,-6.875962409861003,-2.842039361113397,-0.45281304378767095,0.5335098183228031,-1.8781515236181496,0.9725254360428077,0.5520020108611476
Wuhan,no2,-18.973833715377175,-40.89553952724387,-18.333949895585327,-52.217094585937815,-15.58636073479409,4.091901249178767,-23.606339811478932,-7.566381658109249,0.00013948737245397065,-2.292352257696347,-2.9733257471266255,-10.842840924575176,0.21655890593733595,-14.435048824749138,3.09611170080999e-05,320,-21.225802133287246,-7.644295516211029,-0.4250248904527304,0.8974669074013881,-6.889568226710395,6.039518445804934,0.0005114536989978924
Wuhan,o3,-5.1596437115913005,-9.419011024850402,25.53244982284128,53.21371439202842,-5.717169240635823,6.444650254840678,-18.348451633080433,6.9141131518087855,0.37501504024751997,1.2459471004638123,33.64288568929359,67.80188588320175,2.3941704306954422e-08,-3.998058089660909,0.5697747989599187,320,-17.784619577057214,9.788503397735395,23.154189659766143,9.010409393621668e-05,11.564897020783887,34.7434822987484,0.68752757378712
Wuhan,co,-0.336739159406068,-25.898843893716457,-0.21515708974722314,-19.39621739858272,-0.045671641137615494,0.07196768055539234,-0.186725703077068,0.09538242080183704,0.5256807071526473,-1.323818815354285,-0.17493809140863878,-18.15708617232288,0.0004395581902060367,0.01975707075805003,0.8058121002225804,320,-0.13776151756674418,0.17727565908284423,0.13607936440815424,0.16114671738787223,-0.05426165881539802,0.3264203876317065,0.578248777867912
Shanghai,pm2_5,-23.22554150877515,-36.704550194633285,-17.043021816659007,-32.47774448167123,-15.395453268753496,8.533653785749193,-32.121107345355796,1.330200807848808,0.0712176801687366,-0.7092760934455318,-15.368385774494119,-38.37159225219603,0.0011733231376176727,-3.9216037538545083,0.6838282349781393,800,-22.79527138947951,14.952063881770492,7.469594469895991,0.4088667539597176,-10.256911808931271,25.196100748723254,0.11191349740801466
Shanghai,pm10,-35.96404936602762,-39.12225882287366,-22.39635659703579,-33.00148031697348,-13.855738109134784,9.589846745522633,-32.65149234761779,4.940016129348226,0.14850447516941173,-0.7979941024234398,-14.866898761576907,-26.565450856816536,0.007950952840737963,-20.600089855555833,0.0860113247776902,800,-44.11760414566905,2.917424434557386,-4.840477201868573,0.6564782302696277,-26.17045083242711,16.489496428689964,0.22992534106870205
Shanghai,so2,-3.830863119498024,-34.858080776676346,-0.7933583586745376,-9.404362878004985,0.8118135786314926,0.785047797874604,-0.7268518313452113,2.3504789886081965,0.30109200592426233,-0.4615008987073441,-0.4784216730662978,-6.6827795239853724,0.38865526184499855,-2.660755416144155,0.005650590122118812,800,-4.545192243980772,-0.7763185883075387,-0.886786452144208,0.24566812735320964,-2.3839148420838754,0.6103419377954594,0.5520020108611476
Shanghai,no2,-18.52271748612434,-40.698743180259505,-19.713828904776385,-51.87823362278294,-7.3131085985139705,4.6611219123902226,-16.44873967434927,1.8225224773213267,0.1166575215505842,-2.2968228822648102,-1.1894373229202835,-4.407110698263661,0.7302930709220646,-7.794144222559555,0.08596140760299877,800,-16.690694556900212,1.102406111781101,-2.876877180072302,0.40638610444522294,-9.668132030591295,3.9143776704466915,0.1425814152284918
Shanghai,o3,7.918644066911867,11.360062681364758,23.66416276427379,37.88549031945694,1.6647359893298888,6.1980536772651424,-10.483225992355834,13.812697971015613,0.7882451150618762,1.5601422006704768,7.161823480419408,9.226225204670019,0.07596026034607946,-10.721406683567933,0.10431955589770098,800,-23.658697512017824,2.215884144881956,-2.161178917696548,0.7346398213847831,-14.65773350547531,10.335375670082215,0.9619143804272611
Shanghai,co,-0.16879393904597595,-17.460638484312188,-0.18865629666682926,-19.784368631381454,-0.16619014007539495,0.07145041223081221,-0.30623037472832704,-0.026149905422462844,0.0200211780745042,-0.9222445234966314,-0.17895748668799946,-22.42807703437575,0.00029087361800214217,0.041457332872953175,0.6213968080284363,800,-0.1230689662307082,0.20598363197661454,0.13548200372172797,0.04885963017147515,0.0006775116394590885,0.2702864958039969,0.07341098627318207
Nanjing,pm2_5,-21.543361639197386,-27.637416321249706,-26.402019045789125,-38.51951349050205,-34.672667886086856,11.164774972935069,-56.555224728533744,-12.790111043639964,0.0018993120430354081,-0.972995551117416,-26.961317078960654,-47.798141217271144,5.5657782304018995e-06,12.204480318349548,0.302076371678647,400,-10.974349491897714,35.38331012859681,41.349471385345616,0.003535241124503969,13.565401821593301,69.13354094909793,0.0052231081183473724
Nanjing,pm10,-39.504184591718754,-34.41566630116984,-35.94901777548411,-40.287335728890106,-38.56246137195996,13.758385965095975,-65.52840234894943,-11.596520394970497,0.005065585572477389,-1.0716674233860175,-25.640115638527394,-34.059082849108044,0.0010891618014477967,-3.368796352914929,0.8268013385363444,400,-33.54496127951901,26.807368573689153,41.06581720406058,0.02370715773283271,5.480874735140631,76.65075967298053,0.02786072064862564
Nanjing,so2,-2.9376938872607425,-25.95797858564803,-0.6913722820154815,-9.160508976600996,-1.0796141438047906,0.7162976042758942,-2.4835316503978673,0.32430336278828586,0.13175568176860927,-0.48573399632595227,-1.6028967868078325,-19.12897156870512,0.005741523061587717,-2.349083509634778,0.013405978994889751,400,-4.2109899658037415,-0.48717705346581464,1.6443508425547355,0.057112147702384146,-0.04970987414265182,3.3384115592521226,0.5520020108611476
Nanjing,no2,-20.34245600988059,-41.93758324132376,-23.576134979265255,-59.56788853197187,-14.553787695081152,4.972211715468611,-24.299143580907746,-4.8084318092545555,0.003422214373259621,-3.475262753250659,-6.455745611495974,-22.921936970675084,0.02448894780574351,-7.742847666444708,0.05694225938292403,400,-15.71431055618662,0.2286152232972043,4.971545401084033,0.28443679580230796,-4.131592941291712,14.07468374345978,0.006274059684309306
Nanjing,o3,7.606870355084354,11.481140907765216,26.744162165503703,52.56256145549913,-10.338392917603809,8.597732057108203,-27.18963809826136,6.512852263053741,0.22918697489906215,1.3646066226472908,13.166193736211586,17.825341920579252,0.02419235668309575,-18.755744799324976,0.011304872628601586,400,-33.26766135568159,-4.243828242968364,6.262491909047202,0.3610410789514663,-7.175744789721816,19.70072860781622,0.5042113447779367
Nanjing,co,-0.13271509693197725,-12.700207090247437,-0.20716949512847382,-21.396402427914282,-0.2736203274394991,0.0681404764889868,-0.40717320724731154,-0.14006744763168666,5.9311615333166435e-05,-1.0082344988219485,-0.28559237448658265,-31.305732346658136,1.5894419980304596e-08,0.10535207626542956,0.23893450606929167,400,-0.06998486138682178,0.28068901391768086,0.27239891004596367,0.005808131108124445,0.07884904243818078,0.46594877765374654,0.0006524277686648308
Beijing,pm2_5,10.052766201230575,23.27409538679989,36.7088061518908,74.569002243744,31.865625793396696,10.57213024109556,11.144631280982637,52.586620305810754,0.0025772933294829626,0.8543892827761903,10.753237992164987,20.195502385626064,0.32695738821677156,30.552672118461604,0.02796524054788174,1040,3.3059457957068297,57.79939844121638,8.947948063757455,0.2688388598311454,-6.9126052200465065,24.808501347561418,0.005670045324862518
Beijing,pm10,2.4039305532679265,3.0669919448797107,39.885085554482856,59.04708441975522,41.90786207293766,12.640712864283506,17.13252012002984,66.68320402584548,0.0009154205706811465,0.8214420791145707,14.38346219653814,17.804695603422,0.2718766592192007,21.754810948044348,0.17503180134624263,1040,-9.684708457699802,53.1943303537885,2.206391112443301,0.8293315161641885,-17.855156202163926,22.267938427050524,0.01006962627749261
Beijing,so2,-3.1661859785934166,-19.57743105579324,-2.381801038903859,-17.47557961078842,1.1193209065679826,1.3153950231806113,-1.4588059643092453,3.6974477774452104,0.394803247040343,-0.6143300279445508,-5.88819058087667,-45.27132425351744,4.969578981583405e-11,6.177870120639813,0.001157208498834987,1040,2.451316381971019,9.904423859308608,4.24445085203708,0.012131702406229995,0.9278604656073766,7.561041238466783,0.5646110872559548
Beijing,no2,-8.713867377331962,-22.16913910155765,-16.462895453175175,-38.28478419341051,-8.593992247892768,3.742977790535641,-15.93009391227593,-1.2578905835096048,0.021674121034386845,-1.4470270189724,-2.674908173399007,-8.743693511539803,0.46555139554536507,10.547654088720796,0.09861919183838763,1040,-1.9694266949400454,23.064734872381635,1.4158687563152916,0.7401185115530634,-6.95037122464973,9.782108737280312,0.034059333054036474
Beijing,o3,16.22685797688375,30.320287701241124,27.0072691522383,54.08082500944436,-0.238843848917619,3.6084906813545548,-7.311355622920947,6.833667925085709,0.947227032354601,1.9700391819086045,0.057243727905702604,0.08207573138723828,0.9900112578950675,-2.527790163897867,0.651651229580168,1040,-13.501683404701602,8.446103076905867,9.443804446166826,0.010438673700523612,2.2162032742690396,16.67140561806461,0.9619143804272611
Beijing,co,0.0005398142849890597,0.055272861593319206,0.14997827428677013,13.743796183706056,0.17185340746318023,0.10342384268182915,-0.03085359933594134,0.3745604142623018,0.09658456390400424,0.31538326220063584,-0.05920445279948442,-6.058735136464499,0.6042312580834464,0.4958976999462032,0.0090964765138159,1040,0.12327882303537235,0.868516576857034,0.18657832381187667,0.12876482367224623,-0.05416494229679078,0.42732158992054414,0.21248604058880935
