province,city,city_code,station_name,station_code,lon,lat
上海市,上海市,310000,十五厂,1142A,121.478,31.2036
上海市,上海市,310000,嘉定南翔,3268A,121.3162,31.2838
上海市,上海市,310000,奉贤南桥新城,3544A,121.4891,30.925
上海市,上海市,310000,宝山庙行,3265A,121.4316,31.3322
上海市,上海市,310000,崇明上实东滩,3266A,121.8791,31.4662
上海市,上海市,310000,徐汇上师大,1144A,121.412,31.1654
上海市,上海市,310000,普陀,1141A,121.4,31.238
上海市,上海市,310000,杨浦四漂,1145A,121.536,31.2659
上海市,上海市,310000,松江图书馆,3272A,121.2186,31.0378
上海市,上海市,310000,浦东川沙,1148A,121.703,31.1907
上海市,上海市,310000,浦东张江,1150A,121.577,31.2071
上海市,上海市,310000,浦东惠南,3274A,121.7965,31.0507
上海市,上海市,310000,浦东新区监测站,1149A,121.533,31.2284
上海市,上海市,310000,虹口,1143A,121.467,31.3008
上海市,上海市,310000,金山新城,3269A,121.3359,30.7456
上海市,上海市,310000,长宁仙霞,3273A,121.3902,31.2059
上海市,上海市,310000,闵行浦江,3270A,121.4996,31.0739
上海市,上海市,310000,青浦徐泾,3271A,121.2886,31.1663
上海市,上海市,310000,静安监测站,1147A,121.425,31.2261
云南省,临沧市,530900,市气象局,2604A,100.0894,23.8822
云南省,临沧市,530900,市环保局,2603A,100.0781,23.8982
云南省,丽江市,530700,丽江古城,2599A,100.2497,26.8802
云南省,丽江市,530700,市中心,2600A,100.2203,26.8906
云南省,丽江市,530700,西南郊,2598A,100.2143,26.8576
云南省,保山市,530500,市环保局,2595A,99.1711,25.1328
云南省,保山市,530500,市环境监测站,2594A,99.1678,25.1081
云南省,大理州,532901,大理古城,2615A,100.2171,25.5811
云南省,大理州,532901,大理市环境监测站,2614A,100.1542,25.7054
云南省,德宏州,533103,德宏州监测站,2616A,98.5842,24.428
云南省,德宏州,533103,芒市人民政府综合楼,3677A,98.5881,24.4368
云南省,怒江州,533321,州监测站,2618A,98.8601,25.8567
云南省,怒江州,533321,泸水一中,2619A,98.8546,25.8417
云南省,文山州,532621,州水务局,2610A,104.2533,23.3594
云南省,文山州,532621,市便民服务中心,2611A,104.2319,23.3892
云南省,昆明市,530100,东风东路,1453A,102.7266,25.0375
云南省,昆明市,530100,云天化总部,3552A,102.6678,24.9856
云南省,昆明市,530100,呈贡新区,1450A,102.8204,24.8886
云南省,昆明市,530100,官渡区博物馆,3179A,102.7494,25.0119
云南省,昆明市,530100,昆明学院,3550A,102.7997,24.9786
云南省,昆明市,530100,晋宁区生态环境分局,3551A,102.5967,24.6736
云南省,昆明市,530100,碧鸡广场,1455A,102.6644,25.0401
云南省,昆明市,530100,西山森林公园,1451A,102.6251,24.9608
云南省,昆明市,530100,金鼎山,1454A,102.6742,25.0669
云南省,昆明市,530100,青年创业园,3375A,102.8017,24.8336
云南省,昆明市,530100,龙泉镇,1452A,102.7252,25.0902
云南省,昭通市,530600,环保局,2597A,103.7225,27.3361
云南省,昭通市,530600,监测站,2596A,103.7667,27.3736
云南省,普洱市,530800,市环保局,2601A,100.98,22.7633
云南省,普洱市,530800,普洱第二中学,2602A,100.9817,22.8322
云南省,曲靖市,530300,南苑二区,3376A,103.7947,25.462
云南省,曲靖市,530300,曲靖师范学院,3377A,103.7444,25.5261
云南省,曲靖市,530300,烟厂办公区,1917A,103.8,25.5364
云南省,曲靖市,530300,环境监测站,1916A,103.7897,25.5035
云南省,楚雄州,532301,州环境监测站,2605A,101.5482,25.0441
云南省,楚雄州,532301,市经济开发区,2606A,101.538,25.0492
云南省,玉溪市,530400,东风水库,1715A,102.575,24.3711
云南省,玉溪市,530400,文体中心,2883A,102.5381,24.3389
云南省,玉溪市,530400,玉溪一中,2882A,102.5389,24.3703
云南省,红河州,532522,州图书馆,3038A,103.3758,23.368
云南省,红河州,532522,污水处理厂,2608A,103.3772,23.3993
云南省,红河州,532522,监测站,2609A,103.3861,23.35
云南省,西双版纳州,532801,景洪市江北,2613A,100.8017,22.0225
云南省,西双版纳州,532801,景洪市江南,2612A,100.7939,22.0019
云南省,迪庆州,533421,质量技术监督局,3180A,99.7136,27.8094
云南省,迪庆州,533421,迪庆州站,2621A,99.7056,27.8317
内蒙古自治区,乌兰察布市,150900,光明街小学,3034A,113.1076,41.0385
内蒙古自治区,乌兰察布市,150900,北京八中,3285A,113.1376,40.9509
内蒙古自治区,乌兰察布市,150900,市委党校,3421A,113.1775,40.9779
内蒙古自治区,乌兰察布市,150900,集宁新区,2197A,113.1306,40.9923
内蒙古自治区,乌海市,150300,中海勃湾学校,2188A,106.7907,39.6667
内蒙古自治区,乌海市,150300,市林业局,2187A,106.8174,39.6973
内蒙古自治区,乌海市,150300,海北新区,3284A,106.813,39.7274
内蒙古自治区,乌海市,150300,聚英学校,3621A,106.8288,39.6778
内蒙古自治区,兴安盟,152200,北滨河,3035A,122.0931,46.0707
内蒙古自治区,兴安盟,152200,科右前旗环保局,2201A,121.9504,46.0741
内蒙古自治区,兴安盟,152200,胜华新制药厂,2200A,122.0392,46.0656
内蒙古自治区,包头市,150200,东河鸿龙湾,1590A,110.0377,40.5546
内蒙古自治区,包头市,150200,包头八中,1587A,109.9991,40.5842
内蒙古自治区,包头市,150200,包头市委党校,3419A,109.9447,40.6261
内蒙古自治区,包头市,150200,市环境监测站,1585A,109.8756,40.6532
内蒙古自治区,包头市,150200,惠龙物流,1589A,109.8642,40.6288
内蒙古自治区,包头市,150200,昆区政府,3683A,109.8331,40.6576
内蒙古自治区,包头市,150200,滨河大厦,3283A,109.9154,40.5685
内蒙古自治区,包头市,150200,青山宾馆,1588A,109.8538,40.6821
内蒙古自治区,呼伦贝尔市,150700,区环保局,2192A,119.7594,49.2261
内蒙古自治区,呼伦贝尔市,150700,国华电力东,3061A,119.7512,49.1577
内蒙古自治区,呼和浩特市,150100,二十九中,1095A,111.7276,40.8062
内蒙古自治区,呼和浩特市,150100,化肥厂生活区,1097A,111.717,40.7612
内蒙古自治区,呼和浩特市,150100,呼市一监,1090A,111.6507,40.7517
内蒙古自治区,呼和浩特市,150100,如意水处理厂,1094A,111.7516,40.8369
内蒙古自治区,呼和浩特市,150100,小召,1091A,111.6572,40.8033
内蒙古自治区,呼和浩特市,150100,工大金川校区,1096A,111.5512,40.7866
内蒙古自治区,呼和浩特市,150100,海东办,3699A,111.6518,40.8389
内蒙古自治区,呼和浩特市,150100,红旗小学,3698A,111.5968,40.8178
内蒙古自治区,巴彦淖尔市,150800,市环保大楼,2196A,107.37,40.7372
内蒙古自治区,巴彦淖尔市,150800,附二中,2195A,107.4212,40.761
内蒙古自治区,赤峰市,150400,哈达街,1745A,118.9576,42.2728
内蒙古自治区,赤峰市,150400,天义路,1746A,118.8788,42.2554
内蒙古自治区,赤峰市,150400,松山一中,1744A,118.9233,42.2816
内蒙古自治区,赤峰市,150400,桥北物流园区,3286A,118.9359,42.3147
内蒙古自治区,赤峰市,150400,银河街,3058A,119.2658,42.0353
内蒙古自治区,通辽市,150500,东方明珠社区,3708A,122.2922,43.6189
内蒙古自治区,通辽市,150500,老干部活动中心,3706A,122.2584,43.6333
内蒙古自治区,通辽市,150500,艺术职业学校,2191A,122.2532,43.6801
内蒙古自治区,鄂尔多斯市,150600,华泰汽车城,1594A,109.8119,39.5989
内蒙古自治区,鄂尔多斯市,150600,奥林花园,1595A,109.9734,39.7884
内蒙古自治区,鄂尔多斯市,150600,巴音孟克林场办事处,1592A,109.9486,39.8261
内蒙古自治区,鄂尔多斯市,150600,康泽苑,1593A,109.7736,39.5986
内蒙古自治区,鄂尔多斯市,150600,综合楼,1591A,110.0023,39.8129
内蒙古自治区,锡林郭勒盟,152500,市政府,2203A,116.0781,43.9311
内蒙古自治区,锡林郭勒盟,152500,市环保监测站,2202A,116.1042,43.9317
内蒙古自治区,阿拉善盟,152900,环保局新楼,2206A,105.724,38.8516
内蒙古自治区,阿拉善盟,152900,蒙二幼,2205A,105.6985,38.8411
内蒙古自治区,阿拉善盟,152900,西城区西花园,2204A,105.6467,38.8363
北京市,北京市,110000,万寿西宫,1001A,116.3621,39.8784
北京市,北京市,110000,东四,1003A,116.4174,39.9289
北京市,北京市,110000,丰台云岗,3672A,116.1541,39.8204
北京市,北京市,110000,丰台小屯,3696A,116.2545,39.8768
北京市,北京市,110000,农展馆,1005A,116.462,39.9365
北京市,北京市,110000,古城,1012A,116.184,39.9136
北京市,北京市,110000,大兴旧宫,3675A,116.4672,39.7733
北京市,北京市,110000,天坛,1004A,116.4072,39.8863
北京市,北京市,110000,奥体中心,1011A,116.3966,39.9821
北京市,北京市,110000,官园,1006A,116.3392,39.9295
北京市,北京市,110000,定陵,1002A,116.2202,40.2915
北京市,北京市,110000,密云新城,3418A,116.8336,40.4095
北京市,北京市,110000,密云镇,3697A,116.84,40.3844
北京市,北京市,110000,平谷新城,3417A,117.0709,40.1465
北京市,北京市,110000,延庆夏都,3281A,115.9718,40.4529
北京市,北京市,110000,延庆石河营,3694A,115.986,40.4563
北京市,北京市,110000,怀柔新城,3695A,116.6151,40.3053
北京市,北京市,110000,怀柔镇,1009A,116.6275,40.3275
北京市,北京市,110000,房山燕山,3674A,115.9577,39.7603
北京市,北京市,110000,昌平镇,1010A,116.2296,40.217
北京市,北京市,110000,海淀万柳,1007A,116.2878,39.9611
北京市,北京市,110000,通州东关,3673A,116.6804,39.9081
北京市,北京市,110000,门头沟三家店,3671A,116.088,39.9726
北京市,北京市,110000,顺义新城,1008A,116.6636,40.135
吉林省,吉林市,220200,东局子,1773A,126.5844,43.8358
吉林省,吉林市,220200,丰满,1778A,126.7061,43.7133
吉林省,吉林市,220200,九站,2868A,126.4739,43.953
吉林省,吉林市,220200,哈达湾,1772A,126.54,43.8622
吉林省,吉林市,220200,江北,1775A,126.6133,43.8972
吉林省,吉林市,220200,江南公园,1776A,126.555,43.8306
吉林省,吉林市,220200,电力学院,1774A,126.5052,43.8245
吉林省,四平市,220300,一商场,2225A,124.4002,43.1713
吉林省,四平市,220300,世纪城,3713A,124.3419,43.1666
吉林省,四平市,220300,境园,2226A,124.388,43.193
吉林省,四平市,220300,植物园,3486A,124.4036,43.1411
吉林省,延边朝鲜族自治州,222400,妇幼医院,2237A,129.47,42.8883
吉林省,延边朝鲜族自治州,222400,延边医院,2238A,129.5055,42.9108
吉林省,延边朝鲜族自治州,222400,朝阳川镇医院,2239A,129.3964,42.8881
吉林省,松原市,220700,江北,2234A,124.7965,45.1722
吉林省,松原市,220700,江南,2233A,124.8006,45.1214
吉林省,白城市,220800,市环保局,2236A,122.8738,45.5725
吉林省,白城市,220800,洮北区环保局,2235A,122.7911,45.6077
吉林省,白山市,220600,喜丰,2231A,126.4219,41.9171
吉林省,白山市,220600,环保局,2232A,126.4077,41.9419
吉林省,辽源市,220400,环保局,2227A,125.1358,42.8845
吉林省,辽源市,220400,银鹰制药,3239A,125.0764,42.9078
吉林省,通化市,220500,光明,2229A,125.9358,41.7173
吉林省,通化市,220500,铁路,2230A,125.9446,41.7325
吉林省,长春市,220100,净月潭,1124A,125.4605,43.79
吉林省,长春市,220100,劳动公园,1122A,125.3716,43.8772
吉林省,长春市,220100,园林处,1123A,125.3297,43.8805
吉林省,长春市,220100,客车厂,1120A,125.2863,43.9027
吉林省,长春市,220100,岱山公园,1128A,125.1761,43.8325
吉林省,长春市,220100,甩湾子,1125A,125.7194,43.515
吉林省,长春市,220100,经开区环卫处,1126A,125.3863,43.8447
吉林省,长春市,220100,邮电学院,1121A,125.2841,43.8463
吉林省,长春市,220100,食品厂,1119A,125.3325,43.9166
吉林省,长春市,220100,高新区管委会,1127A,125.245,43.7783
四川省,乐山市,511100,市监测站,2538A,103.7571,29.5664
四川省,乐山市,511100,市第三水厂,2537A,103.7508,29.6006
四川省,乐山市,511100,牛耳桥,2536A,103.7627,29.5844
四川省,乐山市,511100,理工大学,3361A,103.7311,29.5628
四川省,乐山市,511100,花湖湾,2535A,103.7723,29.5462
四川省,内江市,511000,东兴区政府,2532A,105.0717,29.5947
四川省,内江市,511000,内江二中,2533A,105.0653,29.5817
四川省,内江市,511000,内江日报社,2534A,105.0406,29.5822
四川省,内江市,511000,市监测站,2531A,105.0703,29.61
四川省,凉山彝族自治州,513400,凉山州政府,2574A,102.2685,27.8851
四川省,凉山彝族自治州,513400,西昌市政府,2573A,102.2625,27.898
四川省,凉山彝族自治州,513400,邛海宾馆,2572A,102.2721,27.8415
四川省,凉山彝族自治州,513400,长安,2575A,102.237,27.8914
四川省,凉山彝族自治州,513400,青龙寺,2571A,102.3431,27.8099
四川省,南充市,511300,南充市委,1906A,106.0789,30.8023
四川省,南充市,511300,南充炼油厂,1907A,106.1031,30.8217
四川省,南充市,511300,嘉陵区环保局,1909A,106.0642,30.7636
四川省,南充市,511300,市环境监测站,1910A,106.1087,30.8388
四川省,南充市,511300,西山风景区,1905A,106.056,30.8064
四川省,南充市,511300,高坪区监测站,1908A,106.1064,30.7856
四川省,宜宾市,511500,宜宾四中,1884A,104.6055,28.793
四川省,宜宾市,511500,市委,1883A,104.6201,28.7728
四川省,宜宾市,511500,市政府,1885A,104.639,28.7562
四川省,宜宾市,511500,白酒学院,3728A,104.68,28.8071
四川省,宜宾市,511500,石马中学,1882A,104.563,28.793
四川省,宜宾市,511500,黄金嘴,1886A,104.5742,28.7199
四川省,巴中市,511900,丽阳花园,3182A,106.7656,31.8545
四川省,巴中市,511900,圣泉水务公司,3183A,106.7418,31.8654
四川省,巴中市,511900,市中心医院,3616A,106.7616,31.8344
四川省,巴中市,511900,苏山坪,2914A,106.7677,31.8794
四川省,广元市,510800,监测站,2526A,105.8628,32.4287
四川省,广元市,510800,经开区,3617A,105.8047,32.4166
四川省,广元市,510800,老城,2524A,105.821,32.4444
四川省,广元市,510800,黑石坡,2523A,105.8945,32.4535
四川省,广安市,511600,北辰小学,2902A,106.6351,30.4865
四川省,广安市,511600,友谊中学,2545A,106.6271,30.4663
四川省,广安市,511600,小平旧居,2543A,106.6308,30.5278
四川省,广安市,511600,市委,2544A,106.6303,30.4576
四川省,广安市,511600,广电花园,2547A,106.6388,30.4551
四川省,德阳市,510600,东山公园,1901A,104.4239,31.1208
四川省,德阳市,510600,市教育局,3639A,104.4019,31.1244
四川省,德阳市,510600,耐火材料厂,1904A,104.3553,31.1091
四川省,德阳市,510600,西小区,1902A,104.3826,31.1317
四川省,成都市,510100,三瓦窑,1433A,104.079,30.5706
四川省,成都市,510100,光华大道三段,4011A,103.8506,30.6947
四川省,成都市,510100,十里店,1432A,104.176,30.6872
四川省,成都市,510100,华阳,3359A,104.0578,30.5225
四川省,成都市,510100,君平街,1437A,104.0786,30.6531
四川省,成都市,510100,大石西路,2880A,104.0239,30.65639
四川省,成都市,510100,沙河铺,1434A,104.1114,30.63
四川省,成都市,510100,灵岩寺,1438A,103.613,31.0283
四川省,成都市,510100,科学城,3489A,104.0789,30.4072
四川省,成都市,510100,车城东七路,3487A,104.2394,30.5319
四川省,成都市,510100,金博路,3357A,104.0106,30.6931
四川省,成都市,510100,金泉两河,1431A,103.9728,30.7236
四川省,成都市,510100,青白江技师分院,3488A,104.3853,30.7453
四川省,成都市,510100,龙泉驿区区政府,3136A,104.2725,30.5589
四川省,攀枝花市,510400,仁和,1891A,101.7369,26.5008
四川省,攀枝花市,510400,四十中小,2835A,101.7227,26.567
四川省,攀枝花市,510400,弄弄坪,1888A,101.6891,26.571
四川省,攀枝花市,510400,河门口,1889A,101.5769,26.5928
四川省,攀枝花市,510400,炳草岗,1890A,101.7169,26.585
四川省,泸州市,510500,九狮山,1893A,105.4324,28.9634
四川省,泸州市,510500,兰田宪桥,1895A,105.4241,28.8573
四川省,泸州市,510500,小市上码头,1894A,105.4427,28.9063
四川省,泸州市,510500,市环监站,1896A,105.4379,28.8833
四川省,泸州市,510500,纳溪区环保局,3490A,105.3617,28.7703
四川省,甘孜州,513300,州环保局,3065A,101.9533,29.9972
四川省,甘孜藏族自治州,513300,水桥子,2570A,101.9603,30.0475
四川省,眉山市,511400,区人社局,3148A,103.8291,30.0564
四川省,眉山市,511400,市委党校,3137A,103.8578,30.0744
四川省,眉山市,511400,气象局,2540A,103.8416,30.0874
四川省,眉山市,511400,黑龙滩水库,2539A,104.0308,30.0478
四川省,绵阳市,510700,三水厂,1881A,104.7287,31.5075
四川省,绵阳市,510700,安州区旅游局,3492A,104.5648,31.5343
四川省,绵阳市,510700,富乐山,1878A,104.7778,31.4741
四川省,绵阳市,510700,市人大,1879A,104.7563,31.4535
四川省,绵阳市,510700,西科大附属小学,3491A,104.69,31.5322
四川省,绵阳市,510700,高新区自来水公司,1880A,104.6697,31.4668
四川省,自贡市,510300,南湖救助站,3360A,104.7894,29.3194
四川省,自贡市,510300,檀木林体育馆,3028A,104.776,29.3627
四川省,自贡市,510300,轻化工大学,3638A,104.7636,29.3338
四川省,自贡市,510300,青杠林路,3027A,104.72,29.3427
四川省,资阳市,512000,区法院,2565A,104.6296,30.1256
四川省,资阳市,512000,四三一厂,2563A,104.6295,30.1383
四川省,资阳市,512000,师范校,2564A,104.6463,30.1146
四川省,资阳市,512000,莲花山,2561A,104.6617,30.1372
四川省,资阳市,512000,资阳中学,2562A,104.6356,30.1506
四川省,达州市,511700,凤凰小区,2550A,107.4988,31.2132
四川省,达州市,511700,市政中心,2552A,107.4644,31.2124
四川省,达州市,511700,市环境监测站,2549A,107.5086,31.2186
四川省,达州市,511700,达县机关宾馆,2551A,107.5082,31.1986
四川省,达州市,511700,达州职业技术学院,2548A,107.5277,31.2827
四川省,遂宁市,510900,市监测站,2528A,105.5582,30.5232
四川省,遂宁市,510900,石溪浩,2527A,105.5453,30.5678
四川省,遂宁市,510900,美宁食品公司,2530A,105.5918,30.4728
四川省,遂宁市,510900,行政中心,2529A,105.5861,30.5366
四川省,阿坝藏族羌族自治州,513200,州农科所,2566A,102.1879,31.914
四川省,阿坝藏族羌族自治州,513200,马师校,2568A,102.2502,31.8896
四川省,雅安市,511800,川农大,2556A,102.9905,29.9775
四川省,雅安市,511800,市政府,2555A,103.0111,29.9833
四川省,雅安市,511800,康养中心,3700A,103.0456,29.9956
四川省,雅安市,511800,建安厂,2554A,103.0475,30.02
天津市,天津市,120000,中山北路,3020A,117.2101,39.1699
天津市,天津市,120000,前进道,1018A,117.202,39.0927
天津市,天津市,120000,勤俭道,1015A,117.1444,39.1661
天津市,天津市,120000,北环路,3460A,117.4067,40.0583
天津市,天津市,120000,团泊洼,1027A,117.157,38.9194
天津市,天津市,120000,地纬路,3327A,116.9638,38.9375
天津市,天津市,120000,大理道,2922A,117.1941,39.1067
天津市,天津市,120000,大直沽八号路,1017A,117.237,39.1082
天津市,天津市,120000,宾水西道,2860A,117.1589,39.0845
天津市,天津市,120000,建设路,3461A,117.3045,39.7169
天津市,天津市,120000,永明路,1024A,117.457,38.8394
天津市,天津市,120000,汉北路,1026A,117.764,39.1587
天津市,天津市,120000,河西一经路,2858A,117.7918,39.2474
天津市,天津市,120000,津沽路,2859A,117.3747,38.9846
天津市,天津市,120000,淮河道,1019A,117.1837,39.2133
天津市,天津市,120000,滨水东路,3462A,117.8199,39.3521
天津市,天津市,120000,第四大街,1023A,117.707,39.0343
天津市,天津市,120000,西四道,3051A,117.3876,39.1488
天津市,天津市,120000,跃进路,1021A,117.307,39.0877
天津市,天津市,120000,辛老路,3326A,117.0296,39.0605
天津市,天津市,120000,雍阳西道,3325A,117.0365,39.3828
宁夏回族自治区,中卫市,640500,沙坡头区政府站,3650A,105.1698,37.5162
宁夏回族自治区,中卫市,640500,沙坡头消防站,2680A,105.0025,37.4635
宁夏回族自治区,中卫市,640500,环保局站,2682A,105.1971,37.5002
宁夏回族自治区,吴忠市,640300,教育园区,2677A,106.1532,37.9648
宁夏回族自治区,吴忠市,640300,文卫南街,3648A,106.2112,37.9768
宁夏回族自治区,吴忠市,640300,新区二泵站,2679A,106.1856,37.9956
宁夏回族自治区,固原市,640400,原州区十五小,3522A,106.2177,35.9959
宁夏回族自治区,固原市,640400,新区,2685A,106.2375,36.0211
宁夏回族自治区,固原市,640400,监测站,2684A,106.2792,36.0022
宁夏回族自治区,固原市,640400,马园,2683A,106.2319,36.1417
宁夏回族自治区,石嘴山市,640200,大武口朝阳西街,1948A,106.3668,39.0145
宁夏回族自治区,石嘴山市,640200,妇女儿童医院,3520A,106.3495,38.9836
宁夏回族自治区,石嘴山市,640200,惠农南大街,1949A,106.7704,39.2282
宁夏回族自治区,石嘴山市,640200,沙湖旅游区,1947A,106.3394,38.817
宁夏回族自治区,石嘴山市,640200,石大公路,3521A,106.7492,39.2069
宁夏回族自治区,石嘴山市,640200,红果子镇惠新街,1950A,106.7099,39.1325
宁夏回族自治区,银川市,640100,上海东路,2925A,106.2757,38.4842
宁夏回族自治区,银川市,640100,学院路,1489A,106.1358,38.5036
宁夏回族自治区,银川市,640100,文昌北街,2926A,106.1015,38.497
宁夏回族自治区,银川市,640100,水乡路,2924A,106.2266,38.4418
宁夏回族自治区,银川市,640100,滨河新区,3523A,106.5105,38.3856
宁夏回族自治区,银川市,640100,贺兰山东路,1488A,106.2328,38.4975
宁夏回族自治区,银川市,640100,贺兰山马莲口,1484A,105.9512,38.6016
安徽省,亳州市,341600,三国揽胜宫,2312A,115.7789,33.8518
安徽省,亳州市,341600,亳州学院,3332A,115.7633,33.8034
安徽省,亳州市,341600,污水处理厂,2311A,115.8072,33.8399
安徽省,六安市,341500,开发区,2310A,116.5567,31.7886
安徽省,六安市,341500,朝阳厂,2309A,116.4996,31.7905
安徽省,六安市,341500,皖西学院,2308A,116.4738,31.7643
安徽省,六安市,341500,监测大楼,2307A,116.5079,31.737
安徽省,合肥市,340100,三里街,1271A,117.3072,31.8764
安徽省,合肥市,340100,包河区,1277A,117.3027,31.7964
安徽省,合肥市,340100,庐阳区,1275A,117.266,31.9436
安徽省,合肥市,340100,明珠广场,1270A,117.1959,31.7848
安徽省,合肥市,340100,滨湖新区,1278A,117.2776,31.7385
安徽省,合肥市,340100,琥珀山庄,1272A,117.2588,31.8707
安徽省,合肥市,340100,瑶海区,1276A,117.336,31.8586
安徽省,合肥市,340100,董铺水库,1273A,117.1604,31.9052
安徽省,合肥市,340100,长江中路,1274A,117.25,31.8571
安徽省,合肥市,340100,高教基地,3464A,117.3803,31.9147
安徽省,合肥市,340100,高新区,1279A,117.1318,31.8403
安徽省,安庆市,340800,安庆大学,2294A,116.9896,30.6145
安徽省,安庆市,340800,市人大,3173A,117.0598,30.5351
安徽省,安庆市,340800,环科院,2291A,117.0809,30.5177
安徽省,安庆市,340800,马山宾馆,2292A,117.0331,30.5119
安徽省,宣城市,341800,夏渡子站,3470A,118.7724,30.9141
安徽省,宣城市,341800,开发区子站,2318A,118.7173,30.9427
安徽省,宣城市,341800,敬亭山子站,2317A,118.7385,30.9743
安徽省,宣城市,341800,鳌峰子站,2316A,118.7581,30.9454
安徽省,宿州市,341300,宿州学院,3634A,116.9884,33.6305
安徽省,宿州市,341300,皖北煤电集团,3701A,116.9648,33.6252
安徽省,宿州市,341300,社会福利中心,3463A,116.9708,33.591
安徽省,宿州市,341300,远航博物馆,3187A,116.9509,33.666
安徽省,池州市,341700,展览馆,3237A,117.4918,30.6617
安徽省,池州市,341700,池州学院,2314A,117.47,30.6618
安徽省,池州市,341700,第八中学,3333A,117.5627,30.695
安徽省,池州市,341700,第十二中学,3334A,117.5038,30.6243
安徽省,淮北市,340600,市博物馆（启用20230615）,4017A,116.7923,33.9535
安徽省,淮北市,340600,杜集区检察院,3330A,116.8873,33.9836
安徽省,淮北市,340600,烈山区政府,2283A,116.8091,33.9007
安徽省,淮北市,340600,监测站,2282A,116.8004,33.975
安徽省,淮北市,340600,职业技术学院,2284A,116.7856,33.9477
安徽省,淮南市,340400,八公山区政府,2280A,116.8281,32.633
安徽省,淮南市,340400,山南新区,3329A,117.0108,32.5893
安徽省,淮南市,340400,师范学院,2278A,117.0067,32.6524
安徽省,淮南市,340400,潘集区政府,2277A,116.8305,32.7727
安徽省,淮南市,340400,焦岗湖风景区管理处,2281A,116.6325,32.6201
安徽省,淮南市,340400,经济技术开发区消防队,2894A,117.0566,32.6531
安徽省,淮南市,340400,谢家集区政府,2279A,116.8569,32.5951
安徽省,滁州市,341100,人大宾馆,2299A,118.3244,32.2786
安徽省,滁州市,341100,图书馆,3331A,118.3267,32.2634
安徽省,滁州市,341100,市政府原办公楼,3207A,118.3118,32.3038
安徽省,滁州市,341100,老年大学,2298A,118.3093,32.3153
安徽省,芜湖市,340200,四水厂,1796A,118.3673,31.3131
安徽省,芜湖市,340200,市气象局,3328A,118.4209,31.3707
安徽省,芜湖市,340200,扬子职业技术学院,3466A,118.2746,31.2326
安徽省,芜湖市,340200,清苑社区,3465A,118.4781,31.3225
安徽省,芜湖市,340200,监测站,1794A,118.3606,31.3519
安徽省,芜湖市,340200,科创中心,1795A,118.3714,31.4134
安徽省,蚌埠市,340300,工人疗养院,2270A,117.396,32.939
安徽省,蚌埠市,340300,淮上区政府,2274A,117.3533,32.9673
安徽省,蚌埠市,340300,百货大楼,2271A,117.3605,32.9427
安徽省,蚌埠市,340300,蚌埠学院,2273A,117.4185,32.8911
安徽省,蚌埠市,340300,蚌埠田家炳中学,3715A,117.3092,32.9314
安徽省,蚌埠市,340300,高新区,2275A,117.3145,32.8977
安徽省,铜陵市,340700,市公路局,2286A,117.8059,30.9273
安徽省,铜陵市,340700,市新民污水厂,2287A,117.7807,30.9413
安徽省,铜陵市,340700,市第九中学,2288A,117.7439,30.8792
安徽省,铜陵市,340700,市第四中学,2285A,117.8177,30.9412
安徽省,铜陵市,340700,市职教基地,2290A,117.8483,30.97
安徽省,铜陵市,340700,车站新区,2289A,117.846,30.9413
安徽省,阜阳市,341200,市监测站,2301A,115.8277,32.8929
安徽省,阜阳市,341200,市规划展馆,3468A,115.7901,32.8613
安徽省,阜阳市,341200,开发区,2303A,115.8554,32.8605
安徽省,阜阳市,341200,枣园社区,3469A,115.836,32.9183
安徽省,阜阳市,341200,阜阳职业技术学院,2875A,115.784,32.8892
安徽省,马鞍山市,340500,开发区,1799A,118.5024,31.6449
安徽省,马鞍山市,340500,慈湖,1800A,118.5228,31.7231
安徽省,马鞍山市,340500,湖东路四小,1798A,118.5092,31.6837
安徽省,马鞍山市,340500,濮塘,1802A,118.6245,31.7241
安徽省,马鞍山市,340500,雨山,3633A,118.4918,31.6809
安徽省,黄山市,341000,延安路89号,2295A,118.2903,29.6963
安徽省,黄山市,341000,黄山东路89号,2296A,118.327,29.7178
安徽省,黄山市,341000,黄山区政府5号楼,2297A,118.1371,30.2756
山东省,东营市,370500,垦利区民丰路,3365A,118.5719,37.565
山东省,东营市,370500,市环保局,1666A,118.6614,37.4309
山东省,东营市,370500,开发区管委会,3036A,118.6904,37.4338
山东省,东营市,370500,河口城区,3498A,118.5055,37.8612
山东省,东营市,370500,理想之城,3734A,118.35,37.26
山东省,东营市,370500,胜利站,3646A,118.4978,37.4623
山东省,临沂市,371300,十里堡居委,3370A,118.3564,35.0215
山东省,临沂市,371300,南坊新区,3496A,118.3604,35.1084
山东省,临沂市,371300,新光毛纺厂,1620A,118.2794,34.9976
山东省,临沂市,371300,沂河小区,1618A,118.3429,35.0532
山东省,临沂市,371300,河东保险公司,1621A,118.3956,35.0888
山东省,临沂市,371300,皇山花园小区,3860A,118.392,35.03
山东省,临沂市,371300,鲁南制药厂,1619A,118.295,35.0583
山东省,威海市,371000,临港区管委会,3505A,122.1379,37.3414
山东省,威海市,371000,华夏技校,1662A,122.1214,37.4236
山东省,威海市,371000,山大分校,1663A,122.0508,37.5236
山东省,威海市,371000,市监测站,1664A,122.1067,37.5072
山东省,威海市,371000,文登开发区,1982A,122.0693,37.2174
山东省,德州市,371400,九衢泉纯净水厂,3066A,116.2721,37.4379
山东省,德州市,371400,儿童乐园,1622A,116.3032,37.4674
山东省,德州市,371400,太阳城中学,3372A,116.3572,37.4094
山东省,德州市,371400,开发区人民医院,3371A,116.3728,37.4403
山东省,德州市,371400,监理站,1624A,116.2991,37.4451
山东省,德州市,371400,陵城艺术中心,3511A,116.5652,37.3319
山东省,日照市,371100,岚山环保分局,3604A,119.3266,35.1044
山东省,日照市,371100,市政府广场,1660A,119.523,35.4216
山东省,日照市,371100,港务局,1661A,119.5587,35.4044
山东省,日照市,371100,监测站,1659A,119.471,35.4209
山东省,日照市,371100,职业技术学院,3507A,119.5328,35.4625
山东省,枣庄市,370400,台儿庄区环保局,1640A,117.7276,34.5578
山东省,枣庄市,370400,山亭区环保局,1641A,117.4518,35.0992
山东省,枣庄市,370400,峄城区政府,1639A,117.5852,34.7745
山东省,枣庄市,370400,市中区政府,1637A,117.558,34.8438
山东省,枣庄市,370400,市环保局,3364A,117.3152,34.8103
山东省,枣庄市,370400,薛城环保局,1638A,117.2852,34.7837
山东省,泰安市,370900,交通技校,3503A,117.0313,36.2018
山东省,泰安市,370900,人口学校,1657A,117.0885,36.2017
山东省,泰安市,370900,国网新校,3502A,117.1812,36.2275
山东省,泰安市,370900,山东第一医科大学,3504A,117.0829,36.13
山东省,泰安市,370900,电力学校,1658A,117.1089,36.1758
山东省,泰安市,370900,监测站,1656A,117.1437,36.1937
山东省,济南市,370100,东山小学,1961A,117.532,36.6868
山东省,济南市,370100,农科所,1300A,116.9376,36.665
山东省,济南市,370100,市监测站,1305A,117.0495,36.663
山东省,济南市,370100,开发区,1301A,117.1265,36.6734
山东省,济南市,370100,技术学院,1616A,117.6795,36.229
山东省,济南市,370100,机床二厂,1304A,116.9489,36.6447
山东省,济南市,370100,泰兴公司,3059A,117.7161,36.2049
山东省,济南市,370100,济南四建,3682A,116.9814,36.6819
山东省,济南市,370100,济阳区政府,3494A,117.1673,36.9782
山东省,济南市,370100,省种子仓库,1303A,117.0624,36.6868
山东省,济南市,370100,科干所,1299A,116.9862,36.6114
山东省,济南市,370100,莱芜战役纪念馆,3064A,117.6867,36.2171
山东省,济南市,370100,锦屏中学,3495A,117.1171,36.63
山东省,济南市,370100,长清党校,1306A,116.7675,36.5484
山东省,济宁市,370800,北湖一中,3500A,116.5814,35.3707
山东省,济宁市,370800,市第七中学,3678A,116.5907,35.4054
山东省,济宁市,370800,服务中心,3501A,116.8249,35.5593
山东省,济宁市,370800,火炬城,1653A,116.6251,35.4302
山东省,济宁市,370800,电化厂,1655A,116.5491,35.4042
山东省,淄博市,370300,三金集团,3644A,117.8661,36.805
山东省,淄博市,370300,东风化工厂,3645A,118.0253,36.8406
山东省,淄博市,370300,人民公园,1631A,118.0414,36.8103
山东省,淄博市,370300,双山,1633A,117.8525,36.4847
山东省,淄博市,370300,新区,3363A,117.9883,36.8372
山东省,淄博市,370300,气象站,1634A,117.9592,36.6331
山东省,淄博市,370300,莆田园,1635A,118.3092,36.8194
山东省,滨州市,371600,中海酒店,3514A,117.9378,37.3956
山东省,滨州市,371600,北中新校,1630A,117.9776,37.393
山东省,滨州市,371600,市环保局,1628A,118.0062,37.3803
山东省,滨州市,371600,开发区一中,3515A,117.9378,37.3553
山东省,滨州市,371600,第二水厂,1629A,118.0018,37.3617
山东省,滨州市,371600,金海六路,3516A,118.0917,37.694
山东省,潍坊市,370700,坊子邮政,2877A,119.1641,36.6523
山东省,潍坊市,370700,寒亭区实验一小,3861A,119.2041,36.7699
山东省,潍坊市,370700,潍坊七中,3178A,119.0587,36.721
山东省,潍坊市,370700,潍坊学院,3416A,119.1755,36.7149
山东省,潍坊市,370700,环保局,1650A,119.1437,36.7023
山东省,潍坊市,370700,高新实验学校,3368A,119.1977,36.6872
山东省,烟台市,370600,中国农业大学,3366A,121.5206,37.4336
山东省,烟台市,370600,开发区,1642A,121.2514,37.5639
山东省,烟台市,370600,牟平检察院,3057A,121.5992,37.4014
山东省,烟台市,370600,福山环保局,1646A,121.2611,37.4967
山东省,烟台市,370600,莱山环保局,1645A,121.4478,37.4822
山东省,烟台市,370600,西郊化工站,1644A,121.3181,37.5436
山东省,烟台市,370600,轴承厂,1643A,121.3719,37.5433
山东省,聊城市,371500,九州社区,3513A,116.0445,36.4361
山东省,聊城市,371500,区政府,1625A,115.9848,36.4372
山东省,聊城市,371500,华润纺织,3512A,116.049,36.4674
山东省,聊城市,371500,监控中心,3200A,115.9819,36.4978
山东省,聊城市,371500,聊大东校,2878A,116.0072,36.4343
山东省,菏泽市,371700,定陶老年大学,3374A,115.5564,35.0891
山东省,菏泽市,371700,市政协,1719A,115.4747,35.2375
山东省,菏泽市,371700,气象局,1718A,115.4208,35.2464
山东省,菏泽市,371700,菏泽医专,3647A,115.4702,35.2706
山东省,青岛市,370200,仰口,1307A,120.6659,36.2403
山东省,青岛市,370200,即墨2号,3362A,120.5014,36.4034
山东省,青岛市,370200,四方区子站,1311A,120.3664,36.1032
山东省,青岛市,370200,城阳区子站,1315A,120.3999,36.3083
山东省,青岛市,370200,崂山区子站,1313A,120.4581,36.0858
山东省,青岛市,370200,市北区南部,3642A,120.3503,36.0736
山东省,青岛市,370200,市南区东部子站,1310A,120.4134,36.0658
山东省,青岛市,370200,市南区西部子站,1312A,120.2994,36.054
山东省,青岛市,370200,李沧区北部,3643A,120.3948,36.1805
山东省,青岛市,370200,黄岛区4号,1966A,120.0405,35.8735
山东省,青岛市,370200,黄岛区子站,1314A,120.1983,35.9608
山西省,临汾市,141000,临钢医院,1733A,111.5531,36.0783
山西省,临汾市,141000,唐尧大酒店,3018A,111.505,36.1014
山西省,临汾市,141000,城南,3668A,111.5036,36.0414
山西省,临汾市,141000,市委,1736A,111.5018,36.0855
山西省,临汾市,141000,技工学校,1734A,111.5028,36.0714
山西省,吕梁市,141100,环保局,2183A,111.1406,37.5211
山西省,吕梁市,141100,自来水公司,2185A,111.1297,37.5136
山西省,吕梁市,141100,马茂庄小学,2867A,111.1283,37.51
山西省,大同市,140200,云冈宾馆,1723A,113.2994,40.0758
山西省,大同市,140200,云冈站,3565A,113.1367,40.1122
山西省,大同市,140200,区一中,3567A,113.5931,40.0461
山西省,大同市,140200,图书馆,3566A,113.1186,40.2556
山西省,大同市,140200,大同大学,1724A,113.3444,40.0917
山西省,大同市,140200,大同市卫生学校,3282A,113.3397,40.0597
山西省,大同市,140200,安家小村,1725A,113.2661,40.1269
山西省,大同市,140200,教育学院,1726A,113.2711,40.0844
山西省,大同市,140200,果树场,1721A,113.3819,40.1097
山西省,大同市,140200,第二人民医院,3676A,113.2802,40.0995
山西省,太原市,140100,上兰,1083A,112.434,38.0108
山西省,太原市,140100,南寨,1088A,112.549,37.9854
山西省,太原市,140100,坞城,1087A,112.57,37.8195
山西省,太原市,140100,小店,1085A,112.5583,37.7394
山西省,太原市,140100,尖草坪,1081A,112.522,37.8873
山西省,太原市,140100,晋源,1084A,112.469,37.7124
山西省,太原市,140100,桃园,1086A,112.5369,37.8692
山西省,太原市,140100,育英中学,4010A,112.5608,37.8807
山西省,太原市,140100,金胜,3618A,112.4719,37.7831
山西省,忻州市,140900,会展中心,2182A,112.7003,38.4928
山西省,忻州市,140900,市政府,3208A,112.7283,38.4153
山西省,忻州市,140900,开发区,2181A,112.7383,38.4519
山西省,晋中市,140700,南都小区,2173A,112.7249,37.7067
山西省,晋中市,140700,榆次三中,2865A,112.7195,37.6828
山西省,晋中市,140700,榆次区政府,2174A,112.6991,37.6982
山西省,晋中市,140700,锦纶小区,2171A,112.7532,37.6945
山西省,晋城市,140500,市环保局,2162A,112.8508,35.4887
山西省,晋城市,140500,技术学院,2163A,112.8676,35.4897
山西省,晋城市,140500,泽州一中,3620A,112.8271,35.4828
山西省,晋城市,140500,白云商贸,2161A,112.8318,35.4936
山西省,晋城市,140500,白马寺,2165A,112.8453,35.546
山西省,晋城市,140500,自来水公司,2160A,112.85,35.5051
山西省,朔州市,140600,一水厂,3571A,112.2931,39.53
山西省,朔州市,140600,区政府,2168A,112.4258,39.3197
山西省,朔州市,140600,市二中,2170A,112.4272,39.3681
山西省,朔州市,140600,市环保局,2169A,112.4072,39.3278
山西省,朔州市,140600,平朔,2166A,112.4397,39.3522
山西省,朔州市,140600,朔唯,2167A,112.4575,39.3617
山西省,运城市,140800,地区技校,2178A,110.9686,35.0303
山西省,运城市,140800,水利职院,3667A,111.0283,35.0547
山西省,运城市,140800,禹都公园,3670A,111.0522,35.0439
山西省,运城市,140800,空港新区,2179A,111.0414,35.1147
山西省,运城市,140800,运城中学,2175A,110.9956,35.0147
山西省,长治市,140400,向阳小学,3568A,113.06,36.0464
山西省,长治市,140400,审计局,1730A,113.0886,36.2125
山西省,长治市,140400,屯留一中,3569A,112.8792,36.3144
山西省,长治市,140400,德盛苑,2845A,113.1569,36.1911
山西省,长治市,140400,清华站,1727A,113.1147,36.1547
山西省,长治市,140400,潞城四中,3570A,113.235,36.3489
山西省,长治市,140400,监测站,1728A,113.1031,36.1989
山西省,长治市,140400,长治八中,1731A,113.0844,36.1856
山西省,阳泉市,140300,南庄,1740A,113.5819,37.8486
山西省,阳泉市,140300,大阳泉,1743A,113.5158,37.8392
山西省,阳泉市,140300,市中心,1738A,113.5758,37.8572
山西省,阳泉市,140300,平坦,1742A,113.5614,37.8703
山西省,阳泉市,140300,赛鱼,1739A,113.4894,37.8731
山西省,阳泉市,140300,龙柱,3619A,113.617,37.8571
广东省,东莞市,441900,万江金泰,3319A,113.7338,23.0381
广东省,东莞市,441900,东城主山,3627A,113.7875,23.0457
广东省,东莞市,441900,东城石井,1390A,113.7944,23.0128
广东省,东莞市,441900,南城元岭,3626A,113.7533,23.0202
广东省,东莞市,441900,南城西平,1391A,113.7383,22.9658
广东省,东莞市,441900,莞城梨川,1389A,113.7547,23.0494
广东省,中山市,442000,中山南区,3454A,113.3528,22.478
广东省,中山市,442000,华柏园,1379A,113.3769,22.5211
广东省,中山市,442000,张溪,1380A,113.3881,22.5497
广东省,中山市,442000,紫马岭,1381A,113.4075,22.5111
广东省,中山市,442000,长江旅游区,1382A,113.4411,22.4853
广东省,云浮市,445300,文笔,3628A,112.0336,22.9374
广东省,云浮市,445300,新市府,1712A,112.0392,22.9169
广东省,云浮市,445300,牧羊,1714A,112.0539,22.9539
广东省,佛山市,440600,三水云东海,1378A,112.867,23.185
广东省,佛山市,440600,三水监测站,1377A,112.8836,23.1588
广东省,佛山市,440600,华材职中,1372A,113.1083,23.0478
广东省,佛山市,440600,南海气象局,1373A,113.144,23.0453
广东省,佛山市,440600,容桂街道办,3625A,113.2544,22.7642
广东省,佛山市,440600,湾梁,1371A,113.1294,23.0067
广东省,佛山市,440600,顺德苏岗,1374A,113.2881,22.8094
广东省,佛山市,440600,高明孔堂,1376A,112.8383,22.8678
广东省,广州市,440100,九龙镇镇龙,1353A,113.5618,23.312
广东省,广州市,440100,从化良口,3445A,113.7858,23.7478
广东省,广州市,440100,从化街口,3298A,113.5717,23.5491
广东省,广州市,440100,体育西,2846A,113.3221,23.1322
广东省,广州市,440100,南沙街,3304A,113.5342,22.7896
广东省,广州市,440100,南沙黄阁,3303A,113.4922,22.8168
广东省,广州市,440100,增城荔城,3446A,113.8051,23.2614
广东省,广州市,440100,市五中,1346A,113.2612,23.105
广东省,广州市,440100,市八十六中,1349A,113.4332,23.1047
广东省,广州市,440100,市监测站,1352A,113.2597,23.1331
广东省,广州市,440100,帽峰山森林公园,1355A,113.443,23.3035
广东省,广州市,440100,广东商学院,1348A,113.3478,23.0916
广东省,广州市,440100,广雅中学,1345A,113.2347,23.1423
广东省,广州市,440100,番禺中学,1350A,113.3505,22.9483
广东省,广州市,440100,番禺大学城,3302A,113.3942,23.0483
广东省,广州市,440100,白云嘉禾,3300A,113.2981,23.237
广东省,广州市,440100,白云竹料,3299A,113.3472,23.3692
广东省,广州市,440100,花都师范,1351A,113.2146,23.3916
广东省,广州市,440100,花都梯面,3443A,113.2902,23.5544
广东省,广州市,440100,麓湖,1354A,113.2765,23.1544
广东省,广州市,440100,黄埔科学城,3301A,113.4256,23.1716
广东省,惠州市,441300,下埔横江三路子站,1393A,114.4053,23.0822
广东省,惠州市,441300,大亚湾管委会子站,1396A,114.5317,22.7422
广东省,惠州市,441300,大亚湾霞涌,3452A,114.6517,22.775
广东省,惠州市,441300,惠阳区承修路船湖子站,1395A,114.4645,22.7833
广东省,惠州市,441300,惠阳秋长,3314A,114.4338,22.8134
广东省,惠州市,441300,江北云山西路子站,1394A,114.4103,23.1142
广东省,惠州市,441300,河南岸金山湖子站,1392A,114.4183,23.0528
广东省,揭阳市,445200,东兴,1710A,116.3611,23.5626
广东省,揭阳市,445200,新兴,1708A,116.3701,23.5345
广东省,揭阳市,445200,曲溪,3320A,116.403,23.5699
广东省,揭阳市,445200,渔湖,1711A,116.4151,23.5294
广东省,揭阳市,445200,西马,1709A,116.3264,23.5443
广东省,梅州市,441400,梅县新城,1691A,116.0797,24.2719
广东省,梅州市,441400,梅江月梅,1690A,116.1231,24.3284
广东省,梅州市,441400,梅龙,3315A,116.1233,24.2991
广东省,梅州市,441400,环境监控中心,1692A,116.1248,24.2654
广东省,汕头市,440500,潮南子站,3624A,116.4069,23.2533
广东省,汕头市,440500,潮南峡山,3444A,116.454,23.2684
广东省,汕头市,440500,潮阳子站,1678A,116.6092,23.2539
广东省,汕头市,440500,澄海子站,1677A,116.7519,23.4714
广东省,汕头市,440500,濠江子站,1676A,116.7258,23.2775
广东省,汕头市,440500,金平子站,1674A,116.6794,23.3667
广东省,汕头市,440500,龙湖子站,1675A,116.7244,23.3633
广东省,汕尾市,441500,市政府,1694A,115.3706,22.7898
广东省,汕尾市,441500,市环保局,1693A,115.3653,22.775
广东省,汕尾市,441500,新城中学,1695A,115.3622,22.7925
广东省,江门市,440700,东湖,1386A,113.0828,22.5947
广东省,江门市,440700,北街,1383A,113.1064,22.6058
广东省,江门市,440700,圭峰西,1385A,113.0219,22.5311
广东省,江门市,440700,新会银湖,3449A,113.05,22.4667
广东省,江门市,440700,江海富民,3311A,113.1075,22.5647
广东省,江门市,440700,西区,1384A,113.0731,22.5835
广东省,河源市,441600,东埔,1697A,114.6944,23.7586
广东省,河源市,441600,源西,1696A,114.6778,23.7569
广东省,河源市,441600,老城,1698A,114.6892,23.7233
广东省,深圳市,440300,华侨城,1358A,113.987,22.5417
广东省,深圳市,440300,南海子站,1359A,113.9181,22.5171
广东省,深圳市,440300,南澳,1363A,114.494,22.5422
广东省,深圳市,440300,坪山,3447A,114.3551,22.7151
广东省,深圳市,440300,梅沙,1365A,114.297,22.5978
广东省,深圳市,440300,横岗,3307A,114.1871,22.6451
广东省,深圳市,440300,民治,3306A,114.0261,22.6198
广东省,深圳市,440300,洪湖,1357A,114.117,22.5625
广东省,深圳市,440300,盐田,1360A,114.2458,22.5689
广东省,深圳市,440300,莲花,3305A,114.0731,22.559
广东省,深圳市,440300,葵涌,1364A,114.41,22.6342
广东省,深圳市,440300,西乡,3623A,113.8953,22.5861
广东省,深圳市,440300,观澜,1366A,114.0678,22.738
广东省,深圳市,440300,通心岭子站,1356A,114.1063,22.5545
广东省,深圳市,440300,龙岗,1361A,114.2283,22.7244
广东省,清远市,441800,凤城街办,1703A,113.0208,23.7106
广东省,清远市,441800,技师学院,3025A,113.0477,23.6344
广东省,清远市,441800,清城东城,3455A,113.076,23.7198
广东省,清远市,441800,清新太和,3318A,112.9903,23.7403
广东省,清远市,441800,环保大楼,1702A,113.0426,23.691
广东省,湛江市,440800,坡头区环保局,1685A,110.4558,21.2567
广东省,湛江市,440800,市环境监测站,1681A,110.3928,21.2228
广东省,湛江市,440800,湛江影剧院,1680A,110.3539,21.2706
广东省,湛江市,440800,环保局宿舍,1682A,110.4019,21.1997
广东省,湛江市,440800,霞山游泳场,1683A,110.4111,21.2028
广东省,湛江市,440800,麻章区环保局,1684A,110.3316,21.2679
广东省,潮州市,445100,市政府,3026A,116.6183,23.6608
广东省,潮州市,445100,档案局,1706A,116.6447,23.6706
广东省,潮州市,445100,西园路,1705A,116.6367,23.6719
广东省,珠海市,440400,前山,1368A,113.4881,22.2335
广东省,珠海市,440400,吉大,1367A,113.5814,22.2618
广东省,珠海市,440400,唐家,1369A,113.628,22.4251
广东省,珠海市,440400,斗门,1370A,113.299,22.2281
广东省,珠海市,440400,横琴,3448A,113.5433,22.1163
广东省,珠海市,440400,金湾,3308A,113.3494,22.0569
广东省,肇庆市,441200,七星岩子站,1400A,112.4753,23.1
广东省,肇庆市,441200,坑口子站,1399A,112.5544,23.1522
广东省,肇庆市,441200,城中子站,1398A,112.4645,23.0475
广东省,肇庆市,441200,睦岗子站,1397A,112.4267,23.0706
广东省,肇庆市,441200,高要湖西,3313A,112.4575,23.0166
广东省,肇庆市,441200,鼎湖凤凰,3451A,112.5617,23.2083
广东省,茂名市,440900,健康路,1688A,110.9107,21.6687
广东省,茂名市,440900,电白南海,1686A,111.0286,21.4688
广东省,茂名市,440900,电白水东,3450A,111.01,21.5165
广东省,茂名市,440900,茂石化七小,1687A,110.9294,21.6533
广东省,茂名市,440900,高岭,1689A,110.8592,21.6828
广东省,阳江市,441700,两阳中学,3317A,111.9765,21.8947
广东省,阳江市,441700,阳东陶然,3453A,112.0125,21.8749
广东省,阳江市,441700,马南垌,1701A,111.9491,21.8658
广东省,阳江市,441700,鸳鸯湖,1699A,111.9797,21.8593
广东省,韶关市,440200,园林处,1671A,113.5917,24.7972
广东省,韶关市,440200,市八中,1669A,113.5824,24.7733
广东省,韶关市,440200,曲江监测站,1673A,113.5971,24.6863
广东省,韶关市,440200,碧湖山庄,3622A,113.5556,24.8082
广东省,韶关市,440200,韶关学院,1672A,113.6735,24.7791
广西壮族自治区,北海市,450500,北海工业园,1869A,109.1778,21.5233
广西壮族自治区,北海市,450500,新市环保局,1868A,109.0981,21.4661
广西壮族自治区,北海市,450500,海滩公园,1867A,109.1436,21.4086
广西壮族自治区,北海市,450500,牛尾岭水库,1866A,109.2262,21.588
广西壮族自治区,北海市,450500,龙潭自来水厂,3400A,109.1911,21.4415
广西壮族自治区,南宁市,450100,二十一中,1401A,108.3103,22.7881
广西壮族自治区,南宁市,450100,仙葫,1405A,108.4394,22.7904
广西壮族自治区,南宁市,450100,北湖,1402A,108.3141,22.8528
广西壮族自治区,南宁市,450100,区农职院,1406A,108.2397,22.8467
广西壮族自治区,南宁市,450100,大自然花园,1404A,108.3829,22.8037
广西壮族自治区,南宁市,450100,市监测站,1403A,108.3206,22.8225
广西壮族自治区,南宁市,450100,沙井镇街道办,1408A,108.2257,22.7757
广西壮族自治区,南宁市,450100,红星社区,3401A,108.4834,22.7618
广西壮族自治区,南宁市,450100,英华嘉园,1407A,108.3275,22.735
广西壮族自治区,崇左市,451400,城南新区,2522A,107.3702,22.3707
广西壮族自治区,崇左市,451400,市环保局江州分局,2521A,107.3476,22.4136
广西壮族自治区,来宾市,451300,中南小学,4002A,109.2416,23.7461
广西壮族自治区,来宾市,451300,兴宾区政府,3535A,109.1781,23.7297
广西壮族自治区,来宾市,451300,来宾技工学校,2520A,109.2203,23.7256
广西壮族自治区,柳州市,450200,古亭山,1875A,109.4958,24.3134
广西壮族自治区,柳州市,450200,市九中,1874A,109.4006,24.3631
广西壮族自治区,柳州市,450200,市二中,3402A,109.5422,24.3996
广西壮族自治区,柳州市,450200,市四中,1873A,109.4311,24.2921
广西壮族自治区,柳州市,450200,柳东小学,1870A,109.4856,24.3895
广西壮族自治区,柳州市,450200,河西水厂,1872A,109.389,24.341
广西壮族自治区,柳州市,450200,环保监测站,1871A,109.4157,24.3277
广西壮族自治区,桂林市,450300,八中,1865A,110.2869,25.2178
广西壮族自治区,桂林市,450300,创业大厦,3403A,110.1764,25.2381
广西壮族自治区,桂林市,450300,旅游学院,3531A,110.296,25.1253
广西壮族自治区,桂林市,450300,电子科大尧山校区,1862A,110.4144,25.3167
广西壮族自治区,桂林市,450300,监测站,1863A,110.2819,25.2697
广西壮族自治区,桂林市,450300,龙隐路小学,1864A,110.3089,25.2708
广西壮族自治区,梧州市,450400,市十一中,2496A,111.3239,23.4794
广西壮族自治区,梧州市,450400,市逸夫小学,2495A,111.3014,23.4832
广西壮族自治区,梧州市,450400,龙圩,2497A,111.247,23.4189
广西壮族自治区,梧州市,450400,龙新,2498A,111.2711,23.4835
广西壮族自治区,河池市,451200,东仁乐园,2516A,108.2011,24.715
广西壮族自治区,河池市,451200,市环保站,2517A,108.0497,24.6947
广西壮族自治区,河池市,451200,市疾控中心,2518A,108.0983,24.6989
广西壮族自治区,玉林市,450900,南江一中,2511A,110.1433,22.6164
广西壮族自治区,玉林市,450900,寒山水库,2509A,110.1106,22.7019
广西壮族自治区,玉林市,450900,市监测站,2510A,110.1675,22.6411
广西壮族自治区,玉林市,450900,玉林师范学院东校区,3532A,110.1945,22.6831
广西壮族自治区,玉林市,450900,福绵环保局,3533A,110.0527,22.5893
广西壮族自治区,百色市,451000,市中心血站,2513A,106.6538,23.8859
广西壮族自治区,百色市,451000,市监测站,2512A,106.6103,23.9011
广西壮族自治区,百色市,451000,祈福高中,3406A,106.6085,23.8798
广西壮族自治区,贵港市,450800,德智高中,2505A,109.568,23.1478
广西壮族自治区,贵港市,450800,新世纪学校,3405A,109.5886,23.1172
广西壮族自治区,贵港市,450800,江南子站,2506A,109.6047,23.0666
广西壮族自治区,贵港市,450800,荷城子站,2508A,109.5669,23.1065
广西壮族自治区,贵港市,450800,贵城子站,2507A,109.6014,23.0948
广西壮族自治区,贺州市,451100,政协大楼,2515A,111.5608,24.4078
广西壮族自治区,贺州市,451100,环保小区,2514A,111.5264,24.4172
广西壮族自治区,贺州市,451100,西湾,3534A,111.4744,24.4553
广西壮族自治区,钦州市,450700,北职校,3404A,108.5959,21.9633
广西壮族自治区,钦州市,450700,市环保站,2502A,108.6236,21.9667
广西壮族自治区,钦州市,450700,沙埠小学,2503A,108.6549,21.9481
广西壮族自治区,钦州市,450700,港区一小,2504A,108.5989,21.7431
广西壮族自治区,防城港市,450600,大海花园,2501A,108.3506,21.6414
广西壮族自治区,防城港市,450600,沙万,2499A,108.3411,21.6158
广西壮族自治区,防城港市,450600,防城档案局,2500A,108.3514,21.7731
新疆维吾尔自治区,乌鲁木齐市,650100,三十一中学,1494A,87.6432,43.831
新疆维吾尔自治区,乌鲁木齐市,650100,培训基地,3033A,87.4651,43.4569
新疆维吾尔自治区,乌鲁木齐市,650100,大绿谷,3440A,87.4921,43.8411
新疆维吾尔自治区,乌鲁木齐市,650100,收费所,1491A,87.6046,43.768
新疆维吾尔自治区,乌鲁木齐市,650100,新师大温泉校区,3439A,87.7024,43.8004
新疆维吾尔自治区,乌鲁木齐市,650100,新疆农科院农场,1492A,87.4754,43.9469
新疆维吾尔自治区,乌鲁木齐市,650100,监测站,1490A,87.5801,43.8303
新疆维吾尔自治区,乌鲁木齐市,650100,米东区环保局,1496A,87.7216,44.1747
新疆维吾尔自治区,乌鲁木齐市,650100,红光山片区,3438A,87.6162,43.8801
新疆维吾尔自治区,乌鲁木齐市,650100,达坂城区环保局,3437A,88.3118,43.3658
新疆维吾尔自治区,乌鲁木齐市,650100,铁路局,1493A,87.5525,43.8711
新疆维吾尔自治区,五家渠市,659004,农水大厦,2711A,87.5475,44.1756
新疆维吾尔自治区,五家渠市,659004,经开区管委会,3441A,87.546,44.1912
新疆维吾尔自治区,伊犁哈萨克州,654000,市环保局,2703A,81.2815,43.9404
新疆维吾尔自治区,伊犁哈萨克州,654000,新政府片区,2704A,81.2996,43.9174
新疆维吾尔自治区,伊犁哈萨克州,654000,第二水厂,2705A,81.3364,43.941
新疆维吾尔自治区,克孜勒苏柯尔克孜自治州,653000,克州文化中心,3665A,76.1658,39.7157
新疆维吾尔自治区,克孜勒苏柯尔克孜自治州,653000,市人民政府,2697A,76.1454,39.7142
新疆维吾尔自治区,克拉玛依市,650200,乌尔禾区商贸楼,1955A,85.6979,46.098
新疆维吾尔自治区,克拉玛依市,650200,南林小区,1952A,84.8988,45.5893
新疆维吾尔自治区,克拉玛依市,650200,独山子区,1954A,84.905,44.3396
新疆维吾尔自治区,克拉玛依市,650200,白碱滩区新站,3612A,85.1045,45.6899
新疆维吾尔自治区,克拉玛依市,650200,长征新村,1951A,84.895,45.6094
新疆维吾尔自治区,博尔塔拉蒙古自治州,652700,市党校,2693A,82.0485,44.8556
新疆维吾尔自治区,博尔塔拉蒙古自治州,652700,市环保局,2694A,82.0806,44.8969
新疆维吾尔自治区,吐鲁番地区,652100,地区环保局,2687A,89.1673,42.9559
新疆维吾尔自治区,吐鲁番地区,652100,市环保局,2686A,89.1904,42.9418
新疆维吾尔自治区,和田地区,653200,地区环保局,3614A,79.924,37.0877
新疆维吾尔自治区,和田地区,653200,市环保局,3615A,79.9131,37.113
新疆维吾尔自治区,哈密地区,652200,哈密师范学校,2689A,93.4961,42.8328
新疆维吾尔自治区,哈密地区,652200,地区监测站,2688A,93.5128,42.8172
新疆维吾尔自治区,喀什地区,653100,吾办,2699A,75.9755,39.4694
新疆维吾尔自治区,喀什地区,653100,巡警大队,2698A,76.0072,39.4467
新疆维吾尔自治区,喀什地区,653100,市环境监测站,2700A,75.9538,39.4682
新疆维吾尔自治区,塔城地区,654200,东门外小游园,2706A,82.9994,46.7432
新疆维吾尔自治区,巴音郭楞州,652800,孔雀公园,1956A,86.1472,41.7538
新疆维吾尔自治区,巴音郭楞州,652800,棉纺厂,1957A,86.1972,41.7166
新疆维吾尔自治区,巴音郭楞州,652800,经济开发区,1958A,86.2357,41.7173
新疆维吾尔自治区,昌吉州,652300,亚心广场,3613A,87.3095,44.0142
新疆维吾尔自治区,昌吉州,652300,天山天池,2690A,88.1236,43.8886
新疆维吾尔自治区,昌吉州,652300,新区政务中心,2692A,87.2717,44.0297
新疆维吾尔自治区,石河子市,659001,南区管委会,3442A,86.047,44.2331
新疆维吾尔自治区,石河子市,659001,艾青诗歌馆,2709A,86.0497,44.2967
新疆维吾尔自治区,石河子市,659001,阳光学校,2710A,86.0697,44.3075
新疆维吾尔自治区,阿克苏地区,652900,电视台,2695A,80.292,41.1694
新疆维吾尔自治区,阿克苏地区,652900,艺术中心,2696A,80.2613,41.1551
新疆维吾尔自治区,阿勒泰地区,654300,市站,2708A,88.1264,47.8517
江苏省,南京市,320100,中华门,1154A,118.7752,32.0023
江苏省,南京市,320100,仙林大学城,1159A,118.9125,32.1028
江苏省,南京市,320100,六合雄州,3427A,118.8554,32.3578
江苏省,南京市,320100,奥体中心,1158A,118.7356,31.9996
江苏省,南京市,320100,山西路,1153A,118.7794,32.0745
江苏省,南京市,320100,江宁彩虹桥,3422A,118.8436,31.9198
江苏省,南京市,320100,浦口,1157A,118.6414,32.0931
江苏省,南京市,320100,溧水永阳,3423A,119.0138,31.6494
江苏省,南京市,320100,玄武湖,1156A,118.7997,32.0754
江苏省,南京市,320100,瑞金路,1155A,118.8109,32.0309
江苏省,南京市,320100,草场门,1152A,118.7538,32.0551
江苏省,南京市,320100,迈皋桥,1151A,118.8086,32.1065
江苏省,南京市,320100,高淳老职中,3424A,118.879,31.3302
江苏省,南通市,320600,城中,1170A,120.87,32.02
江苏省,南通市,320600,星湖花园,1171A,120.94,31.93
江苏省,南通市,320600,狼山街道,1168A,120.9098,31.9663
江苏省,南通市,320600,环境教育馆,3432A,120.9348,31.9883
江苏省,南通市,320600,紫琅学院,1172A,120.81,32.0417
江苏省,南通市,320600,虹桥,1169A,120.86,32.0005
江苏省,南通市,320600,通州监测站,3291A,121.067,32.062
江苏省,宿迁市,321300,宿豫区政府,3191A,118.3225,33.9447
江苏省,宿迁市,321300,宿迁中学,1221A,118.2442,33.9592
江苏省,宿迁市,321300,宿迁学院,1220A,118.293,33.9528
江苏省,宿迁市,321300,市供电局,2996A,118.283,33.965
江苏省,常州市,320400,安家,1201A,119.9255,31.9087
江苏省,常州市,320400,市监测站,1196A,119.9633,31.762
江苏省,常州市,320400,武进监测站,1200A,119.9468,31.7069
江苏省,常州市,320400,武进经发区,3429A,119.8598,31.7066
江苏省,常州市,320400,经开区,3003A,120.0522,31.7748
江苏省,常州市,320400,行政中心,3002A,119.9805,31.8174
江苏省,常州市,320400,金坛城区,3430A,119.5826,31.7245
江苏省,常州市,320400,钟楼,3010A,119.9025,31.7964
江苏省,徐州市,320300,农科院,1182A,117.2933,34.2778
江苏省,徐州市,320300,大泉街道,3288A,117.4754,34.4422
江苏省,徐州市,320300,新城区,1180A,117.256,34.2153
江苏省,徐州市,320300,桃园路,1181A,117.244,34.2911
江苏省,徐州市,320300,淮塔,1178A,117.1918,34.2384
江苏省,徐州市,320300,铜山区招生办,3006A,117.1694,34.1781
江苏省,徐州市,320300,黄河新村,1177A,117.179,34.2761
江苏省,徐州市,320300,鼓楼区政府,3005A,117.1814,34.29
江苏省,扬州市,321000,五台山医院,2869A,119.447,32.4155
江苏省,扬州市,321000,市体育局,3195A,119.3633,32.3972
江苏省,扬州市,321000,广陵建设局,3164A,119.4686,32.3942
江苏省,扬州市,321000,引江管理处,3294A,119.5653,32.4222
江苏省,扬州市,321000,邗江监测站,1186A,119.389,32.3761
江苏省,无锡市,320200,东亭,1192A,120.3489,31.5863
江苏省,无锡市,320200,华庄,3428A,120.3142,31.4753
江苏省,无锡市,320200,堰桥,1195A,120.299,31.6817
江苏省,无锡市,320200,旺庄,1193A,120.354,31.5475
江苏省,无锡市,320200,曹张,1190A,120.294,31.56
江苏省,无锡市,320200,漆塘,1191A,120.242,31.5031
江苏省,无锡市,320200,荣巷,1194A,120.245,31.5631
江苏省,无锡市,320200,雪浪,1188A,120.269,31.4867
江苏省,无锡市,320200,黄巷,1189A,120.275,31.6219
江苏省,泰州市,321200,公园路,1206A,119.905,32.4878
江苏省,泰州市,321200,周山河街区,3435A,119.9192,32.4322
江苏省,泰州市,321200,姜堰区政府广场,3295A,120.1259,32.5099
江苏省,泰州市,321200,王营,2997A,119.8767,32.3289
江苏省,泰州市,321200,留学生创业园,1209A,119.888,32.4639
江苏省,泰州市,321200,莲花,1207A,119.9189,32.4625
江苏省,淮安市,320800,北京南路,1211A,119.007,33.575
江苏省,淮安市,320800,市监测站,1212A,118.989,33.6067
江苏省,淮安市,320800,新华书店,3426A,118.8755,33.2894
江苏省,淮安市,320800,楚州区监测站,1213A,119.135,33.5039
江苏省,淮安市,320800,淮阴区监测站,1214A,119.0186,33.6297
江苏省,淮安市,320800,钵池山,1210A,119.036,33.5981
江苏省,盐城市,320900,大丰高级中学,3436A,120.4279,33.205
江苏省,盐城市,320900,宝龙广场,3004A,120.1544,33.3663
江苏省,盐城市,320900,市监测站,1216A,120.156,33.3942
江苏省,盐城市,320900,开发区管委会,1218A,120.2144,33.38
江苏省,盐城市,320900,月亮广场,3293A,120.1501,33.3367
江苏省,盐城市,320900,盐城电厂,1215A,120.118,33.4022
江苏省,苏州市,320500,上方山,1160A,120.561,31.2472
江苏省,苏州市,320500,吴中区,1164A,120.613,31.2703
江苏省,苏州市,320500,彩香,1162A,120.591,31.3019
江苏省,苏州市,320500,方洲路,3289A,120.743,31.3188
江苏省,苏州市,320500,木渎中学,3290A,120.5031,31.2774
江苏省,苏州市,320500,相城区,1167A,120.641,31.3708
江苏省,苏州市,320500,苏州工业园区,1166A,120.669,31.3097
江苏省,苏州市,320500,苏州新区,1165A,120.543,31.2994
江苏省,苏州市,320500,越秀幼儿园,3425A,120.624,31.1733
江苏省,苏州市,320500,轧钢厂,1163A,120.596,31.3264
江苏省,苏州市,320500,高铁新城,3431A,120.6505,31.416
江苏省,连云港市,320700,工贸学校,3434A,119.2413,34.6539
江苏省,连云港市,320700,市环境监测站,1173A,119.176,34.5885
江苏省,连云港市,320700,德源药业,3000A,119.3581,34.6972
江苏省,连云港市,320700,新城一中,3007A,119.178,34.844
江苏省,连云港市,320700,矿山设计院,3009A,119.1478,34.5911
江苏省,连云港市,320700,胡沟管理处,3008A,119.3608,34.7519
江苏省,连云港市,320700,连云街道,3664A,119.4172,34.7341
江苏省,镇江市,321100,丹徒区监测站,1205A,119.4303,32.1328
江苏省,镇江市,321100,富润路1号,3287A,119.3842,32.1976
江苏省,镇江市,321100,市疾控中心,2870A,119.4424,32.1873
江苏省,镇江市,321100,新区办事处,1203A,119.6707,32.1875
江苏省,镇江市,321100,职教中心,1204A,119.4974,32.1968
江西省,上饶市,361100,凤凰光学,2383A,117.9519,28.4628
江西省,上饶市,361100,双创科技城,3685A,117.897,28.4315
江西省,上饶市,361100,市监测站,2382A,117.9756,28.4436
江西省,上饶市,361100,广丰区教体局,3413A,118.1953,28.4401
江西省,上饶市,361100,百草园,2381A,118.005,28.4572
江西省,九江市,360400,五七二七厂,1806A,116.0172,29.6547
江西省,九江市,360400,十里,1803A,115.9872,29.6815
江西省,九江市,360400,外国语学校,3190A,116.0254,29.6994
江西省,九江市,360400,庐山气象台,1810A,115.9773,29.5698
江西省,九江市,360400,石化总厂,1809A,116.0721,29.7535
江西省,九江市,360400,综合工业园,1808A,115.9114,29.6038
江西省,九江市,360400,茅山头,1804A,115.9584,29.7046
江西省,九江市,360400,西园,1805A,115.9877,29.7295
江西省,南昌市,360100,外国语学校,3690A,115.9721,28.7031
江西省,南昌市,360100,建工学校,1294A,115.8518,28.687
江西省,南昌市,360100,机电学校,3046A,115.9084,28.6062
江西省,南昌市,360100,林科所,1292A,115.8126,28.7442
江西省,南昌市,360100,武术学校,1296A,115.7423,28.7996
江西省,南昌市,360100,省外办,1290A,115.8931,28.6843
江西省,南昌市,360100,省林业公司,1291A,115.8886,28.7003
江西省,南昌市,360100,省站,1298A,115.9314,28.6842
江西省,南昌市,360100,象湖,1295A,115.8921,28.6424
江西省,吉安市,360800,市森林工业局,2368A,114.9658,27.0999
江西省,吉安市,360800,市环境监测站,2369A,114.99,27.1312
江西省,吉安市,360800,红声器材厂,2367A,114.9754,27.0803
江西省,吉安市,360800,青原区法院,2370A,115.0093,27.0968
江西省,宜春市,360900,万载县环保局,3415A,114.4519,28.0828
江西省,宜春市,360900,宜春学院北校区,3151A,114.375,27.8097
江西省,宜春市,360900,市广电局,2375A,114.4013,27.8074
江西省,宜春市,360900,市气象局,2374A,114.3703,27.7914
江西省,宜春市,360900,市石油公司,2373A,114.3956,27.7844
江西省,宜春市,360900,槟榔水业,2371A,114.3408,27.8064
江西省,抚州市,361000,医学分院,2380A,116.385,27.9647
江西省,抚州市,361000,市站,2377A,116.3544,27.9831
江西省,抚州市,361000,桐源党溪,2376A,116.2127,28.0814
江西省,抚州市,361000,血防站,2378A,116.3565,27.963
江西省,抚州市,361000,采茶剧团,2379A,116.3564,28.0007
江西省,新余市,360500,北岗,2352A,115.0861,27.9317
江西省,新余市,360500,市气象局,2355A,114.9308,27.8036
江西省,新余市,360500,新钢沁园村,3206A,114.9149,27.807
江西省,新余市,360500,第二水厂,2354A,114.9231,27.8246
江西省,新余市,360500,飞宇,2353A,114.9886,27.8431
江西省,景德镇市,360200,兽医站,2344A,117.1894,29.2789
江西省,景德镇市,360200,台达陶瓷,2345A,117.1547,29.2617
江西省,景德镇市,360200,王港中学,2342A,117.3102,29.3867
江西省,景德镇市,360200,老干部活动中心,2343A,117.2117,29.2933
江西省,景德镇市,360200,陶研所,2346A,117.2461,29.2956
江西省,萍乡市,360300,中医院,2348A,113.8385,27.6434
江西省,萍乡市,360300,安源区政府,2351A,113.866,27.6198
江西省,萍乡市,360300,市政府车库,2349A,113.8493,27.6253
江西省,萍乡市,360300,市环保局,2350A,113.8676,27.6435
江西省,萍乡市,360300,武功山,2347A,114.0997,27.5002
江西省,赣州市,360700,华坚鞋城,2366A,114.8905,25.8471
江西省,赣州市,360700,地委,2363A,114.9367,25.8664
江西省,赣州市,360700,市图书馆,2365A,114.9322,25.8333
江西省,赣州市,360700,气象台,2364A,114.9461,25.8481
江西省,赣州市,360700,赣县区卫计委,3109A,115.0093,25.8613
江西省,赣州市,360700,通天岩,2362A,114.9017,25.9149
江西省,赣江新区,369900,桑海产业园,3414A,115.8347,28.932
江西省,鹰潭市,360600,三川水表,2361A,117.0017,28.2131
江西省,鹰潭市,360600,体育馆,2360A,117.0222,28.2264
江西省,鹰潭市,360600,新监测站,2358A,117.0564,28.2642
江西省,鹰潭市,360600,财苑宾馆,2359A,117.0311,28.2475
江西省,鹰潭市,360600,龙虎山,2357A,116.9822,28.1136
河北省,保定市,130600,华电二区,1052A,115.5213,38.8959
河北省,保定市,130600,双鹰农机,4004A,115.4202,38.8656
河北省,保定市,130600,地表水厂,1054A,115.4612,38.8416
河北省,保定市,130600,徐水物探局,3583A,115.62909,39.02311
河北省,保定市,130600,接待中心,1053A,115.4713,38.9108
河北省,保定市,130600,清苑区第二中学,3582A,115.47694,38.76408
河北省,保定市,130600,游泳馆,1051A,115.493,38.8632
河北省,保定市,130600,满城区生态环境分局,3581A,115.31981,38.95208
河北省,保定市,130600,监测站,1056A,115.5086,38.8639
河北省,唐山市,130200,丰润区政府,3576A,118.1562,39.8322
河北省,唐山市,130200,冀东油田职工医院,3457A,118.4359,39.2762
河北省,唐山市,130200,十二中,1040A,118.1705,39.6506
河北省,唐山市,130200,小山,1041A,118.1869,39.622
河北省,唐山市,130200,政府服务中心,3578A,118.24498,39.66941
河北省,唐山市,130200,正泰大街热力站,3575A,118.09279,39.58089
河北省,唐山市,130200,消防缸窑路中队,3692A,118.2059,39.6585
河北省,唐山市,130200,物资局,1038A,118.1725,39.6334
河北省,唐山市,130200,路南电大,3693A,118.1436,39.6202
河北省,唐山市,130200,金山小学,3577A,118.43673,39.73809
河北省,唐山市,130200,雷达站,1037A,118.131,39.6363
河北省,廊坊市,131000,北华航天学院,1070A,116.7244,39.5269
河北省,廊坊市,131000,开发区,1068A,116.7214,39.5589
河北省,廊坊市,131000,河北工业大学,2919A,116.7022,39.5453
河北省,廊坊市,131000,药材公司,1067A,116.6708,39.5111
河北省,张家口市,131200,世纪豪园,1060A,114.8902,40.762
河北省,张家口市,131200,五金库,1059A,114.8687,40.8042
河北省,张家口市,131200,人民公园,1057A,114.8883,40.8336
河北省,张家口市,131200,北泵房,1061A,114.8916,40.8661
河北省,张家口市,131200,烟厂,3131A,114.879,40.7993
河北省,张家口市,131200,青少年活动中心,3323A,115.2773,40.9724
河北省,承德市,130800,中国银行,1063A,117.9392,40.9763
河北省,承德市,130800,开发区,1064A,117.9503,40.928
河北省,承德市,130800,文化中心,1065A,117.8051,40.9655
河北省,承德市,130800,离宫,1066A,117.9268,41.0026
河北省,承德市,130800,铁路,1062A,117.9531,40.9081
河北省,沧州市,130900,市环保局,1073A,116.8709,38.3228
河北省,沧州市,130900,沧县城建局,1071A,116.8842,38.2991
河北省,沧州市,130900,河北水利电力学院,3324A,116.8136,38.3004
河北省,沧州市,130900,电视转播站,1072A,116.8584,38.3254
河北省,石家庄市,130100,22中南校区,2862A,114.5481,38.0378
河北省,石家庄市,130100,世纪公园,1033A,114.5331,38.0178
河北省,石家庄市,130100,井陉矿区区委大楼,3574A,114.0504658,38.0591645
河北省,石家庄市,130100,人民会堂,1034A,114.509,38.0457
河北省,石家庄市,130100,封龙山,1035A,114.3524,37.8911
河北省,石家庄市,130100,栾城区政府,3572A,114.6419615,37.9001925
河北省,石家庄市,130100,职工医院,1029A,114.4422,38.0444
河北省,石家庄市,130100,藁城区实验学校,3573A,114.8506765,38.0322033
河北省,石家庄市,130100,西北水源,1031A,114.4898,38.1328
河北省,石家庄市,130100,西南高教,1032A,114.4586,38.0058
河北省,石家庄市,130100,高新区,1030A,114.6063,38.0266
河北省,石家庄市,130100,鹿泉一中,3456A,114.289,38.0906
河北省,秦皇岛市,130300,北戴河环保局,1042A,119.5134,39.8207
河北省,秦皇岛市,130300,建设大厦,1046A,119.5251,39.9041
河北省,秦皇岛市,130300,文明里,3132A,119.610547,39.943889
河北省,秦皇岛市,130300,监测站,1044A,119.5897,39.9499
河北省,秦皇岛市,130300,第一关,1043A,119.7493,40.0116
河北省,衡水市,131100,地表水厂,3459A,115.5989,37.5491
河北省,衡水市,131100,市城管局,3188A,115.6683,37.7217
河北省,衡水市,131100,市监测站,1075A,115.6303,37.7316
河北省,衡水市,131100,电机北厂,1074A,115.6838,37.7541
河北省,邢台市,130500,市环保局,1080A,114.4725,37.0719
河北省,邢台市,130500,路桥公司,1079A,114.5237,37.0851
河北省,邢台市,130500,达活泉,1077A,114.4704,37.0886
河北省,邢台市,130500,邢师高专,1078A,114.5062,37.0349
河北省,邯郸市,130400,丛台公园,1050A,114.484,36.6133
河北省,邯郸市,130400,东污水处理厂,1048A,114.5302,36.6116
河北省,邯郸市,130400,峰峰矿区临水派出所,3580A,114.20016,36.44293
河北省,邯郸市,130400,永年区实验高中,3579A,114.50634,36.77178
河北省,邯郸市,130400,矿院,1049A,114.4918,36.5713
河北省,邯郸市,130400,香泉濮院小区,3458A,114.7895,36.5593
河北省,雄安新区,131300,安新县民政局,3586A,115.923,38.9405
河北省,雄安新区,131300,安新县电力局,3587A,115.9324,38.9338
河北省,雄安新区,131300,容城县环境保护局,3584A,115.8844,39.0341
河北省,雄安新区,131300,河北容城中学,3585A,115.8665,39.0645
河北省,雄安新区,131300,雄县国土资源局,3589A,116.1105,39.0046
河北省,雄安新区,131300,雄县环境保护局,3588A,116.0901,38.9816
河南省,三门峡市,411200,三门峡市第一小学,3039A,111.1911,34.7829
河南省,三门峡市,411200,富达温泉假日酒店,3598A,111.1,34.7167
河南省,三门峡市,411200,市政府,1835A,111.1922,34.7752
河南省,三门峡市,411200,开发区,1836A,111.1587,34.7942
河南省,三门峡市,411200,风景区,1838A,111.143,34.7955
河南省,信阳市,411500,南湾水厂,2064A,113.9956,32.1271
河南省,信阳市,411500,审计局,2066A,114.0609,32.1399
河南省,信阳市,411500,市酿酒公司,2065A,114.0775,32.1195
河南省,信阳市,411500,平桥分局,2054A,114.1099,32.1059
河南省,南阳市,411300,卧龙区政府,4008A,112.5234,32.9922
河南省,南阳市,411300,气象站,2406A,112.5573,33.027
河南省,南阳市,411300,汉画馆,2405A,112.5003,32.9735
河南省,南阳市,411300,理工学院,2407A,112.5481,32.9689
河南省,南阳市,411300,瓦房庄,2404A,112.5224,33.0122
河南省,周口市,411600,周口师范,2068A,114.6758,33.6347
河南省,周口市,411600,川汇区环保局,2070A,114.6369,33.6406
河南省,周口市,411600,市环境监测站,2067A,114.6613,33.6128
河南省,周口市,411600,市运管处,2069A,114.6546,33.5979
河南省,商丘市,411400,梁园区档案局,3171A,115.6071,34.4465
河南省,商丘市,411400,环境监测站,2408A,115.6702,34.4285
河南省,商丘市,411400,睢阳区环保局,2410A,115.6293,34.3948
河南省,商丘市,411400,粮食局,2409A,115.6458,34.4045
河南省,安阳市,410500,信访局,3141A,114.3922,36.0878
河南省,安阳市,410500,安钢职工学校,3703A,114.2917,36.0949
河南省,安阳市,410500,左辅环卫站,3669A,114.4705,36.0637
河南省,安阳市,410500,棉研所,1818A,114.4839,36.0621
河南省,安阳市,410500,红庙街,1819A,114.3551,36.1017
河南省,安阳市,410500,银杏小区,1820A,114.361,36.0681
河南省,平顶山市,410400,平顶山工学院,1834A,113.182,33.774
河南省,平顶山市,410400,新华旅馆,1832A,113.3257,33.742
河南省,平顶山市,410400,石龙区,3594A,112.8867,33.9116
河南省,平顶山市,410400,规划局,3204A,113.3025,33.73
河南省,平顶山市,410400,规划设计院,1833A,113.2919,33.737
河南省,开封市,410200,世纪星幼儿园,1826A,114.2885,34.7965
河南省,开封市,410200,技师学院,3473A,114.2485,34.8306
河南省,开封市,410200,汴京公园,3210A,114.3644,34.7964
河南省,开封市,410200,祥符区生态环境局,3592A,114.4644,34.7556
河南省,开封市,410200,肿瘤医院,1824A,114.3389,34.7781
河南省,开封市,410200,龙亭公园,3147A,114.3438,34.8106
河南省,新乡市,410700,市委党校,3054A,113.9194,35.2847
河南省,新乡市,410700,市政府,3475A,113.9188,35.3045
河南省,新乡市,410700,开发区,2390A,113.884,35.272
河南省,新乡市,410700,河师大,3476A,113.9135,35.3327
河南省,新乡市,410700,环保东院,2391A,113.883,35.303
河南省,新乡市,410700,环保西院,2389A,113.836,35.311
河南省,新乡市,410700,行政服务中心,3689A,113.9003,35.372
河南省,洛阳市,410300,中移产业园,3341A,112.4951,34.6332
河南省,洛阳市,410300,伊滨,3340A,112.6005,34.6326
河南省,洛阳市,410300,吉利监测站,3593A,112.5736,34.8993
河南省,洛阳市,410300,市委党校,1812A,112.3931,34.6516
河南省,洛阳市,410300,市委新办公区,1817A,112.4267,34.6258
河南省,洛阳市,410300,开发区管委会,1816A,112.3844,34.623
河南省,洛阳市,410300,河南林校,1815A,112.494,34.6886
河南省,洛阳市,410300,河科大西苑校区,3635A,112.3677,34.662
河南省,洛阳市,410300,英才小学,3636A,112.4388,34.6781
河南省,洛阳市,410300,豫西宾馆,1814A,112.4657,34.6871
河南省,漯河市,411100,三五一五工厂,2399A,114.051,33.5699
河南省,漯河市,411100,召陵区卫健委,3479A,114.0967,33.5906
河南省,漯河市,411100,市图书馆,3478A,113.9749,33.5664
河南省,漯河市,411100,市广电局,2402A,114.0261,33.5698
河南省,漯河市,411100,市水利局,2401A,114.0138,33.5828
河南省,漯河市,411100,漯河大学,2400A,114.0055,33.5698
河南省,濮阳市,410900,油田物探公司,2395A,115.0866,35.7754
河南省,濮阳市,410900,油田运输公司,2394A,115.0574,35.7609
河南省,濮阳市,410900,濮水河管理处,3021A,115.0,35.7668
河南省,濮阳市,410900,环保局,2392A,115.0312,35.7636
河南省,焦作市,410800,中站许衡医院,3477A,113.1656,35.2539
河南省,焦作市,410800,原李万街道办,3981A,113.2449,35.1803
河南省,焦作市,410800,太极体育中心,3169A,113.2725,35.2067
河南省,焦作市,410800,市环保局,1828A,113.227,35.2125
河南省,焦作市,410800,影视城,1830A,113.1992,35.259
河南省,焦作市,410800,焦作技师学院,3336A,113.2465,35.2373
河南省,焦作市,410800,马村街道办,3335A,113.3137,35.2641
河南省,许昌市,411000,市一中,3134A,113.8172,34.0339
河南省,许昌市,411000,建安区兴业大厦,3597A,113.8134,34.1251
河南省,许昌市,411000,开发区,2398A,113.7906,33.9953
河南省,许昌市,411000,监测站,2396A,113.8276,34.0159
河南省,许昌市,411000,芙蓉广场,3338A,113.843,34.0823
河南省,许昌市,411000,许昌学院,3337A,113.8614,34.0442
河南省,郑州市,410100,上街区政府,3591A,113.30952,34.803229
河南省,郑州市,410100,供水公司,1319A,113.56746,34.81334
河南省,郑州市,410100,北区建设指挥部,3590A,113.8374,34.5589
河南省,郑州市,410100,四十七中,1321A,113.73961,34.77172
河南省,郑州市,410100,岗李水库,1324A,113.51488,34.91089
河南省,郑州市,410100,市监测站,1322A,113.60532,34.74838
河南省,郑州市,410100,惠济区政府,3471A,113.616563,34.86783
河南省,郑州市,410100,河医大,1323A,113.64164,34.7525
河南省,郑州市,410100,烟厂,1316A,113.69031,34.76122
河南省,郑州市,410100,经开区管委,1320A,113.7329,34.7178
河南省,郑州市,410100,郑纺机,1317A,113.65724,34.77134
河南省,郑州市,410100,银行学校,1318A,113.67526,34.80246
河南省,驻马店市,411700,天方二分厂,2422A,113.9976,32.9771
河南省,驻马店市,411700,小管楼,3339A,114.0012,33.0412
河南省,驻马店市,411700,市一纸厂,2420A,114.0189,32.9656
河南省,驻马店市,411700,市彩印厂,2421A,114.0114,33.015
河南省,鹤壁市,410600,南山宾馆,3596A,114.1572,35.9603
河南省,鹤壁市,410600,大新区,3474A,114.2617,35.6822
河南省,鹤壁市,410600,市交警支队,2386A,114.2956,35.7511
河南省,鹤壁市,410600,市监测站,2385A,114.17,35.9019
河南省,鹤壁市,410600,迎宾馆,2387A,114.2878,35.7306
浙江省,丽水市,331100,余庄前,1269A,119.879,28.4231
浙江省,丽水市,331100,监测站大楼,1267A,119.914,28.4514
浙江省,丽水市,331100,莲都小学,1268A,119.93,28.4586
浙江省,台州市,331000,台州环保大楼,1256A,121.419,28.6542
浙江省,台州市,331000,台州科技职业学院,3564A,121.2568,28.6681
浙江省,台州市,331000,路桥田洋王,1257A,121.377,28.5773
浙江省,台州市,331000,黄岩环保大楼,1255A,121.273,28.6459
浙江省,嘉兴市,330400,南湖区残联,2872A,120.7846,30.7525
浙江省,嘉兴市,330400,嘉兴学院,1253A,120.726,30.7478
浙江省,嘉兴市,330400,清河小学,1252A,120.7436,30.778
浙江省,嘉兴市,330400,秀洲住建,3407A,120.6916,30.7739
浙江省,宁波市,330200,万里国际学校,2871A,121.6147,29.9017
浙江省,宁波市,330200,万里学院,1235A,121.56,29.82
浙江省,宁波市,330200,区环保大楼,1234A,121.8358,29.911
浙江省,宁波市,330200,太古小学,1240A,121.5856,29.8635
浙江省,宁波市,330200,市环境监测中心,1241A,121.524,29.8674
浙江省,宁波市,330200,白沙活动中心,3710A,121.5594,29.8975
浙江省,宁波市,330200,钱湖水厂,1239A,121.633,29.7733
浙江省,宁波市,330200,龙赛医院,1236A,121.713,29.9572
浙江省,杭州市,330100,下沙,1226A,120.3461,30.3153
浙江省,杭州市,330100,临平镇,1231A,120.3019,30.4183
浙江省,杭州市,330100,云栖,1233A,120.0883,30.1808
浙江省,杭州市,330100,卧龙桥,1227A,120.1269,30.2456
浙江省,杭州市,330100,和睦小学,1230A,120.1197,30.3119
浙江省,杭州市,330100,城厢镇,1232A,120.2697,30.1819
浙江省,杭州市,330100,市府大楼,3558A,119.7183,30.2367
浙江省,杭州市,330100,浙江农大,1228A,120.1903,30.2692
浙江省,杭州市,330100,消防大队,3656A,120.1556,30.2864
浙江省,杭州市,330100,滨江,1223A,120.2072,30.2111
浙江省,杭州市,330100,西溪,1224A,120.0633,30.2747
浙江省,杭州市,330100,镇二中,3557A,119.9464,30.0494
浙江省,温州市,330300,南浦,1243A,120.6748,27.9939
浙江省,温州市,330300,市站,1245A,120.6709,28.0167
浙江省,温州市,330300,瓯海,1242A,120.634,28.0089
浙江省,温州市,330300,茶山,3561A,120.6985,27.9251
浙江省,温州市,330300,龙湾,1244A,120.76,27.9747
浙江省,湖州市,330500,仁皇山新区,2873A,120.0875,30.8955
浙江省,湖州市,330500,南浔区站,3562A,120.4148,30.8538
浙江省,湖州市,330500,吴兴区站,2907A,120.1844,30.8596
浙江省,湖州市,330500,城西水厂,1250A,120.0751,30.8669
浙江省,绍兴市,331300,上虞中学,3411A,120.8369,30.0137
浙江省,绍兴市,331300,城东开发委,1247A,120.6053,29.9928
浙江省,绍兴市,331300,柯桥区政府,3409A,120.4906,30.0861
浙江省,绍兴市,331300,柯桥妇保,3560A,120.4722,30.0415
浙江省,绍兴市,331300,树下王站,2921A,120.5483,30.0003
浙江省,绍兴市,331300,绍兴中专,3408A,120.5683,29.9361
浙江省,绍兴市,331300,袍江中学,3658A,120.6153,30.0764
浙江省,绍兴市,331300,重华小学,3410A,120.8752,30.0249
浙江省,舟山市,330900,临城新区,1260A,122.19,29.9944
浙江省,舟山市,330900,定海檀枫,1258A,122.122,30.0203
浙江省,舟山市,330900,普陀东港,1259A,122.3094,29.9558
浙江省,衢州市,330800,实验学校,1265A,118.8709,28.9666
浙江省,衢州市,330800,环保大楼,1264A,118.8692,28.9398
浙江省,衢州市,330800,衢州学院,1266A,118.8621,28.9808
浙江省,金华市,330700,十五中,1262A,119.647,29.077
浙江省,金华市,330700,气象局,3659A,119.656,29.1131
浙江省,金华市,330700,监测站,1263A,119.686,29.1029
海南省,三亚市,460200,君悦子站,3540A,109.7348,18.3443
海南省,三亚市,460200,河东子站,1876A,109.5078,18.2489
海南省,三亚市,460200,河西子站,1877A,109.4964,18.2681
海南省,儋州市,460400,东坡学校子站,3542A,109.5567,19.5187
海南省,儋州市,460400,第一中学子站,3541A,109.5726,19.5167
海南省,海口市,460100,东寨港,1409A,110.576,19.9507
海南省,海口市,460100,桂林洋子站,3539A,110.5111,19.9736
海南省,海口市,460100,海南大学,1410A,110.3232,20.0574
海南省,海口市,460100,海南师范大学,1412A,110.338,19.9969
海南省,海口市,460100,秀英海南医院,1411A,110.283,20.0053
海南省,海口市,460100,龙华路环保局宿舍,1413A,110.33,20.0356
湖北省,十堰市,420300,刘家沟,2430A,110.7258,32.6389
湖北省,十堰市,420300,武当山,2428A,111.0419,32.395
湖北省,十堰市,420300,滨河新村,2429A,110.78,32.6494
湖北省,十堰市,420300,郧阳区金沙路,3545A,110.8054,32.8401
湖北省,十堰市,420300,铁二处,2431A,110.8839,32.5714
湖北省,咸宁市,421200,咸安区政府,2449A,114.2936,29.8566
湖北省,咸宁市,421200,市发改委,2448A,114.3107,29.8454
湖北省,咸宁市,421200,森林公园,2447A,114.3175,29.8142
湖北省,咸宁市,421200,长江产业园,3655A,114.3375,29.8683
湖北省,孝感市,420900,东城区,2444A,113.942,30.9075
湖北省,孝感市,420900,文化路,2443A,113.9153,30.9285
湖北省,宜昌市,420500,云深路,3653A,111.3119,30.7273
湖北省,宜昌市,420500,伍家岗,1841A,111.3549,30.6465
湖北省,宜昌市,420500,夷陵区,1843A,111.3275,30.7819
湖北省,宜昌市,420500,点军区,1842A,111.2628,30.6961
湖北省,宜昌市,420500,猇亭区张家湾站,3546A,111.4606,30.552
湖北省,宜昌市,420500,白龙岗,1840A,111.2992,30.6981
湖北省,恩施土家族苗族自治州,422800,州电力总公司,2455A,109.4707,30.2798
湖北省,恩施土家族苗族自治州,422800,湖北民院,2454A,109.4978,30.2981
湖北省,恩施土家族苗族自治州,422800,龙凤新区,3549A,109.5061,30.3772
湖北省,武汉市,420100,东湖梨园,1325A,114.3677,30.5584
湖北省,武汉市,420100,吴家山,1333A,114.135,30.6319
湖北省,武汉市,420100,武昌紫阳,1328A,114.3025,30.5332
湖北省,武汉市,420100,民族大道182号,3153A,114.3877,30.4908
湖北省,武汉市,420100,汉口江滩,1331A,114.3014,30.5944
湖北省,武汉市,420100,汉口花桥,1327A,114.282,30.6189
湖北省,武汉市,420100,汉阳月湖,1326A,114.2529,30.558
湖北省,武汉市,420100,沉湖七壕,1334A,113.8454,30.2917
湖北省,武汉市,420100,沌口新区,1330A,114.1566,30.4825
湖北省,武汉市,420100,青山钢花,1329A,114.3646,30.6217
湖北省,荆州市,421000,学苑路,3548A,112.1655,30.3364
湖北省,荆州市,421000,市图书馆,1844A,112.2494,30.3197
湖北省,荆州市,421000,市委党校,1845A,112.2008,30.3544
湖北省,荆州市,421000,管委会,3194A,112.2747,30.3122
湖北省,荆门市,420800,掇刀,2440A,112.1969,30.9891
湖北省,荆门市,420800,石化一小,2441A,112.2213,31.0386
湖北省,荆门市,420800,竹园小学,2439A,112.2014,31.0481
湖北省,荆门市,420800,西山林语,3012A,112.1849,31.0362
湖北省,荆门市,420800,龙泉中学南校,3547A,112.1632,31.0138
湖北省,襄阳市,420600,樊城新华路,2433A,112.1392,32.0564
湖北省,襄阳市,420600,襄城运动路,2432A,112.155,32.0197
湖北省,襄阳市,420600,襄城隆中路,3396A,112.0828,32.0067
湖北省,襄阳市,420600,襄州航空路,2435A,112.2106,32.0903
湖北省,襄阳市,420600,高新台子湾,3397A,112.1214,32.1008
湖北省,襄阳市,420600,高新管委会,2434A,112.1825,32.1142
湖北省,鄂州市,420700,市政府,2436A,114.8938,30.3994
湖北省,鄂州市,420700,精准医疗中心,3654A,114.8094,30.4089
湖北省,鄂州市,420700,赵家坝,2437A,114.8989,30.3714
湖北省,随州市,421300,市委党校,2451A,113.3583,31.7275
湖北省,随州市,421300,市林业局,2452A,113.3833,31.6908
湖北省,随州市,421300,市立交桥水厂,2453A,113.3983,31.7308
湖北省,黄冈市,421100,市林业局,3398A,114.9136,30.4445
湖北省,黄冈市,421100,红卫路,2929A,114.8858,30.4519
湖北省,黄冈市,421100,职工中心,2446A,114.9028,30.4742
湖北省,黄石市,420200,团城山,2427A,115.0307,30.2092
湖北省,黄石市,420200,沈家营,2423A,115.0601,30.2313
湖北省,黄石市,420200,笔架山北路,3149A,115.0235,30.1578
湖北省,黄石市,420200,铁山,2426A,114.8988,30.2019
湖北省,黄石市,420200,陈家湾,2424A,115.0817,30.2006
湖南省,娄底市,431300,市委党校,2489A,112.0194,27.7314
湖南省,娄底市,431300,市政府,2491A,111.9892,27.7044
湖南省,娄底市,431300,市监测站,2488A,111.9975,27.725
湖南省,娄底市,431300,涟钢,2490A,111.9561,27.7569
湖南省,娄底市,431300,电视发射台,2487A,111.9589,27.8901
湖南省,岳阳市,430600,云溪区,1850A,113.2621,29.4758
湖南省,岳阳市,430600,南湖风景区,1847A,113.1094,29.3578
湖南省,岳阳市,430600,君山区,1851A,112.9943,29.4402
湖南省,岳阳市,430600,城陵矶,1848A,113.1493,29.4251
湖南省,岳阳市,430600,开发区,1849A,113.1497,29.3575
湖南省,岳阳市,430600,金凤水库,1852A,113.2117,29.355
湖南省,常德市,430700,市二中,1854A,111.6975,28.9703
湖南省,常德市,430700,武陵区永安,3138A,111.7153,29.0289
湖南省,常德市,430700,武陵区长庚,3140A,111.6625,29.0531
湖南省,常德市,430700,白鹤山,1857A,111.7158,29.1456
湖南省,常德市,430700,鼎城区玉霞,3139A,111.6892,28.9881
湖南省,张家界市,430800,未央路,1860A,110.5594,29.3547
湖南省,张家界市,430800,永定新区,1858A,110.5319,29.1217
湖南省,张家界市,430800,电业局,1859A,110.4697,29.1242
湖南省,张家界市,430800,袁家界,1861A,110.4417,29.315
湖南省,怀化市,431200,市四医院,2484A,109.9781,27.5342
湖南省,怀化市,431200,市委党校,2486A,110.0394,27.583
湖南省,怀化市,431200,林科所,2482A,109.5981,27.5721
湖南省,怀化市,431200,河西地税局,2483A,109.9453,27.5444
湖南省,怀化市,431200,监测楼,2485A,109.9972,27.5578
湖南省,株洲市,430200,云田中学,2031A,113.1817,27.9958
湖南省,株洲市,430200,大京风景区,1559A,113.251,27.8336
湖南省,株洲市,430200,天台山庄,1515A,113.135,27.8244
湖南省,株洲市,430200,市四中,1519A,113.167,27.8667
湖南省,株洲市,430200,市监测站,1524A,113.13,27.8528
湖南省,株洲市,430200,株冶医院,1518A,113.095,27.8867
湖南省,株洲市,430200,火车站,1520A,113.143,27.8381
湖南省,永州市,431100,冷水滩区环保局,2481A,111.5989,26.4519
湖南省,永州市,431100,市环境监测站,2478A,111.6156,26.4214
湖南省,永州市,431100,永州市环保局,2480A,111.5992,26.4364
湖南省,永州市,431100,零陵区环保局,2479A,111.6236,26.2331
湖南省,永州市,431100,零陵南津渡,2477A,111.6217,26.2081
湖南省,湘潭市,430300,岳塘,1513A,112.9227,27.8159
湖南省,湘潭市,430300,市监测站,1511A,112.9118,27.8403
湖南省,湘潭市,430300,昭山,1562A,113.0048,27.9153
湖南省,湘潭市,430300,板塘,1508A,112.9433,27.8614
湖南省,湘潭市,430300,江麓,1512A,112.8937,27.8728
湖南省,湘潭市,430300,科大,1514A,112.9074,27.9119
湖南省,湘潭市,430300,韶山,1564A,112.4876,27.9164
湖南省,湘西州,433100,吉首市计生局,2494A,109.6958,28.2675
湖南省,湘西州,433100,州政府,2493A,109.7325,28.3169
湖南省,湘西州,433100,跃进水库,2492A,109.6414,28.2558
湖南省,益阳市,430900,市特殊教育学校,2469A,112.3437,28.5531
湖南省,益阳市,430900,市环保局,2468A,112.3458,28.5808
湖南省,益阳市,430900,甘溪港,2467A,112.4067,28.6428
湖南省,益阳市,430900,资阳区政务中心,2470A,112.3347,28.6047
湖南省,益阳市,430900,赫山环保分局,2471A,112.3744,28.5819
湖南省,衡阳市,430400,原169医院,2456A,112.5003,26.9167
湖南省,衡阳市,430400,市委党校,2459A,112.6197,26.8733
湖南省,衡阳市,430400,市监测站,2460A,112.6006,26.8919
湖南省,衡阳市,430400,师范学院,3399A,112.6703,26.882
湖南省,衡阳市,430400,珠晖区环保局,2458A,112.6211,26.8956
湖南省,衡阳市,430400,真空机电公司,2461A,112.5664,26.9056
湖南省,衡阳市,430400,衡阳化工总厂,2457A,112.6194,26.9258
湖南省,邵阳市,430500,市一中,2463A,111.4733,27.2317
湖南省,邵阳市,430500,市化工厂,2464A,111.5283,27.2442
湖南省,邵阳市,430500,市水土所,2462A,111.5239,27.3033
湖南省,邵阳市,430500,市环保局,2466A,111.4328,27.2272
湖南省,邵阳市,430500,市罐头厂,2465A,111.4503,27.2537
湖南省,郴州市,431000,兴隆步行街,2474A,113.0161,25.8001
湖南省,郴州市,431000,市审计局,2475A,113.0383,25.8071
湖南省,郴州市,431000,市环保局,2476A,113.0348,25.7759
湖南省,郴州市,431000,市职中,2473A,113.0116,25.8226
湖南省,郴州市,431000,马头岭,2472A,113.0073,25.9061
湖南省,长沙市,430100,伍家岭,1340A,112.9792,28.2597
湖南省,长沙市,430100,天心区环保局,1342A,112.9844,28.1178
湖南省,长沙市,430100,沙坪,1344A,112.9581,28.3611
湖南省,长沙市,430100,湖南中医药大学,1343A,112.8908,28.1308
湖南省,长沙市,430100,湖南师范大学,1338A,112.9394,28.19
湖南省,长沙市,430100,火车新站,1341A,113.0014,28.1944
湖南省,长沙市,430100,经开区环保局,1335A,113.0833,28.2325
湖南省,长沙市,430100,雨花区环保局,1339A,113.0178,28.1322
湖南省,长沙市,430100,马坡岭,1337A,113.0792,28.2053
湖南省,长沙市,430100,高开区环保局,1336A,112.8872,28.2189
甘肃省,临夏回族自治州,622900,建设大厦,2668A,103.2417,35.6057
甘肃省,临夏回族自治州,622900,环保局,2667A,103.2069,35.5993
甘肃省,兰州市,620100,兰炼宾馆,1476A,103.631,36.1031
甘肃省,兰州市,620100,和平,3242A,103.9611,35.998
甘肃省,兰州市,620100,教育港,3186A,103.7158,36.1058
甘肃省,兰州市,620100,榆中兰大校区,1477A,104.1373,35.9454
甘肃省,兰州市,620100,生物制品所,1478A,103.8412,36.0726
甘肃省,兰州市,620100,百合公园,3241A,103.7439,36.0842
甘肃省,兰州市,620100,铁路设计院,1479A,103.831,36.0464
甘肃省,兰州新区,629900,新区管委会,3245A,103.6633,36.533
甘肃省,兰州新区,629900,舟曲中学,3246A,103.6975,36.4789
甘肃省,嘉峪关市,620200,气象局,1945A,98.2908,39.7711
甘肃省,嘉峪关市,620200,酒钢宾馆,2884A,98.2672,39.7978
甘肃省,嘉峪关市,620200,雄关区,3248A,98.2643,39.7724
甘肃省,天水市,620500,公园小学,2650A,105.7205,34.5786
甘肃省,天水市,620500,麦积国土局,2651A,105.8945,34.5538
甘肃省,天水市,620500,麦积山,2649A,106.0055,34.343
甘肃省,定西市,621100,东关小学,2663A,104.6241,35.5734
甘肃省,定西市,621100,供电公司,2664A,104.6194,35.5934
甘肃省,平凉市,620800,博物馆,2657A,106.7021,35.5307
甘肃省,平凉市,620800,聚贤嘉苑,2656A,106.6692,35.5461
甘肃省,庆阳市,621000,市环保局,2662A,107.6364,35.7067
甘肃省,庆阳市,621000,庆阳五中,2661A,107.6325,35.7357
甘肃省,张掖市,620700,区工会,2655A,100.4154,38.9422
甘肃省,张掖市,620700,润泉湖,2654A,100.4698,38.9524
甘肃省,武威市,620600,东关招商场,3201A,102.6486,37.9325
甘肃省,武威市,620600,监测站,2652A,102.6201,37.9251
甘肃省,甘南州,623000,州政府,2669A,102.9099,34.9841
甘肃省,甘南州,623000,甘肃民族师范学院,3380A,102.8914,34.9617
甘肃省,白银市,620400,动力公司,2648A,104.1465,36.5482
甘肃省,白银市,620400,第三小学,2647A,104.1724,36.5446
甘肃省,酒泉市,620900,仓门街子站,2658A,98.5061,39.7443
甘肃省,酒泉市,620900,油田生活基地,2659A,98.4989,39.7256
甘肃省,金昌市,620300,天庆家园,1944A,102.1692,38.5167
甘肃省,金昌市,620300,市委党校,3170A,102.1864,38.5253
甘肃省,金昌市,620300,新川苑,1943A,102.1725,38.5339
甘肃省,陇南市,621200,市总工会,3247A,104.955,33.371
甘肃省,陇南市,621200,汉王镇固水子,2665A,105.0822,33.3261
甘肃省,陇南市,621200,滨江中学,2885A,104.9339,33.3826
福建省,三明市,350400,三元区政府,2326A,117.6028,26.2378
福建省,三明市,350400,三明二中,2325A,117.635,26.2714
福建省,三明市,350400,三钢,2324A,117.6211,26.2625
福建省,三明市,350400,洋溪,2327A,117.7275,26.3108
福建省,南平市,350700,南平七中,2334A,118.1756,26.6272
福建省,南平市,350700,南平市监测站,2332A,118.1681,26.6369
福建省,南平市,350700,南平铝业有限公司,2333A,118.1825,26.6489
福建省,南平市,350700,茫荡山,2331A,118.0966,26.6761
福建省,厦门市,350200,同安二实小,3528A,118.1493,24.7245
福建省,厦门市,350200,洪文,1287A,118.1514,24.4767
福建省,厦门市,350200,湖里中学,2842A,118.0936,24.5058
福建省,厦门市,350200,溪东,1286A,118.1608,24.8169
福建省,厦门市,350200,集美中学,3527A,118.0958,24.5688
福建省,厦门市,350200,鼓浪屿,1288A,118.0661,24.4444
福建省,宁德市,350900,宁德一中,3209A,119.5231,26.6562
福建省,宁德市,350900,宁德市监测站,2341A,119.5388,26.6612
福建省,宁德市,350900,金涵水库,2339A,119.5001,26.6946
福建省,泉州市,350500,万安,1613A,118.6663,24.9424
福建省,泉州市,350500,城华南路,3529A,118.6333,24.9264
福建省,泉州市,350500,津头埔,1612A,118.5972,24.8978
福建省,泉州市,350500,涂山街,1611A,118.5819,24.9117
福建省,泉州市,350500,清源山,1614A,118.6117,24.9604
福建省,漳州市,350600,九湖,2075A,117.6336,24.4674
福建省,漳州市,350600,漳州党校,3216A,114.6622,24.5183
福建省,漳州市,350600,蓝田镇,2920A,117.7116,24.506
福建省,漳州市,350600,西洋坪路,3530A,117.6296,24.5314
福建省,福州市,350100,九龙,3048A,119.5799,26.0936
福建省,福州市,350100,五四北路,1283A,119.2984,26.1028
福建省,福州市,350100,吴航,3526A,119.5189,25.9664
福建省,福州市,350100,师大,1282A,119.2681,26.0504
福建省,福州市,350100,杨桥西路,1284A,119.2648,26.0768
福建省,福州市,350100,紫阳,1285A,119.317,26.0746
福建省,福州市,350100,鼓山,1280A,119.3903,26.0543
福建省,莆田市,350300,东圳水库,2323A,118.981,25.4792
福建省,莆田市,350300,涵江区六中,2321A,119.1119,25.4561
福建省,莆田市,350300,秀屿区政府,2322A,119.1013,25.3215
福建省,莆田市,350300,荔城区仓后路,2319A,119.0141,25.4325
福建省,莆田市,350300,莆田市监测站,2320A,119.0015,25.4553
福建省,龙岩市,350800,闽西职业技术学院,2337A,117.0258,25.0661
福建省,龙岩市,350800,龙岩学院,2338A,117.0196,25.0306
福建省,龙岩市,350800,龙岩市监测站,2336A,117.0217,25.1033
福建省,龙岩市,350800,龙岩师专,2335A,117.0189,25.1181
西藏自治区,山南市,542200,山南人民医院,2625A,91.7706,29.2436
西藏自治区,山南市,542200,山南监测站,2624A,91.7608,29.2313
西藏自治区,拉萨市,540100,八廓街,1456A,91.1319,29.6514
西藏自治区,拉萨市,540100,区监测站,1458A,91.0874,29.6475
西藏自治区,拉萨市,540100,区辐射站,1460A,90.9798,29.6588
西藏自治区,拉萨市,540100,市环保局,1457A,91.1221,29.6747
西藏自治区,拉萨市,540100,拉萨火车站,1461A,91.0834,29.6292
西藏自治区,拉萨市,540100,西藏大学,1459A,91.1774,29.6541
西藏自治区,日喀则市,542300,日喀则监测站,2626A,88.8876,29.2718
西藏自治区,日喀则市,542300,林业技术推广中心,3726A,88.8781,29.2426
西藏自治区,昌都市,542100,昌都会议中心,3719A,97.1714,31.1406
西藏自治区,昌都市,542100,昌都监测站,2622A,97.1806,31.1273
西藏自治区,林芝市,542600,林芝人民医院,2633A,94.3616,29.6616
西藏自治区,林芝市,542600,林芝监测站,2632A,94.3681,29.6376
西藏自治区,那曲地区,542400,那曲会议中心,3128A,92.0506,31.4797
西藏自治区,那曲地区,542400,那曲监测站,2628A,92.0657,31.4846
西藏自治区,阿里地区,542500,阿里监测站,2630A,80.1161,32.5
西藏自治区,阿里地区,542500,阿里藏医院,3192A,80.0903,32.5028
贵州省,六盘水市,520200,双水,2580A,104.9544,26.5506
贵州省,六盘水市,520200,民中,2579A,104.8475,26.5894
贵州省,六盘水市,520200,水钢,2578A,104.89,26.5939
贵州省,六盘水市,520200,窑上,2576A,104.8,26.5892
贵州省,六盘水市,520200,黄土坡,2577A,104.83,26.5917
贵州省,安顺市,520400,伍家关,3122A,105.9606,26.2611
贵州省,安顺市,520400,凤凰山,3123A,105.9408,26.2431
贵州省,安顺市,520400,娄家坡,3125A,105.8983,26.2481
贵州省,安顺市,520400,金钟山,3124A,105.9439,26.2564
贵州省,毕节市,522400,八中,2587A,105.2864,27.3125
贵州省,毕节市,522400,师专,2588A,105.31,27.2944
贵州省,毕节市,522400,长征村,3537A,105.3631,27.3533
贵州省,贵阳市,520100,中院村,1444A,106.694,26.5161
贵州省,贵阳市,520100,太慈桥,1447A,106.674,26.5424
贵州省,贵阳市,520100,市环保站,1440A,106.6971,26.5694
贵州省,贵阳市,520100,新华路,1446A,106.7164,26.5699
贵州省,贵阳市,520100,桐木岭,1552A,106.805,26.3003
贵州省,贵阳市,520100,燕子冲,1442A,106.7487,26.6343
贵州省,贵阳市,520100,碧云窝,1443A,106.6555,26.4365
贵州省,贵阳市,520100,红边门,1445A,106.7109,26.6027
贵州省,贵阳市,520100,鉴湖路,1441A,106.6243,26.6266
贵州省,贵阳市,520100,马鞍山,1439A,106.6899,26.5998
贵州省,遵义市,520300,丁字口,1911A,106.9222,27.6869
贵州省,遵义市,520300,凤凰山,1912A,106.9242,27.7019
贵州省,遵义市,520300,干田坝,1915A,106.9178,27.72
贵州省,遵义市,520300,忠庄,1913A,106.8906,27.6486
贵州省,遵义市,520300,第十二小学,3536A,106.8547,27.5919
贵州省,遵义市,520300,舟水桥,1914A,106.9231,27.6506
贵州省,铜仁地区,522200,铜仁七中,2586A,109.1753,27.6944
贵州省,铜仁地区,522200,铜仁卫校,2585A,109.1839,27.7344
贵州省,黔东南苗族侗族自治州,522600,凯里学院,2881A,107.8908,26.5311
贵州省,黔东南苗族侗族自治州,522600,市环境监测站,2591A,107.9783,26.5747
贵州省,黔南布依族苗族自治州,522700,小围寨,2593A,107.5228,26.2403
贵州省,黔南布依族苗族自治州,522700,沙坝,3538A,107.5175,26.2978
贵州省,黔西南布依族苗族自治州,522300,场坝街,2589A,104.9022,25.0925
贵州省,黔西南布依族苗族自治州,522300,坪东大道,2590A,104.8811,25.0992
辽宁省,丹东市,210600,临江后街,1601A,124.4256,40.1503
辽宁省,丹东市,210600,元宝山,1602A,124.3933,40.1461
辽宁省,丹东市,210600,民主桥,1603A,124.3633,40.1092
辽宁省,丹东市,210600,江湾东路,1600A,124.3303,40.0625
辽宁省,大连市,210200,七贤岭,1114A,121.5213,38.8661
辽宁省,大连市,210200,傅家庄,1113A,121.6251,38.8638
辽宁省,大连市,210200,双D港,1118A,121.9762,39.0631
辽宁省,大连市,210200,周水子,1110A,121.565,38.9511
辽宁省,大连市,210200,开发区,1117A,121.7811,39.0496
辽宁省,大连市,210200,旅顺,1115A,121.2529,38.8061
辽宁省,大连市,210200,星海三站,1111A,121.5637,38.8845
辽宁省,大连市,210200,甘井子,1109A,121.612,38.9741
辽宁省,大连市,210200,金州,1116A,121.7485,39.1311
辽宁省,大连市,210200,青泥洼桥,1112A,121.6302,38.9117
辽宁省,抚顺市,210400,东洲区,1757A,124.0436,41.8611
辽宁省,抚顺市,210400,大伙房水库,1759A,124.0972,41.8961
辽宁省,抚顺市,210400,新抚区,1758A,123.9247,41.8642
辽宁省,抚顺市,210400,望花区,1755A,123.7977,41.8491
辽宁省,抚顺市,210400,沈抚新城,1760A,123.7086,41.8391
辽宁省,抚顺市,210400,顺城区,1756A,123.9161,41.8822
辽宁省,朝阳市,211300,八里堡,2222A,120.4176,41.5648
辽宁省,朝阳市,211300,农业园区,2223A,120.3806,41.5969
辽宁省,朝阳市,211300,河畔小区,2221A,120.4521,41.5646
辽宁省,朝阳市,211300,西梁,2220A,120.4318,41.5881
辽宁省,本溪市,210500,东明,1764A,123.7669,41.2864
辽宁省,本溪市,210500,大峪,1761A,123.8275,41.3064
辽宁省,本溪市,210500,威宁,1766A,123.8142,41.3472
辽宁省,本溪市,210500,彩屯,1763A,123.7169,41.3094
辽宁省,本溪市,210500,新立屯,1765A,123.7992,41.2664
辽宁省,本溪市,210500,溪湖,1762A,123.7567,41.3325
辽宁省,沈阳市,210100,东陵路,1102A,123.5903,41.8411
辽宁省,沈阳市,210100,京沈街,1108A,123.3783,41.9228
辽宁省,沈阳市,210100,太原街,1106A,123.4017,41.7972
辽宁省,沈阳市,210100,小河沿,1105A,123.4678,41.7867
辽宁省,沈阳市,210100,文化路,1104A,123.4114,41.7653
辽宁省,沈阳市,210100,新秀街,1100A,123.4231,41.6989
辽宁省,沈阳市,210100,森林路,1098A,123.6836,41.9339
辽宁省,沈阳市,210100,沈辽西路,2897A,123.2444,41.7347
辽宁省,沈阳市,210100,浑南东路,1099A,123.505,41.7406
辽宁省,沈阳市,210100,裕农路,2900A,123.5953,41.9086
辽宁省,沈阳市,210100,陵东街,1103A,123.4264,41.8467
辽宁省,盘锦市,211100,兴隆台,1605A,122.0485,41.0883
辽宁省,盘锦市,211100,开发区,1604A,122.0303,41.1489
辽宁省,盘锦市,211100,新生街道,1606A,121.8297,41.1028
辽宁省,营口市,210800,三高中,3866A,122.2469,40.66302
辽宁省,营口市,210800,大庆路,1597A,122.2703,40.7094
辽宁省,营口市,210800,老边实验小学,4006A,122.3622,40.6762
辽宁省,营口市,210800,西炮台,1599A,122.1658,40.6789
辽宁省,营口市,210800,镜湖西路,1598A,122.215,40.6511
辽宁省,营口市,210800,鲅鱼圈市民活动中心,3379A,122.1139,40.2278
辽宁省,葫芦岛市,211400,东城区,1610A,120.8695,40.7677
辽宁省,葫芦岛市,211400,化工街,1608A,120.8392,40.7514
辽宁省,葫芦岛市,211400,新区,1609A,120.8341,40.7073
辽宁省,葫芦岛市,211400,龙港区,1607A,120.9092,40.7136
辽宁省,辽阳市,211000,宏伟区,2212A,123.2,41.1953
辽宁省,辽阳市,211000,新华园,2213A,123.1683,41.2495
辽宁省,辽阳市,211000,滨河路,2214A,123.2354,41.2639
辽宁省,辽阳市,211000,铁西工业园,2215A,123.149,41.2991
辽宁省,铁岭市,211200,水上乐园,2217A,123.8649,42.2923
辽宁省,铁岭市,211200,汇工街西,2216A,123.8139,42.3022
辽宁省,铁岭市,211200,金沙江路北,2219A,123.7153,42.2217
辽宁省,铁岭市,211200,银州路东段,2218A,123.8486,42.2867
辽宁省,锦州市,210700,北湖公园,1771A,121.1303,41.1386
辽宁省,锦州市,210700,南山,1767A,121.1115,41.0879
辽宁省,锦州市,210700,天安街道,1770A,121.1178,41.1222
辽宁省,锦州市,210700,开发区,1768A,121.0533,40.8434
辽宁省,锦州市,210700,百股街道,1769A,121.1836,41.1119
辽宁省,阜新市,210900,东苑,2210A,121.6717,42.0224
辽宁省,阜新市,210900,农业园区,2209A,121.6673,42.0705
辽宁省,阜新市,210900,工业园区,2207A,121.6094,41.998
辽宁省,阜新市,210900,玉龙新城,2211A,121.6506,42.0498
辽宁省,阜新市,210900,长青街,2208A,121.6697,42.0279
辽宁省,鞍山市,210300,千山,1754A,123.1289,41.0228
辽宁省,鞍山市,210300,太平,1750A,123.0485,41.1442
辽宁省,鞍山市,210300,太阳城,1749A,123.011,41.0931
辽宁省,鞍山市,210300,明达新区,1753A,123.022,41.0821
辽宁省,鞍山市,210300,深沟寺,1748A,123.044,41.1196
辽宁省,鞍山市,210300,铁西三道街,1751A,122.9642,41.0971
辽宁省,鞍山市,210300,铁西工业园区,1752A,122.9341,41.0833
重庆市,重庆市,500000,上清寺,3133A,106.5468,29.5654
重庆市,重庆市,500000,两路,1417A,106.6263,29.7228
重庆市,重庆市,500000,书院路,3599A,106.2649,29.9851
重庆市,重庆市,500000,人民东路,3349A,107.7983,30.6758
重庆市,重庆市,500000,北山路,3347A,105.9017,29.3569
重庆市,重庆市,500000,南坪,1419A,106.5777,29.5102
重庆市,重庆市,500000,周家坝,3355A,108.3679,30.8426
重庆市,重庆市,500000,唐家沱,1420A,106.6556,29.6277
重庆市,重庆市,500000,天生,1416A,106.4213,29.8253
重庆市,重庆市,500000,安康,3346A,108.3872,31.1628
重庆市,重庆市,500000,新山村,1426A,106.4782,29.4875
重庆市,重庆市,500000,昌元,3610A,105.5933,29.4105
重庆市,重庆市,500000,春阳街,3348A,105.839,30.1946
重庆市,重庆市,500000,桃源西路,3352A,107.0732,29.8617
重庆市,重庆市,500000,棠香,3351A,105.7167,29.7076
重庆市,重庆市,500000,歇台子,3014A,106.4958,29.5346
重庆市,重庆市,500000,滩子口,3350A,106.6479,29.0244
重庆市,重庆市,500000,白市驿,1422A,106.3754,29.4572
重庆市,重庆市,500000,百安坝,3356A,108.4319,30.7555
重庆市,重庆市,500000,礼嘉,1427A,106.5616,29.6453
重庆市,重庆市,500000,空港,1425A,106.6205,29.7166
重庆市,重庆市,500000,缙云山,1414A,106.3787,29.8279
重庆市,重庆市,500000,舟白,3354A,108.815,29.5081
重庆市,重庆市,500000,芙蓉中路,3482A,107.7541,29.3277
重庆市,重庆市,500000,茶园,1421A,106.6349,29.4906
重庆市,重庆市,500000,蔡家,1428A,106.4522,29.7091
重庆市,重庆市,500000,虎峰,3600A,106.2339,29.5559
重庆市,重庆市,500000,虎溪,1418A,106.2953,29.5983
重庆市,重庆市,500000,行政中心,3484A,106.2628,29.32
重庆市,重庆市,500000,西山,3483A,108.7661,29.5368
重庆市,重庆市,500000,迎宾大道,3353A,107.3535,29.7287
重庆市,重庆市,500000,高寺路,3485A,107.0944,29.1608
重庆市,重庆市,500000,鱼新街,1429A,106.5093,29.3917
重庆市,重庆市,500000,龙井湾,3015A,106.4037,29.5728
重庆市,重庆市,500000,龙洲湾,3016A,106.5507,29.4153
重庆市,重庆市,500000,龙门街,3601A,106.0499,29.8342
陕西省,咸阳市,610400,两寺渡,3165A,108.6594,34.2969
陕西省,咸阳市,610400,奥体中心,3525A,108.6396,34.4078
陕西省,咸阳市,610400,实验中学,1919A,108.673,34.3155
陕西省,咸阳市,610400,师范学院,1920A,108.7233,34.3617
陕西省,咸阳市,610400,气象站,1918A,108.7197,34.3956
陕西省,商洛市,611000,商州区中学,3045A,109.9643,33.8471
陕西省,商洛市,611000,监测站,2645A,109.9154,33.8715
陕西省,安康市,610900,安康市监测站,2643A,109.0281,32.6939
陕西省,安康市,610900,汉滨区检察院,2644A,109.0072,32.6975
陕西省,安康市,610900,香溪洞,2642A,109.0318,32.6537
陕西省,宝鸡市,610300,三迪小学,1937A,107.2386,34.3622
陕西省,宝鸡市,610300,三陆医院,1932A,107.1906,34.3672
陕西省,宝鸡市,610300,庙沟村,1930A,107.185,34.3063
陕西省,宝鸡市,610300,技工学校,1934A,107.1186,34.3739
陕西省,宝鸡市,610300,文理学院,1936A,107.2058,34.3497
陕西省,宝鸡市,610300,监测站,1933A,107.1431,34.3547
陕西省,宝鸡市,610300,竹园沟,1931A,107.0708,34.3017
陕西省,宝鸡市,610300,陈仓区环保局家属楼,1935A,107.3906,34.3528
陕西省,延安市,610600,延大医附院,1927A,109.4761,36.6028
陕西省,延安市,610600,枣园,1926A,109.4131,36.6275
陕西省,延安市,610600,百米大道,1929A,109.5056,36.6106
陕西省,延安市,610600,西北局旧址,3652A,109.4809,36.5786
陕西省,榆林市,610800,世纪广场,2639A,109.7456,38.2911
陕西省,榆林市,610800,实验中学,2640A,109.7289,38.2839
陕西省,榆林市,610800,环保监测大楼,2641A,109.7336,38.2478
陕西省,榆林市,610800,红石峡森林公园,2638A,109.7414,38.3344
陕西省,汉中市,610700,南郑大河坎水厂,2637A,107.007,33.0323
陕西省,汉中市,610700,市监测站,2635A,107.0154,33.0706
陕西省,汉中市,610700,汉川机床厂子校,2634A,106.9893,33.1842
陕西省,汉中市,610700,鑫源开发区,2636A,107.0089,33.1138
陕西省,渭南市,610500,体育馆,1940A,109.4636,34.493
陕西省,渭南市,610500,农科所,1938A,109.5293,34.5101
陕西省,渭南市,610500,日报社,1939A,109.4974,34.4877
陕西省,渭南市,610500,高新一小,1941A,109.4259,34.5023
陕西省,西咸新区,612000,北杜,3606A,108.7108,34.46
陕西省,西咸新区,612000,同德佳苑,3607A,108.7096,34.2956
陕西省,西咸新区,612000,崇文塔,3608A,108.8558,34.4978
陕西省,西安市,610100,临潼区,1471A,109.2186,34.3731
陕西省,西安市,610100,兴庆小区,1463A,108.993,34.2629
陕西省,西安市,610100,小寨,1465A,108.9356,34.2173
陕西省,西安市,610100,市人民体育场,1466A,108.954,34.2713
陕西省,西安市,610100,广运潭,1474A,109.051,34.3213
陕西省,西安市,610100,文体局,3524A,108.6116,34.1164
陕西省,西安市,610100,无线电监控中心,3605A,109.09,34.5236
陕西省,西安市,610100,曲江文化产业集团,1473A,108.985,34.1978
陕西省,西安市,610100,纺织城,1464A,109.06,34.2572
陕西省,西安市,610100,经开区,1468A,108.935,34.3474
陕西省,西安市,610100,草滩,1472A,108.869,34.378
陕西省,西安市,610100,长安区,1469A,108.906,34.1546
陕西省,西安市,610100,高压开关厂,1462A,108.882,34.2749
陕西省,西安市,610100,高新西区,1467A,108.8922,34.2322
陕西省,铜川市,610200,党校,1922A,109.0656,35.0994
陕西省,铜川市,610200,新区管委会,1924A,108.9344,34.9058
陕西省,铜川市,610200,旺旺集团,3651A,108.9543,34.8732
陕西省,铜川市,610200,王益区政府,1923A,109.0697,35.0697
青海省,果洛藏族自治州,632600,玛沁县大武镇,2674A,100.2561,34.4714
青海省,海东地区,632100,平安区公安北苑,3867A,102.0738,36.5056
青海省,海北藏族自治州,632200,海晏县西海镇,2671A,100.9048,36.9639
青海省,海南藏族自治州,632500,共和县恰卜恰镇,2673A,100.6188,36.2866
青海省,海西蒙古族藏族自治州,632800,德令哈市,2676A,97.3731,37.3753
青海省,玉树藏族自治州,632700,玉树县结古镇,2675A,97.0,33.0014
青海省,西宁市,630100,世纪职校,3629A,101.8305,36.5786
青海省,西宁市,630100,城北区政府,3055A,101.7775,36.6428
青海省,西宁市,630100,师大城西校区,3630A,101.7413,36.6397
青海省,西宁市,630100,第五水厂,1483A,101.524,36.6867
青海省,黄南藏族自治州,632300,同仁县隆务镇,2672A,102.0199,35.5102
黑龙江省,七台河市,230900,中波台,3345A,131.0577,45.7879
黑龙江省,七台河市,230900,人民广场,3637A,131.0176,45.7761
黑龙江省,七台河市,230900,新一中,2262A,131.0518,45.8751
黑龙江省,七台河市,230900,新建矿广场,3684A,130.8781,45.8222
黑龙江省,伊春市,230700,中心小学,3342A,128.4741,47.4346
黑龙江省,伊春市,230700,双子河社区,3344A,128.8431,47.8474
黑龙江省,伊春市,230700,检察院,3343A,128.6871,47.7369
黑龙江省,伊春市,230700,汤旺河国家公园,2254A,129.5029,48.471
黑龙江省,伊春市,230700,环保局,2252A,128.5159,47.4311
黑龙江省,伊春市,230700,电力嘉园,2253A,128.9102,47.7412
黑龙江省,伊春市,230700,美溪镇,3480A,129.1368,47.6417
黑龙江省,佳木斯市,230800,佳纺,2255A,130.2751,46.8028
黑龙江省,佳木斯市,230800,十一中,2258A,130.3648,46.8032
黑龙江省,佳木斯市,230800,发电厂,2256A,130.3995,46.8307
黑龙江省,佳木斯市,230800,四丰,2259A,130.3794,46.7588
黑龙江省,佳木斯市,230800,环保局,2257A,130.3258,46.7975
黑龙江省,双鸭山市,230500,南小市,2249A,131.1652,46.6191
黑龙江省,双鸭山市,230500,双合村,2248A,131.1511,46.6937
黑龙江省,双鸭山市,230500,环保局,2250A,131.1524,46.6554
黑龙江省,双鸭山市,230500,苗圃,2251A,131.12,46.5656
黑龙江省,哈尔滨市,230100,动力和平路,1136A,126.6411,45.7258
黑龙江省,哈尔滨市,230100,南岗学府路,1132A,126.599,45.7222
黑龙江省,哈尔滨市,230100,呼兰师专,1139A,126.595,45.9855
黑龙江省,哈尔滨市,230100,太平宏伟公园,1133A,126.689,45.7733
黑龙江省,哈尔滨市,230100,岭北,1129A,126.5422,45.755
黑龙江省,哈尔滨市,230100,平房东轻厂,1138A,126.615,45.61
黑龙江省,哈尔滨市,230100,松北商大,1130A,126.561,45.8167
黑龙江省,哈尔滨市,230100,省农科院,1140A,126.6206,45.6842
黑龙江省,哈尔滨市,230100,道外承德广场,1134A,126.635,45.7667
黑龙江省,哈尔滨市,230100,道里建国路,1137A,126.593,45.7478
黑龙江省,哈尔滨市,230100,阿城会宁,1131A,126.979,45.5419
黑龙江省,哈尔滨市,230100,香坊红旗大街,1135A,126.685,45.7319
黑龙江省,大兴安岭地区,232700,科技局,2269A,124.1069,50.4097
黑龙江省,大兴安岭地区,232700,红旗社区,3663A,124.1164,50.4278
黑龙江省,大庆市,230600,大同区,1789A,124.81117,46.03138
黑龙江省,大庆市,230600,红岗区,1791A,124.902,46.408
黑龙江省,大庆市,230600,萨区政府监测点,3481A,125.141,46.634
黑龙江省,大庆市,230600,萨尔图区,1792A,125.153,46.586
黑龙江省,大庆市,230600,让胡路区,1793A,124.9042,46.6215
黑龙江省,大庆市,230600,龙凤区,1790A,125.129,46.533
黑龙江省,牡丹江市,231000,文化广场,1785A,129.6115,44.5782
黑龙江省,牡丹江市,231000,机车工厂,1787A,129.6364,44.6075
黑龙江省,牡丹江市,231000,环保大楼,1784A,129.61,44.561
黑龙江省,牡丹江市,231000,第一中学,1788A,129.6386,44.5462
黑龙江省,牡丹江市,231000,第一医院,1786A,129.5904,44.5963
黑龙江省,绥化市,231200,人和东街,2266A,126.9785,46.6365
黑龙江省,绥化市,231200,党政办公中心,2267A,126.964,46.6528
黑龙江省,鸡西市,230300,市政设施管理处,3709A,130.9967,45.3106
黑龙江省,鸡西市,230300,欧美日汽修厂,3707A,131.0207,45.3073
黑龙江省,鸡西市,230300,环保局,2240A,130.9762,45.3001
黑龙江省,鸡西市,230300,第一中学,2243A,130.9429,45.3039
黑龙江省,鹤岗市,230400,东山纸板厂,2246A,130.3114,47.3388
黑龙江省,鹤岗市,230400,五号水库,2247A,130.1097,47.3382
黑龙江省,鹤岗市,230400,哈啤分公司,2244A,130.2537,47.3416
黑龙江省,鹤岗市,230400,斯达机电,2245A,130.2684,47.3086
黑龙江省,黑河市,231100,交通局,2263A,127.4833,50.2524
黑龙江省,黑河市,231100,大黑河岛,2265A,127.5291,50.2472
黑龙江省,黑河市,231100,环保局,2264A,127.5144,50.2341
黑龙江省,齐齐哈尔市,230200,中心广场,1780A,123.9488,47.3386
黑龙江省,齐齐哈尔市,230200,农牧车辆厂,1781A,123.9483,47.3227
黑龙江省,齐齐哈尔市,230200,安居小区,1779A,123.9305,47.3636
黑龙江省,齐齐哈尔市,230200,富区青少年活动中心,3662A,123.6333,47.2075
黑龙江省,齐齐哈尔市,230200,市环境监测站,1783A,123.945,47.2988
