pollutant,model,train_rows,RMSE,MAE,R2,SMAPE,seconds
pm2_5,LightGBM,full,16.91645365855332,9.881937685669062,0.7363727790312383,31.34091318243123,24.6
pm2_5,XGBoost,full,16.857561500164955,9.844350464533662,0.7382051431135517,31.002760272103792,15.4
pm2_5,SVR(RBF),subsample=20000,25.79903986224514,13.613037871398014,0.3868331152438965,39.21588831464351,27.2
pm10,LightGBM,full,31.369418045342176,17.192743352713364,0.731131259832021,29.222599032925377,21.4
pm10,XGBoost,full,32.44477428766821,16.94225226637592,0.7123814431543782,28.291404026305106,13.1
pm10,SVR(RBF),subsample=20000,51.86564901971271,23.878940132967408,0.26500053656469136,37.03687113568731,26.5
so2,LightGBM,full,5.8177552755160145,3.606776598854027,0.4198439590255102,34.97131028720871,21.2
so2,XGBoost,full,5.858253364908853,3.5871418776062334,0.41173877529794867,34.51832999311162,12.5
so2,SVR(RBF),subsample=20000,6.358555528862696,3.8185356718326786,0.3069718778148879,37.03932102216669,29.5
no2,LightGBM,full,8.445855331207541,6.362403158422986,0.7009659475846615,29.840354822729413,21.8
no2,XGBoost,full,8.467519903663998,6.373067430729105,0.6994298677887372,29.751034921730085,14.9
no2,SVR(RBF),subsample=20000,10.599828889063735,7.775324099051574,0.5289889680710689,35.108220528247,27.2
o3,LightGBM,full,14.368865332116583,10.990204368923578,0.7431614990018374,20.288466478755353,21.8
o3,XGBoost,full,14.165932453694165,10.777216376692747,0.7503649796246801,19.874859220027876,12.8
o3,SVR(RBF),subsample=20000,18.20555963165766,14.01816587726951,0.5876905919930016,25.173757543688403,26.4
co,LightGBM,full,0.2561217949644879,0.17401834597953614,0.5213133215515368,25.040141849151677,21.6
co,XGBoost,full,0.2538028135027741,0.17387552313045215,0.5299423423513606,25.062634958160825,14.4
co,SVR(RBF),subsample=20000,0.2932639512858568,0.2021689531953655,0.37241055429337766,28.992694162683325,97.0
