orig_grid_id,lat,lon,recon_grid_id
396,18.25,109.5,396
17095,35.0,113.5,17095
4646,22.5,113.75,4646
28676,46.75,83.0,28676
13071,31.0,103.5,13071
20087,38.0,114.5,20087
17085,35.0,111.0,17085
12891,30.75,120.75,12891
13074,31.0,104.25,13074
13075,31.0,104.5,13075
4645,22.5,113.5,4645
13106,31.0,112.25,13106
17077,35.0,109.0,17077
27940,46.0,85.75,27940
21596,39.5,118.25,21596
22851,40.75,120.75,22851
12889,30.75,120.25,12889
12888,30.75,120.0,12888
32340,50.25,127.5,32340
25955,44.0,87.5,25955
21590,39.5,116.75,21590
12825,30.75,104.25,12825
22857,40.75,122.25,22857
17115,35.0,118.5,17115
12832,30.75,106.0,12832
4648,22.5,114.25,4648
17114,35.0,118.25,17114
22852,40.75,121.0,22852
12865,30.75,114.25,12865
17111,35.0,117.5,17111
12878,30.75,117.5,12878
4647,22.5,114.0,4647
13113,31.0,114.0,13113
13128,31.0,117.75,13128
25957,44.0,88.0,25957
17053,35.0,103.0,17053
16849,34.75,114.25,16849
13385,31.25,119.75,13385
13388,31.25,120.5,13388
4620,22.5,107.25,4620
20861,38.75,121.25,20861
13389,31.25,120.75,13389
26069,44.0,116.0,26069
16847,34.75,113.75,16847
13392,31.25,121.5,13392
22807,40.75,109.75,22807
4396,22.25,113.5,4396
16846,34.75,113.5,16846
13393,31.25,121.75,13393
13384,31.25,119.5,13384
4649,22.5,114.5,4649
21677,39.75,76.25,21677
28620,46.5,131.25,28620
13132,31.0,118.75,13132
22827,40.75,114.75,22827
13137,31.0,120.0,13137
13141,31.0,121.0,13141
16869,34.75,119.25,16869
13295,31.25,97.25,13295
22815,40.75,111.75,22815
13324,31.25,104.5,13324
13336,31.25,107.5,13336
4632,22.5,110.25,4632
13379,31.25,118.25,13379
20317,38.25,109.75,20317
16861,34.75,117.25,16861
12824,30.75,104.0,12824
17343,35.25,113.25,17343
12640,30.5,120.25,12640
28865,46.75,130.25,28865
12148,30.0,121.75,12148
23101,41.0,121.0,23101
26680,44.75,82.0,26680
4893,22.75,113.25,4893
12149,30.0,122.0,12149
17605,35.5,116.5,17605
27871,45.75,130.75,27871
12150,30.0,122.25,12150
17590,35.5,112.75,17590
27872,45.75,131.0,27872
12348,30.25,109.5,12348
4891,22.75,112.75,4891
23089,41.0,118.0,23089
12359,30.25,112.25,12359
21427,39.5,76.0,21427
23102,41.0,121.25,23102
12073,30.0,103.0,12073
12076,30.0,103.75,12076
4897,22.75,114.25,4897
20863,38.75,121.75,20863
23104,41.0,121.75,23104
12077,30.0,104.0,12077
17819,35.75,107.75,17819
12080,30.0,104.75,12080
12141,30.0,120.0,12141
4896,22.75,114.0,4896
25930,44.0,81.25,25930
12143,30.0,120.5,12143
20040,38.0,102.75,20040
17617,35.5,119.5,17617
21765,39.75,98.25,21765
17566,35.5,106.75,17566
12365,30.25,113.75,12365
23070,41.0,113.25,23070
28852,46.75,127.0,28852
12616,30.5,114.25,12616
12617,30.5,114.5,12617
23069,41.0,113.0,23069
12618,30.5,114.75,12618
4844,22.75,101.0,4844
17346,35.25,114.0,17346
12619,30.5,115.0,12619
12627,30.5,117.0,12627
20862,38.75,121.5,20862
20086,38.0,114.25,20086
23047,41.0,107.5,23047
17345,35.25,113.75,17345
4873,22.75,108.25,4873
20054,38.0,106.25,20054
12586,30.5,106.75,12586
20079,38.0,112.5,20079
12370,30.25,115.0,12370
12383,30.25,118.25,12383
12389,30.25,119.75,12389
17557,35.5,104.5,17557
4880,22.75,110.0,4880
21562,39.5,109.75,21562
25954,44.0,87.25,25954
23088,41.0,117.75,23088
12390,30.25,120.0,12390
12391,30.25,120.25,12391
12575,30.5,104.0,12575
4874,22.75,108.5,4874
12576,30.5,104.25,12576
12581,30.5,105.5,12581
17547,35.5,102.0,17547
17845,35.75,114.25,17845
13523,31.5,92.0,13523
16842,34.75,112.5,16842
22100,40.0,119.75,22100
14629,32.5,119.5,14629
14631,32.5,120.0,14631
16324,34.25,107.5,16324
28096,46.0,124.75,28096
14628,32.5,119.25,14628
14836,32.75,109.0,14836
14843,32.75,110.75,14843
22099,40.0,119.5,22099
16323,34.25,107.25,16323
21845,39.75,118.25,21845
14867,32.75,116.75,14867
14868,32.75,117.0,14868
3631,21.5,109.0,3631
16330,34.25,109.0,16330
3632,21.5,109.25,3632
14618,32.5,116.75,14618
16544,34.5,100.25,16544
20846,38.75,117.5,20846
28595,46.5,125.0,28595
14382,32.25,120.0,14382
20552,38.5,106.25,20552
14471,32.5,80.0,14471
14574,32.5,105.75,14574
3639,21.5,111.0,3639
26205,44.25,87.75,26205
26194,44.25,85.0,26194
16363,34.25,117.25,16363
22118,40.0,124.25,22118
14575,32.5,106.0,14575
14595,32.5,111.0,14595
3628,21.5,108.25,3628
16322,34.25,107.0,16322
20578,38.5,112.75,20578
15037,33.0,97.0,15037
27590,45.5,122.75,27590
20799,38.75,105.75,20799
16100,34.0,113.75,16100
21850,39.75,119.5,21850
15567,33.5,105.0,15567
15603,33.5,114.0,15603
15606,33.5,114.75,15606
2142,20.0,110.25,2142
15872,33.75,119.0,15872
22075,40.0,113.5,22075
15623,33.5,119.0,15623
28103,46.0,126.5,28103
15624,33.5,119.25,15624
20838,38.75,115.5,20838
20801,38.75,106.25,20801
2143,20.0,110.5,2143
3877,21.75,108.25,3877
22086,40.0,116.25,22086
15326,33.25,107.0,15326
28121,46.0,131.0,28121
15099,33.0,112.5,15099
3388,21.25,110.5,3388
16318,34.25,106.0,16318
26198,44.25,86.0,26198
15105,33.0,114.0,15105
22087,40.0,116.5,22087
27349,45.25,124.75,27349
15112,33.0,115.75,15112
16118,34.0,118.25,16118
15118,33.0,117.25,15118
3387,21.25,110.25,3387
15119,33.0,117.5,15119
15318,33.25,105.0,15318
16112,34.0,116.75,16112
14381,32.25,119.75,14381
14380,32.25,119.5,14380
22323,40.25,113.25,22323
13870,31.75,116.5,13870
20346,38.25,117.0,20346
13873,31.75,117.25,13873
16828,34.75,109.0,16828
21766,39.75,98.5,21766
13878,31.75,118.5,13878
13882,31.75,119.5,13882
4128,22.0,108.75,4128
13884,31.75,120.0,13884
16614,34.5,117.75,16614
28085,46.0,122.0,28085
13885,31.75,120.25,13885
32575,50.5,124.0,32575
26106,44.0,125.25,26106
20536,38.5,102.25,20536
16829,34.75,109.25,16829
13831,31.75,106.75,13831
4395,22.25,113.25,4395
13628,31.5,118.25,13628
22798,40.75,107.5,22798
13629,31.5,118.5,13629
13633,31.5,119.5,13633
13636,31.5,120.25,13636
13639,31.5,121.0,13639
4371,22.25,107.25,4371
20345,38.25,116.75,20345
22797,40.75,107.25,22797
13640,31.5,121.25,13640
16837,34.75,111.25,16837
28619,46.5,131.0,28619
27100,45.0,124.75,27100
13858,31.75,113.5,13858
13574,31.5,104.75,13574
13887,31.75,120.75,13887
14062,32.0,102.25,14062
14133,32.0,120.0,14133
14134,32.0,120.25,14134
16578,34.5,108.75,16578
3887,21.75,110.75,3887
14135,32.0,120.5,14135
14136,32.0,120.75,14136
20551,38.5,106.0,20551
22335,40.25,116.25,22335
14137,32.0,121.0,14137
16567,34.5,106.0,16567
14138,32.0,121.25,14138
14358,32.25,114.0,14358
14375,32.25,118.25,14375
16566,34.5,105.75,16566
21812,39.75,110.0,21812
14130,32.0,119.25,14130
3888,21.75,111.0,3888
16606,34.5,115.75,16606
4096,22.0,100.75,4096
26111,44.0,126.5,26111
21799,39.75,106.75,21799
14080,32.0,106.75,14080
16605,34.5,115.5,16605
14102,32.0,112.25,14102
28596,46.5,125.25,28596
14109,32.0,114.0,14109
3892,21.75,112.0,3892
14122,32.0,117.25,14122
16593,34.5,112.5,16593
22337,40.25,116.75,22337
14129,32.0,119.0,14129
16581,34.5,109.5,16581
12069,30.0,102.0,12069
11899,29.75,121.75,11899
17848,35.75,115.0,17848
19603,37.5,118.0,19603
24119,42.0,126.5,24119
8607,26.5,108.0,8607
5652,23.5,116.25,5652
18856,36.75,118.0,18856
21111,39.0,121.5,21111
8602,26.5,106.75,8602
8621,26.5,111.5,8621
18855,36.75,117.75,18855
8850,26.75,106.5,8850
8851,26.75,106.75,8851
18854,36.75,117.5,18854
5640,23.5,113.25,5640
8825,26.75,100.25,8825
25707,43.75,87.75,25707
8595,26.5,105.0,8595
18857,36.75,118.25,18857
8356,26.25,107.5,8356
24357,42.25,123.75,24357
8372,26.25,111.5,8372
21050,39.0,106.25,21050
18860,36.75,119.0,18860
8396,26.25,117.5,8396
8397,26.25,117.75,8397
5654,23.5,116.75,5654
19596,37.5,116.25,19596
8581,26.5,101.5,8581
18859,36.75,118.75,18859
24338,42.25,119.0,24338
8582,26.5,101.75,8582
8594,26.5,104.75,8594
5653,23.5,116.5,5653
24109,42.0,124.0,24109
8897,26.75,118.25,8897
8902,26.75,119.5,8902
18852,36.75,117.0,18852
9626,27.5,113.75,9626
9627,27.5,114.0,9627
5601,23.5,103.5,5601
30605,48.5,129.5,30605
9819,27.75,99.75,9819
24100,42.0,121.75,24100
19616,37.5,121.25,19616
9829,27.75,102.25,9829
18606,36.5,117.75,18606
9848,27.75,107.0,9848
9857,27.75,109.25,9857
5405,23.25,116.75,5405
21113,39.0,122.0,21113
9868,27.75,112.0,9868
5873,23.75,109.25,5873
9611,27.5,110.0,9611
9074,27.0,100.25,9074
24108,42.0,123.75,24108
9133,27.0,115.0,9133
5632,23.5,111.25,5632
19605,37.5,118.5,19605
18822,36.75,109.5,18822
9343,27.25,105.25,9343
9368,27.25,111.5,9368
29363,47.25,130.25,29363
18791,36.75,101.75,18791
27439,45.5,85.0,27439
21112,39.0,121.75,21112
5604,23.5,104.25,5604
24107,42.0,123.5,24107
8353,26.25,106.75,8353
29693,47.75,88.25,29693
27688,45.75,85.0,27688
19362,37.25,120.0,19362
6344,24.25,102.5,6344
29856,47.75,129.0,29856
6886,24.75,113.5,6886
6887,24.75,113.75,6887
19551,37.5,105.0,19551
25355,43.25,124.25,25355
6905,24.75,118.25,6905
7087,25.0,101.5,7087
6112,24.0,106.75,6112
19119,37.0,121.5,19119
7092,25.0,102.75,7092
25610,43.5,125.75,25610
19115,37.0,120.5,19115
7101,25.0,105.0,7101
6865,24.75,108.25,6865
6864,24.75,108.0,6864
6656,24.5,118.25,6656
19372,37.25,122.5,19372
6621,24.5,109.5,6621
21087,39.0,115.5,21087
6629,24.5,111.5,6629
6398,24.25,116.0,6398
27607,45.5,127.0,27607
19520,37.5,97.25,19520
25596,43.5,122.25,25596
6642,24.5,114.75,6642
25457,43.5,87.5,25457
26621,44.5,129.5,26621
6654,24.5,117.75,6654
19370,37.25,122.0,19370
6372,24.25,109.5,6372
25356,43.25,124.5,25356
9872,27.75,113.0,9872
7149,25.0,117.0,7149
19552,37.5,105.25,19552
7880,25.75,113.0,7880
19576,37.5,111.25,19576
18866,36.75,120.5,18866
7888,25.75,115.0,7888
25706,43.75,87.5,25706
8129,26.0,113.0,8129
8137,26.0,115.0,8137
18864,36.75,120.0,18864
21096,39.0,117.75,21096
24734,42.75,93.5,24734
8154,26.0,119.25,8154
5888,23.75,113.0,5888
8155,26.0,119.5,8155
8350,26.25,106.0,8350
18861,36.75,119.25,18861
5895,23.75,114.75,5895
7155,25.0,118.5,7155
7829,25.75,100.25,7829
7823,25.75,98.75,7823
25127,43.0,129.5,25127
19091,37.0,114.5,19091
7371,25.25,110.25,7371
6085,24.0,100.0,6085
19054,37.0,105.25,19054
7372,25.25,110.5,7372
7580,25.5,100.25,7580
5903,23.75,116.75,5903
19037,37.0,101.0,19037
25109,43.0,125.0,25109
7594,25.5,103.75,7594
7655,25.5,119.0,7655
18953,37.0,80.0,18953
24966,43.0,89.25,24966
24099,42.0,121.5,24099
9873,27.75,113.25,9873
5404,23.25,116.5,5404
18119,36.0,120.5,18119
11367,29.25,113.25,11367
5142,23.0,113.25,5142
11383,29.25,117.25,11383
11394,29.25,120.0,11394
18118,36.0,120.25,18118
23358,41.25,123.0,23358
11578,29.5,103.75,11578
11583,29.5,105.0,11583
5141,23.0,113.0,5141
31313,49.25,119.75,31313
28869,46.75,131.25,28869
11588,29.5,106.25,11588
11589,29.5,106.5,11589
18095,36.0,114.5,18095
11366,29.25,113.0,11366
21345,39.25,117.75,21345
19834,37.75,113.5,19834
11140,29.0,118.75,11140
11144,29.0,119.75,11144
18338,36.25,113.0,18338
11270,29.25,89.0,11270
5144,23.0,113.75,5144
11281,29.25,91.75,11281
23361,41.25,123.75,23361
11333,29.25,104.75,11333
18311,36.25,106.25,18311
21344,39.25,117.5,21344
18288,36.25,100.5,18288
27855,45.75,126.75,27855
11356,29.25,110.5,11356
5143,23.0,113.5,5143
11361,29.25,111.75,11361
19831,37.75,112.75,19831
23351,41.25,121.25,23351
5139,23.0,112.5,5139
4901,22.75,115.25,4901
18052,36.0,103.75,18052
23109,41.0,123.0,23109
28866,46.75,130.5,28866
11869,29.75,114.25,11869
19843,37.75,115.75,19843
11876,29.75,116.0,11876
17868,35.75,120.0,17868
21361,39.25,121.75,21361
11885,29.75,118.25,11885
11888,29.75,119.0,11888
11893,29.75,120.25,11893
23105,41.0,122.0,23105
4898,22.75,114.5,4898
11898,29.75,121.5,11898
11839,29.75,106.75,11839
11590,29.5,106.75,11590
11838,29.75,106.5,11838
23110,41.0,123.25,23110
18094,36.0,114.25,18094
11615,29.5,113.0,11615
11616,29.5,113.25,11616
11627,29.5,116.0,11627
5137,23.0,112.0,5137
19835,37.75,113.75,19835
18083,36.0,111.5,18083
23187,41.25,80.25,23187
11632,29.5,117.25,11632
11776,29.75,91.0,11776
11777,29.75,91.25,11777
18062,36.0,106.25,18062
11789,29.75,94.25,11789
18054,36.0,104.25,18054
15864,33.75,117.0,15864
23597,41.5,120.5,23597
5147,23.0,114.5,5147
23868,41.75,126.0,23868
26622,44.5,129.75,26622
10122,28.0,113.25,10122
18573,36.5,109.5,18573
10134,28.0,116.25,10134
10135,28.0,116.5,10135
5390,23.25,113.0,5390
23860,41.75,124.0,23860
10137,28.0,117.0,10137
21027,39.0,100.5,21027
18552,36.5,104.25,18552
10152,28.0,120.75,10152
10357,28.25,109.75,10357
10370,28.25,113.0,10370
5391,23.25,113.25,5391
5389,23.25,112.75,5389
10121,28.0,113.0,10121
18593,36.5,114.5,18593
18602,36.5,116.75,18602
9875,27.75,113.75,9875
9877,27.75,114.25,9877
9878,27.75,114.5,9878
18599,36.5,116.0,18599
9880,27.75,115.0,9880
27854,45.75,126.5,27854
10078,28.0,102.25,10078
29362,47.25,130.0,29362
10117,28.0,112.0,10117
5392,23.25,113.5,5392
19617,37.5,121.5,19617
25857,43.75,125.25,25857
21301,39.25,106.75,21301
18339,36.25,113.25,18339
18543,36.5,102.0,18543
19619,37.5,122.0,19619
10866,28.75,112.5,10866
5355,23.25,104.25,5355
18366,36.25,120.0,18366
10879,28.75,115.75,10879
10880,28.75,116.0,10880
18357,36.25,117.75,18357
21343,39.25,117.25,21343
10901,28.75,121.25,10901
5352,23.25,103.5,5352
10902,28.75,121.5,10902
23709,41.75,86.25,23709
11087,29.0,105.5,11087
18354,36.25,117.0,18354
11107,29.0,110.5,11107
11112,29.0,111.75,11112
23857,41.75,123.25,23857
10386,28.25,117.0,10386
10838,28.75,105.5,10838
21324,39.25,112.5,21324
23859,41.75,123.75,23859
10616,28.5,112.25,10616
10631,28.5,116.0,10631
5388,23.25,112.5,5388
18542,36.5,101.75,18542
10639,28.5,118.0,10639
23858,41.75,123.5,23858
5376,23.25,109.5,5376
18369,36.25,120.75,18369
10834,28.75,104.5,10834
25858,43.75,125.5,25858
18368,36.25,120.5,18368
15627,33.5,120.0,15627
6577,24.5,98.5,6577
22074,40.0,113.25,22074
15836,33.75,110.0,15836
15859,33.75,115.75,15859
15855,33.75,114.75,15855
15849,33.75,113.25,15849
15379,33.25,120.25,15379
19364,37.25,120.5,19364
18117,36.0,120.0,18117
13886,31.75,120.5,13886
29337,47.25,123.75,29337
29941,48.0,88.0,29941
21611,39.5,122.0,21611
19863,37.75,120.75,19863
21860,39.75,122.0,21860
10835,28.75,104.75,10835
19355,37.25,118.25,19355
4147,22.0,113.5,4147
19854,37.75,118.5,19854
13643,31.5,122.0,13643
4146,22.0,113.25,4146
19354,37.25,118.0,19354
18594,36.5,114.75,18594
22586,40.5,116.75,22586
13391,31.25,121.25,13391
4141,22.0,112.0,4141
16836,34.75,111.0,16836
21088,39.0,115.75,21088
22338,40.25,117.0,22338
22583,40.5,116.0,22583
16613,34.5,117.5,16613
11840,29.75,107.0,11840
4899,22.75,114.75,4899
4894,22.75,113.5,4894
4127,22.0,108.5,4127
12144,30.0,120.75,12144
5393,23.25,113.75,5393
12145,30.0,121.0,12145
22358,40.25,122.0,22358
18053,36.0,104.0,18053
16845,34.75,113.25,16845
5891,23.75,113.75,5891
13573,31.5,104.5,13573
22088,40.0,116.75,22088
13880,31.75,119.0,13880
13638,31.5,120.75,13638
15615,33.5,117.0,15615
19593,37.5,115.5,19593
18592,36.5,114.25,18592
1641,19.5,109.5,1641
14101,32.0,112.0,14101
13883,31.75,119.75,13883
12839,30.75,107.75,12839
9124,27.0,112.75,9124
16113,34.0,117.0,16113
25211,43.25,88.25,25211
12841,30.75,108.25,12841
22091,40.0,117.5,22091
21846,39.75,118.5,21846
15374,33.25,119.0,15374
14632,32.5,120.25,14632
16579,34.5,109.0,16579
18842,36.75,114.5,18842
4631,22.5,110.0,4631
21841,39.75,117.25,21841
11585,29.5,105.5,11585
20085,38.0,114.0,20085
17103,35.0,115.5,17103
15380,33.25,120.5,15380
9598,27.5,106.75,9598
4644,22.5,113.25,4644
12605,30.5,111.5,12605
5641,23.5,113.5,5641
11345,29.25,107.75,11345
16870,34.75,119.5,16870
21838,39.75,116.5,21838
10640,28.5,118.25,10640
13142,31.0,121.25,13142
14377,32.25,118.75,14377
22085,40.0,116.0,22085
13144,31.0,121.75,13144
19348,37.25,116.5,19348
20553,38.5,106.5,20553
14863,32.75,115.75,14863
29855,47.75,128.75,29855
12597,30.5,109.5,12597
20088,38.0,114.75,20088
18617,36.5,120.5,18617
21089,39.0,116.0,21089
13143,31.0,121.5,13143
22808,40.75,110.0,22808
21595,39.5,118.0,21595
17118,35.0,119.25,17118
21836,39.75,116.0,21836
19102,37.0,117.25,19102
17091,35.0,112.5,17091
18550,36.5,103.75,18550
11128,29.0,115.75,11128
6842,24.75,102.5,6842
21837,39.75,116.25,21837
14123,32.0,117.5,14123
397,18.25,109.75,397
16349,34.25,113.75,16349
12826,30.75,104.5,12826
11598,29.5,108.75,11598
12893,30.75,121.25,12893
12842,30.75,108.5,12842
21572,39.5,112.25,21572
29857,47.75,129.25,29857
6111,24.0,106.5,6111
26204,44.25,87.5,26204
13380,31.25,118.5,13380
21591,39.5,117.0,21591
6843,24.75,102.75,6843
16079,34.0,108.5,16079
19371,37.25,122.25,19371
10837,28.75,105.25,10837
11092,29.0,106.75,11092
16598,34.5,113.75,16598
22336,40.25,116.5,22336
28845,46.75,125.25,28845
29605,47.5,128.5,29605
16850,34.75,114.5,16850
21086,39.0,115.25,21086
13382,31.25,119.0,13382
18355,36.25,117.25,18355
23078,41.0,115.25,23078
11342,29.25,107.0,11342
11841,29.75,107.25,11841
11338,29.25,106.0,11338
12333,30.25,105.75,12333
12086,30.0,106.25,12086
11835,29.75,105.75,11835
13340,31.25,108.5,13340
11836,29.75,106.0,11836
21348,39.25,118.5,21348
16097,34.0,113.0,16097
22828,40.75,115.0,22828
12853,30.75,111.25,12853
20336,38.25,114.5,20336
27374,45.25,131.0,27374
4643,22.5,113.0,4643
16862,34.75,117.5,16862
22814,40.75,111.5,22814
12329,30.25,104.75,12329
12147,30.0,121.5,12147
27605,45.5,126.5,27605
17606,35.5,116.75,17606
17352,35.25,115.5,17352
17552,35.5,103.25,17552
16329,34.25,108.75,16329
16331,34.25,109.25,16331
15077,33.0,107.0,15077
16620,34.5,119.25,16620
22559,40.5,110.0,22559
16841,34.75,112.25,16841
3878,21.75,108.5,3878
22368,40.25,124.5,22368
14128,32.0,118.75,14128
8896,26.75,118.0,8896
18603,36.5,117.0,18603
18790,36.75,101.5,18790
9609,27.5,109.5,9609
9123,27.0,112.5,9123
25845,43.75,122.25,25845
21094,39.0,117.25,21094
6655,24.5,118.0,6655
7156,25.0,118.75,7156
7406,25.25,119.0,7406
23359,41.25,123.25,23359
25862,43.75,126.5,25862
5127,23.0,109.5,5127
25863,43.75,126.75,25863
10129,28.0,115.0,10129
24090,42.0,119.25,24090
10119,28.0,112.5,10119
19830,37.75,112.5,19830
10647,28.5,120.0,10647
29338,47.25,124.0,29338
10653,28.5,121.5,10653
19852,37.75,118.0,19852
14619,32.5,117.0,14619
4881,22.75,110.25,4881
12823,30.75,103.75,12823
21093,39.0,117.0,21093
12629,30.5,117.5,12629
