grid_id,lat,lon,n_stations,province,city
396,18.25,109.5,2,海南省,三亚市
17095,35.0,113.5,1,河南省,郑州市
4646,22.5,113.75,1,广东省,珠海市
28676,46.75,83.0,1,新疆维吾尔自治区,塔城地区
13071,31.0,103.5,1,四川省,成都市
20087,38.0,114.5,6,河北省,石家庄市
17085,35.0,111.0,5,山西省,运城市
12891,30.75,120.75,4,浙江省,嘉兴市
13074,31.0,104.25,1,四川省,德阳市
13075,31.0,104.5,2,四川省,德阳市
4645,22.5,113.5,4,广东省,中山市
13106,31.0,112.25,5,湖北省,荆门市
17077,35.0,109.0,3,陕西省,铜川市
27940,46.0,85.75,1,新疆维吾尔自治区,克拉玛依市
21596,39.5,118.25,2,河北省,唐山市
22851,40.75,120.75,3,辽宁省,葫芦岛市
12889,30.75,120.25,1,浙江省,湖州市
12888,30.75,120.0,1,浙江省,湖州市
32340,50.25,127.5,3,黑龙江省,黑河市
25955,44.0,87.5,2,新疆维吾尔自治区,乌鲁木齐市
21590,39.5,116.75,4,河北省,廊坊市
12825,30.75,104.25,1,四川省,成都市
22857,40.75,122.25,5,辽宁省,营口市
17115,35.0,118.5,2,山东省,临沂市
12832,30.75,106.0,6,四川省,南充市
4648,22.5,114.25,2,广东省,深圳市
17114,35.0,118.25,5,山东省,临沂市
22852,40.75,121.0,2,辽宁省,葫芦岛市
12865,30.75,114.25,1,湖北省,武汉市
17111,35.0,117.5,1,山东省,枣庄市
12878,30.75,117.5,3,安徽省,池州市
4647,22.5,114.0,7,广东省,深圳市
13113,31.0,114.0,2,湖北省,孝感市
13128,31.0,117.75,6,安徽省,铜陵市
25957,44.0,88.0,1,新疆维吾尔自治区,昌吉州
17053,35.0,103.0,2,甘肃省,甘南州
16849,34.75,114.25,5,河南省,开封市
13385,31.25,119.75,0,江苏省,常州市
13388,31.25,120.5,7,江苏省,苏州市
4620,22.5,107.25,1,广西壮族自治区,崇左市
20861,38.75,121.25,1,辽宁省,大连市
13389,31.25,120.75,3,江苏省,苏州市
26069,44.0,116.0,2,内蒙古自治区,锡林郭勒盟
16847,34.75,113.75,6,河南省,郑州市
13392,31.25,121.5,10,上海市,上海市
22807,40.75,109.75,3,内蒙古自治区,包头市
4396,22.25,113.5,2,广东省,珠海市
16846,34.75,113.5,3,河南省,郑州市
13393,31.25,121.75,1,上海市,上海市
13384,31.25,119.5,0,江苏省,常州市
4649,22.5,114.5,1,广东省,深圳市
21677,39.75,76.25,2,新疆维吾尔自治区,克孜勒苏柯尔克孜自治州
28620,46.5,131.25,1,黑龙江省,双鸭山市
13132,31.0,118.75,4,安徽省,宣城市
22827,40.75,114.75,1,河北省,张家口市
13137,31.0,120.0,1,浙江省,湖州市
13141,31.0,121.0,0,上海市,上海市
16869,34.75,119.25,4,江苏省,连云港市
13295,31.25,97.25,2,西藏自治区,昌都市
22815,40.75,111.75,6,内蒙古自治区,呼和浩特市
13324,31.25,104.5,1,四川省,德阳市
13336,31.25,107.5,5,四川省,达州市
4632,22.5,110.25,1,广西壮族自治区,玉林市
13379,31.25,118.25,3,安徽省,芜湖市
20317,38.25,109.75,4,陕西省,榆林市
16861,34.75,117.25,2,山东省,枣庄市
12824,30.75,104.0,5,四川省,成都市
17343,35.25,113.25,7,河南省,焦作市
12640,30.5,120.25,1,浙江省,杭州市
28865,46.75,130.25,3,黑龙江省,佳木斯市
12148,30.0,121.75,2,浙江省,宁波市
23101,41.0,121.0,2,辽宁省,锦州市
26680,44.75,82.0,1,新疆维吾尔自治区,博尔塔拉蒙古自治州
4893,22.75,113.25,2,广东省,佛山市
12149,30.0,122.0,1,浙江省,舟山市
17605,35.5,116.5,2,山东省,济宁市
27871,45.75,130.75,0,黑龙江省,七台河市
12150,30.0,122.25,2,浙江省,舟山市
17590,35.5,112.75,6,山西省,晋城市
27872,45.75,131.0,3,黑龙江省,七台河市
12348,30.25,109.5,2,湖北省,恩施土家族苗族自治州
4891,22.75,112.75,1,广东省,佛山市
23089,41.0,118.0,4,河北省,承德市
12359,30.25,112.25,4,湖北省,荆州市
21427,39.5,76.0,3,新疆维吾尔自治区,喀什地区
23102,41.0,121.25,1,辽宁省,锦州市
12073,30.0,103.0,4,四川省,雅安市
12076,30.0,103.75,3,四川省,眉山市
4897,22.75,114.25,3,广东省,深圳市
20863,38.75,121.75,1,辽宁省,大连市
23104,41.0,121.75,1,辽宁省,盘锦市
12077,30.0,104.0,1,四川省,眉山市
17819,35.75,107.75,2,甘肃省,庆阳市
12080,30.0,104.75,1,四川省,资阳市
12141,30.0,120.0,1,浙江省,杭州市
4896,22.75,114.0,1,广东省,深圳市
25930,44.0,81.25,3,新疆维吾尔自治区,伊犁哈萨克州
12143,30.0,120.5,6,浙江省,绍兴市
20040,38.0,102.75,1,甘肃省,武威市
17617,35.5,119.5,4,山东省,日照市
21765,39.75,98.25,3,甘肃省,嘉峪关市
17566,35.5,106.75,2,甘肃省,平凉市
12365,30.25,113.75,1,湖北省,武汉市
23070,41.0,113.25,3,内蒙古自治区,乌兰察布市
28852,46.75,127.0,2,黑龙江省,绥化市
12616,30.5,114.25,7,湖北省,武汉市
12617,30.5,114.5,1,湖北省,武汉市
23069,41.0,113.0,1,内蒙古自治区,乌兰察布市
12618,30.5,114.75,1,湖北省,鄂州市
4844,22.75,101.0,2,云南省,普洱市
17346,35.25,114.0,6,河南省,新乡市
12619,30.5,115.0,4,湖北省,黄冈市
12627,30.5,117.0,4,安徽省,安庆市
20862,38.75,121.5,1,辽宁省,大连市
20086,38.0,114.25,2,河北省,石家庄市
23047,41.0,107.5,0,内蒙古自治区,巴彦淖尔市
17345,35.25,113.75,1,河南省,新乡市
4873,22.75,108.25,6,广西壮族自治区,南宁市
20054,38.0,106.25,3,宁夏回族自治区,吴忠市
12586,30.5,106.75,5,四川省,广安市
20079,38.0,112.5,4,山西省,太原市
12370,30.25,115.0,6,湖北省,黄石市
12383,30.25,118.25,1,安徽省,黄山市
12389,30.25,119.75,1,浙江省,杭州市
17557,35.5,104.5,2,甘肃省,定西市
4880,22.75,110.0,1,广西壮族自治区,玉林市
21562,39.5,109.75,2,内蒙古自治区,鄂尔多斯市
25954,44.0,87.25,2,新疆维吾尔自治区,昌吉州
23088,41.0,117.75,1,河北省,承德市
12390,30.25,120.0,3,浙江省,杭州市
12391,30.25,120.25,6,浙江省,杭州市
12575,30.5,104.0,3,四川省,成都市
4874,22.75,108.5,3,广西壮族自治区,南宁市
12576,30.5,104.25,2,四川省,成都市
12581,30.5,105.5,4,四川省,遂宁市
17547,35.5,102.0,1,青海省,黄南藏族自治州
17845,35.75,114.25,3,河南省,鹤壁市
13523,31.5,92.0,2,西藏自治区,那曲地区
16842,34.75,112.5,7,河南省,洛阳市
22100,40.0,119.75,1,河北省,秦皇岛市
14629,32.5,119.5,4,江苏省,扬州市
14631,32.5,120.0,4,江苏省,泰州市
16324,34.25,107.5,1,陕西省,宝鸡市
28096,46.0,124.75,1,黑龙江省,大庆市
14628,32.5,119.25,1,江苏省,扬州市
14836,32.75,109.0,3,陕西省,安康市
14843,32.75,110.75,3,湖北省,十堰市
22099,40.0,119.5,3,河北省,秦皇岛市
16323,34.25,107.25,5,陕西省,宝鸡市
21845,39.75,118.25,6,河北省,唐山市
14867,32.75,116.75,2,安徽省,淮南市
14868,32.75,117.0,2,安徽省,淮南市
3631,21.5,109.0,1,广西壮族自治区,北海市
16330,34.25,109.0,10,陕西省,西安市
3632,21.5,109.25,4,广西壮族自治区,北海市
14618,32.5,116.75,2,安徽省,淮南市
16544,34.5,100.25,1,青海省,果洛藏族自治州
20846,38.75,117.5,1,天津市,天津市
28595,46.5,125.0,2,黑龙江省,大庆市
14382,32.25,120.0,1,江苏省,泰州市
20552,38.5,106.25,4,宁夏回族自治区,银川市
14471,32.5,80.0,2,西藏自治区,阿里地区
14574,32.5,105.75,3,四川省,广元市
3639,21.5,111.0,2,广东省,茂名市
26205,44.25,87.75,1,新疆维吾尔自治区,乌鲁木齐市
26194,44.25,85.0,1,新疆维吾尔自治区,克拉玛依市
16363,34.25,117.25,7,江苏省,徐州市
22118,40.0,124.25,2,辽宁省,丹东市
14575,32.5,106.0,1,四川省,广元市
14595,32.5,111.0,2,湖北省,十堰市
3628,21.5,108.25,1,广西壮族自治区,防城港市
16322,34.25,107.0,2,陕西省,宝鸡市
20578,38.5,112.75,3,山西省,忻州市
15037,33.0,97.0,1,青海省,玉树藏族自治州
27590,45.5,122.75,2,吉林省,白城市
20799,38.75,105.75,3,内蒙古自治区,阿拉善盟
16100,34.0,113.75,5,河南省,许昌市
21850,39.75,119.5,1,河北省,秦皇岛市
15567,33.5,105.0,1,甘肃省,陇南市
15603,33.5,114.0,6,河南省,漯河市
15606,33.5,114.75,2,河南省,周口市
2142,20.0,110.25,4,海南省,海口市
15872,33.75,119.0,1,江苏省,淮安市
22075,40.0,113.5,2,山西省,大同市
15623,33.5,119.0,3,江苏省,淮安市
28103,46.0,126.5,1,黑龙江省,哈尔滨市
15624,33.5,119.25,1,江苏省,淮安市
20838,38.75,115.5,5,河北省,保定市
20801,38.75,106.25,1,宁夏回族自治区,石嘴山市
2143,20.0,110.5,2,海南省,海口市
3877,21.75,108.25,2,广西壮族自治区,防城港市
22086,40.0,116.25,5,北京市,北京市
15326,33.25,107.0,1,陕西省,汉中市
28121,46.0,131.0,1,黑龙江省,七台河市
15099,33.0,112.5,5,河南省,南阳市
3388,21.25,110.5,4,广东省,湛江市
16318,34.25,106.0,1,甘肃省,天水市
26198,44.25,86.0,3,新疆维吾尔自治区,石河子市
15105,33.0,114.0,4,河南省,驻马店市
22087,40.0,116.5,4,北京市,北京市
27349,45.25,124.75,1,吉林省,松原市
15112,33.0,115.75,3,安徽省,阜阳市
16118,34.0,118.25,4,江苏省,宿迁市
15118,33.0,117.25,4,安徽省,蚌埠市
3387,21.25,110.25,2,广东省,湛江市
15119,33.0,117.5,2,安徽省,蚌埠市
15318,33.25,105.0,2,甘肃省,陇南市
16112,34.0,116.75,4,安徽省,淮北市
14381,32.25,119.75,1,江苏省,镇江市
14380,32.25,119.5,4,江苏省,镇江市
22323,40.25,113.25,1,山西省,大同市
13870,31.75,116.5,4,安徽省,六安市
20346,38.25,117.0,1,河北省,沧州市
13873,31.75,117.25,7,安徽省,合肥市
16828,34.75,109.0,1,陕西省,铜川市
21766,39.75,98.5,2,甘肃省,酒泉市
13878,31.75,118.5,5,安徽省,马鞍山市
13882,31.75,119.5,1,江苏省,常州市
4128,22.0,108.75,1,广西壮族自治区,钦州市
13884,31.75,120.0,5,江苏省,常州市
16614,34.5,117.75,1,山东省,枣庄市
28085,46.0,122.0,3,内蒙古自治区,兴安盟
13885,31.75,120.25,1,江苏省,无锡市
32575,50.5,124.0,2,黑龙江省,大兴安岭地区
26106,44.0,125.25,4,吉林省,长春市
20536,38.5,102.25,3,甘肃省,金昌市
16829,34.75,109.25,0,陕西省,西安市
13831,31.75,106.75,3,四川省,巴中市
4395,22.25,113.25,1,广东省,珠海市
13628,31.5,118.25,1,安徽省,芜湖市
22798,40.75,107.5,1,内蒙古自治区,巴彦淖尔市
13629,31.5,118.5,0,安徽省,马鞍山市
13633,31.5,119.5,0,江苏省,常州市
13636,31.5,120.25,8,江苏省,无锡市
13639,31.5,121.0,0,江苏省,苏州市
4371,22.25,107.25,1,广西壮族自治区,崇左市
20345,38.25,116.75,3,河北省,沧州市
22797,40.75,107.25,1,内蒙古自治区,巴彦淖尔市
13640,31.5,121.25,0,上海市,上海市
16837,34.75,111.25,4,河南省,三门峡市
28619,46.5,131.0,1,黑龙江省,双鸭山市
27100,45.0,124.75,1,吉林省,松原市
13858,31.75,113.5,2,湖北省,随州市
13574,31.5,104.75,5,四川省,绵阳市
13887,31.75,120.75,0,江苏省,南通市
14062,32.0,102.25,2,四川省,阿坝藏族羌族自治州
14133,32.0,120.0,1,江苏省,常州市
14134,32.0,120.25,0,江苏省,常州市
16578,34.5,108.75,5,陕西省,咸阳市
3887,21.75,110.75,1,广东省,茂名市
14135,32.0,120.5,0,江苏省,南通市
14136,32.0,120.75,3,江苏省,南通市
20551,38.5,106.0,2,宁夏回族自治区,银川市
22335,40.25,116.25,2,北京市,北京市
14137,32.0,121.0,4,江苏省,南通市
16567,34.5,106.0,1,甘肃省,天水市
14138,32.0,121.25,0,江苏省,南通市
14358,32.25,114.0,2,河南省,信阳市
14375,32.25,118.25,4,安徽省,滁州市
16566,34.5,105.75,1,甘肃省,天水市
21812,39.75,110.0,3,内蒙古自治区,鄂尔多斯市
14130,32.0,119.25,0,江苏省,镇江市
3888,21.75,111.0,2,广东省,茂名市
16606,34.5,115.75,3,河南省,商丘市
4096,22.0,100.75,2,云南省,西双版纳州
26111,44.0,126.5,2,吉林省,吉林市
21799,39.75,106.75,4,内蒙古自治区,乌海市
14080,32.0,106.75,1,四川省,巴中市
16605,34.5,115.5,1,河南省,商丘市
14102,32.0,112.25,4,湖北省,襄阳市
28596,46.5,125.25,2,黑龙江省,大庆市
14109,32.0,114.0,2,河南省,信阳市
3892,21.75,112.0,3,广东省,阳江市
14122,32.0,117.25,3,安徽省,合肥市
16593,34.5,112.5,1,河南省,洛阳市
22337,40.25,116.75,2,北京市,北京市
14129,32.0,119.0,1,江苏省,南京市
16581,34.5,109.5,4,陕西省,渭南市
12069,30.0,102.0,2,四川省,甘孜州
11899,29.75,121.75,1,浙江省,宁波市
17848,35.75,115.0,4,河南省,濮阳市
19603,37.5,118.0,3,山东省,滨州市
24119,42.0,126.5,2,吉林省,白山市
8607,26.5,108.0,2,贵州省,黔东南苗族侗族自治州
5652,23.5,116.25,3,广东省,揭阳市
18856,36.75,118.0,4,山东省,淄博市
21111,39.0,121.5,3,辽宁省,大连市
8602,26.5,106.75,7,贵州省,贵阳市
8621,26.5,111.5,3,湖南省,永州市
18855,36.75,117.75,1,山东省,淄博市
8850,26.75,106.5,1,贵州省,贵阳市
8851,26.75,106.75,1,贵州省,贵阳市
18854,36.75,117.5,1,山东省,济南市
5640,23.5,113.25,2,广东省,广州市
8825,26.75,100.25,1,云南省,丽江市
25707,43.75,87.75,2,新疆维吾尔自治区,乌鲁木齐市
8595,26.5,105.0,2,贵州省,六盘水市
18857,36.75,118.25,1,山东省,淄博市
8356,26.25,107.5,2,贵州省,黔南布依族苗族自治州
24357,42.25,123.75,4,辽宁省,铁岭市
8372,26.25,111.5,2,湖南省,永州市
21050,39.0,106.25,2,宁夏回族自治区,石嘴山市
18860,36.75,119.0,1,山东省,潍坊市
8396,26.25,117.5,2,福建省,三明市
8397,26.25,117.75,2,福建省,三明市
5654,23.5,116.75,1,广东省,汕头市
19596,37.5,116.25,5,山东省,德州市
8581,26.5,101.5,1,四川省,攀枝花市
18859,36.75,118.75,0,山东省,潍坊市
24338,42.25,119.0,4,内蒙古自治区,赤峰市
8582,26.5,101.75,4,四川省,攀枝花市
8594,26.5,104.75,3,贵州省,六盘水市
5653,23.5,116.5,2,广东省,揭阳市
24109,42.0,124.0,2,辽宁省,抚顺市
8897,26.75,118.25,3,福建省,南平市
8902,26.75,119.5,3,福建省,宁德市
18852,36.75,117.0,6,山东省,济南市
9626,27.5,113.75,1,江西省,萍乡市
9627,27.5,114.0,1,江西省,萍乡市
5601,23.5,103.5,1,云南省,红河州
30605,48.5,129.5,1,黑龙江省,伊春市
9819,27.75,99.75,2,云南省,迪庆州
24100,42.0,121.75,4,辽宁省,阜新市
19616,37.5,121.25,4,山东省,烟台市
9829,27.75,102.25,2,四川省,凉山彝族自治州
18606,36.5,117.75,1,山东省,淄博市
9848,27.75,107.0,5,贵州省,遵义市
9857,27.75,109.25,2,贵州省,铜仁地区
5405,23.25,116.75,3,广东省,汕头市
21113,39.0,122.0,1,辽宁省,大连市
9868,27.75,112.0,4,湖南省,娄底市
5873,23.75,109.25,3,广西壮族自治区,来宾市
9611,27.5,110.0,4,湖南省,怀化市
9074,27.0,100.25,2,云南省,丽江市
24108,42.0,123.75,1,辽宁省,沈阳市
9133,27.0,115.0,3,江西省,吉安市
5632,23.5,111.25,4,广西壮族自治区,梧州市
19605,37.5,118.5,2,山东省,东营市
18822,36.75,109.5,1,陕西省,延安市
9343,27.25,105.25,3,贵州省,毕节市
9368,27.25,111.5,5,湖南省,邵阳市
29363,47.25,130.25,3,黑龙江省,鹤岗市
18791,36.75,101.75,2,青海省,西宁市
27439,45.5,85.0,2,新疆维吾尔自治区,克拉玛依市
21112,39.0,121.75,2,辽宁省,大连市
5604,23.5,104.25,1,云南省,文山州
24107,42.0,123.5,2,辽宁省,沈阳市
8353,26.25,106.75,1,贵州省,贵阳市
29693,47.75,88.25,1,新疆维吾尔自治区,阿勒泰地区
27688,45.75,85.0,1,新疆维吾尔自治区,克拉玛依市
19362,37.25,120.0,0,山东省,潍坊市
6344,24.25,102.5,3,云南省,玉溪市
29856,47.75,129.0,1,黑龙江省,伊春市
6886,24.75,113.5,4,广东省,韶关市
6887,24.75,113.75,1,广东省,韶关市
19551,37.5,105.0,1,宁夏回族自治区,中卫市
25355,43.25,124.25,1,吉林省,四平市
6905,24.75,118.25,2,福建省,厦门市
7087,25.0,101.5,2,云南省,楚雄州
6112,24.0,106.75,1,广西壮族自治区,百色市
19119,37.0,121.5,0,山东省,烟台市
7092,25.0,102.75,9,云南省,昆明市
25610,43.5,125.75,1,吉林省,长春市
19115,37.0,120.5,0,山东省,青岛市
7101,25.0,105.0,2,贵州省,黔西南布依族苗族自治州
6865,24.75,108.25,1,广西壮族自治区,河池市
6864,24.75,108.0,2,广西壮族自治区,河池市
6656,24.5,118.25,1,福建省,厦门市
19372,37.25,122.5,0,山东省,威海市
6621,24.5,109.5,2,广西壮族自治区,柳州市
21087,39.0,115.5,2,河北省,保定市
6629,24.5,111.5,3,广西壮族自治区,贺州市
6398,24.25,116.0,4,广东省,梅州市
27607,45.5,127.0,1,黑龙江省,哈尔滨市
19520,37.5,97.25,1,青海省,海西蒙古族藏族自治州
25596,43.5,122.25,1,内蒙古自治区,通辽市
6642,24.5,114.75,1,福建省,漳州市
25457,43.5,87.5,1,新疆维吾尔自治区,乌鲁木齐市
26621,44.5,129.5,3,黑龙江省,牡丹江市
6654,24.5,117.75,3,福建省,漳州市
19370,37.25,122.0,1,山东省,威海市
6372,24.25,109.5,5,广西壮族自治区,柳州市
25356,43.25,124.5,3,吉林省,四平市
9872,27.75,113.0,4,湖南省,湘潭市
7149,25.0,117.0,4,福建省,龙岩市
19552,37.5,105.25,2,宁夏回族自治区,中卫市
7880,25.75,113.0,4,湖南省,郴州市
19576,37.5,111.25,3,山西省,吕梁市
18866,36.75,120.5,0,山东省,青岛市
7888,25.75,115.0,5,江西省,赣州市
25706,43.75,87.5,4,新疆维吾尔自治区,乌鲁木齐市
8129,26.0,113.0,1,湖南省,郴州市
8137,26.0,115.0,1,江西省,赣州市
18864,36.75,120.0,0,山东省,青岛市
21096,39.0,117.75,1,天津市,天津市
24734,42.75,93.5,2,新疆维吾尔自治区,哈密地区
8154,26.0,119.25,4,福建省,福州市
5888,23.75,113.0,5,广东省,清远市
8155,26.0,119.5,3,福建省,福州市
8350,26.25,106.0,4,贵州省,安顺市
18861,36.75,119.25,5,山东省,潍坊市
5895,23.75,114.75,3,广东省,河源市
7155,25.0,118.5,3,福建省,泉州市
7829,25.75,100.25,1,云南省,大理州
7823,25.75,98.75,2,云南省,怒江州
25127,43.0,129.5,3,吉林省,延边朝鲜族自治州
19091,37.0,114.5,4,河北省,邢台市
7371,25.25,110.25,5,广西壮族自治区,桂林市
6085,24.0,100.0,2,云南省,临沧市
19054,37.0,105.25,0,宁夏回族自治区,中卫市
7372,25.25,110.5,1,广西壮族自治区,桂林市
7580,25.5,100.25,1,云南省,大理州
5903,23.75,116.75,2,广东省,潮州市
19037,37.0,101.0,1,青海省,海北藏族自治州
25109,43.0,125.0,1,吉林省,辽源市
7594,25.5,103.75,4,云南省,曲靖市
7655,25.5,119.0,4,福建省,莆田市
18953,37.0,80.0,2,新疆维吾尔自治区,和田地区
24966,43.0,89.25,2,新疆维吾尔自治区,吐鲁番地区
24099,42.0,121.5,1,辽宁省,阜新市
9873,27.75,113.25,5,湖南省,株洲市
5404,23.25,116.5,3,广东省,汕头市
18119,36.0,120.5,2,山东省,青岛市
11367,29.25,113.25,2,湖南省,岳阳市
5142,23.0,113.25,5,广东省,广州市
11383,29.25,117.25,4,江西省,景德镇市
11394,29.25,120.0,0,浙江省,金华市
18118,36.0,120.25,4,山东省,青岛市
23358,41.25,123.0,1,辽宁省,鞍山市
11578,29.5,103.75,5,四川省,乐山市
11583,29.5,105.0,4,四川省,内江市
5141,23.0,113.0,1,广东省,佛山市
31313,49.25,119.75,2,内蒙古自治区,呼伦贝尔市
28869,46.75,131.25,2,黑龙江省,双鸭山市
11588,29.5,106.25,2,重庆市,重庆市
11589,29.5,106.5,8,重庆市,重庆市
18095,36.0,114.5,3,河南省,安阳市
11366,29.25,113.0,1,湖南省,岳阳市
21345,39.25,117.75,3,天津市,天津市
19834,37.75,113.5,6,山西省,阳泉市
11140,29.0,118.75,3,浙江省,衢州市
11144,29.0,119.75,3,浙江省,金华市
18338,36.25,113.0,5,山西省,长治市
11270,29.25,89.0,2,西藏自治区,日喀则市
5144,23.0,113.75,6,广东省,东莞市
11281,29.25,91.75,2,西藏自治区,山南市
23361,41.25,123.75,6,辽宁省,本溪市
11333,29.25,104.75,4,四川省,自贡市
18311,36.25,106.25,1,宁夏回族自治区,固原市
21344,39.25,117.5,1,天津市,天津市
18288,36.25,100.5,1,青海省,海南藏族自治州
27855,45.75,126.75,4,黑龙江省,哈尔滨市
11356,29.25,110.5,2,湖南省,张家界市
5143,23.0,113.5,2,广东省,广州市
11361,29.25,111.75,1,湖南省,常德市
19831,37.75,112.75,4,山西省,晋中市
23351,41.25,121.25,1,辽宁省,锦州市
5139,23.0,112.5,4,广东省,肇庆市
4901,22.75,115.25,3,广东省,汕尾市
18052,36.0,103.75,5,甘肃省,兰州市
23109,41.0,123.0,5,辽宁省,鞍山市
28866,46.75,130.5,2,黑龙江省,佳木斯市
11869,29.75,114.25,4,湖北省,咸宁市
19843,37.75,115.75,3,河北省,衡水市
11876,29.75,116.0,6,江西省,九江市
17868,35.75,120.0,1,山东省,青岛市
21361,39.25,121.75,1,辽宁省,大连市
11885,29.75,118.25,2,安徽省,黄山市
11888,29.75,119.0,0,安徽省,黄山市
11893,29.75,120.25,0,浙江省,绍兴市
23105,41.0,122.0,1,辽宁省,盘锦市
4898,22.75,114.5,4,广东省,惠州市
11898,29.75,121.5,3,浙江省,宁波市
11839,29.75,106.75,2,重庆市,重庆市
11590,29.5,106.75,1,重庆市,重庆市
11838,29.75,106.5,5,重庆市,重庆市
23110,41.0,123.25,1,辽宁省,鞍山市
18094,36.0,114.25,5,河南省,安阳市
11615,29.5,113.0,1,湖南省,岳阳市
11616,29.5,113.25,2,湖南省,岳阳市
11627,29.5,116.0,2,江西省,九江市
5137,23.0,112.0,3,广东省,云浮市
19835,37.75,113.75,0,山西省,阳泉市
18083,36.0,111.5,5,山西省,临汾市
23187,41.25,80.25,2,新疆维吾尔自治区,阿克苏地区
11632,29.5,117.25,1,江西省,景德镇市
11776,29.75,91.0,4,西藏自治区,拉萨市
11777,29.75,91.25,2,西藏自治区,拉萨市
18062,36.0,106.25,3,宁夏回族自治区,固原市
11789,29.75,94.25,2,西藏自治区,林芝市
18054,36.0,104.25,1,甘肃省,兰州市
15864,33.75,117.0,3,安徽省,宿州市
23597,41.5,120.5,4,辽宁省,朝阳市
5147,23.0,114.5,3,广东省,惠州市
23868,41.75,126.0,2,吉林省,通化市
26622,44.5,129.75,2,黑龙江省,牡丹江市
10122,28.0,113.25,1,湖南省,株洲市
18573,36.5,109.5,3,陕西省,延安市
10134,28.0,116.25,4,江西省,抚州市
10135,28.0,116.5,1,江西省,抚州市
5390,23.25,113.0,1,广东省,佛山市
23860,41.75,124.0,2,辽宁省,抚顺市
10137,28.0,117.0,1,江西省,鹰潭市
21027,39.0,100.5,2,甘肃省,张掖市
18552,36.5,104.25,2,甘肃省,白银市
10152,28.0,120.75,5,浙江省,温州市
10357,28.25,109.75,3,湖南省,湘西州
10370,28.25,113.0,9,湖南省,长沙市
5391,23.25,113.25,6,广东省,广州市
5389,23.25,112.75,1,广东省,佛山市
10121,28.0,113.0,4,湖南省,湘潭市
18593,36.5,114.5,3,河北省,邯郸市
18602,36.5,116.75,1,山东省,济南市
9875,27.75,113.75,3,江西省,萍乡市
9877,27.75,114.25,2,江西省,宜春市
9878,27.75,114.5,3,江西省,宜春市
18599,36.5,116.0,5,山东省,聊城市
9880,27.75,115.0,4,江西省,新余市
27854,45.75,126.5,5,黑龙江省,哈尔滨市
10078,28.0,102.25,3,四川省,凉山彝族自治州
29362,47.25,130.0,1,黑龙江省,鹤岗市
10117,28.0,112.0,1,湖南省,娄底市
5392,23.25,113.5,3,广东省,广州市
19617,37.5,121.5,3,山东省,烟台市
25857,43.75,125.25,3,吉林省,长春市
21301,39.25,106.75,3,宁夏回族自治区,石嘴山市
18339,36.25,113.25,2,山西省,长治市
18543,36.5,102.0,1,青海省,海东地区
19619,37.5,122.0,3,山东省,威海市
10866,28.75,112.5,1,湖南省,益阳市
5355,23.25,104.25,1,云南省,文山州
18366,36.25,120.0,0,山东省,青岛市
10879,28.75,115.75,3,江西省,南昌市
10880,28.75,116.0,5,江西省,南昌市
18357,36.25,117.75,3,山东省,济南市
21343,39.25,117.25,3,天津市,天津市
10901,28.75,121.25,2,浙江省,台州市
5352,23.25,103.5,2,云南省,红河州
10902,28.75,121.5,1,浙江省,台州市
23709,41.75,86.25,3,新疆维吾尔自治区,巴音郭楞州
11087,29.0,105.5,3,四川省,泸州市
18354,36.25,117.0,4,山东省,泰安市
11107,29.0,110.5,2,湖南省,张家界市
11112,29.0,111.75,4,湖南省,常德市
23857,41.75,123.25,1,辽宁省,沈阳市
10386,28.25,117.0,4,江西省,鹰潭市
10838,28.75,105.5,1,四川省,泸州市
21324,39.25,112.5,5,山西省,朔州市
23859,41.75,123.75,2,辽宁省,抚顺市
10616,28.5,112.25,4,湖南省,益阳市
10631,28.5,116.0,1,江西省,南昌市
5388,23.25,112.5,2,广东省,肇庆市
18542,36.5,101.75,1,青海省,西宁市
10639,28.5,118.0,4,江西省,上饶市
23858,41.75,123.5,7,辽宁省,沈阳市
5376,23.25,109.5,1,广西壮族自治区,贵港市
18369,36.25,120.75,1,山东省,青岛市
10834,28.75,104.5,4,四川省,宜宾市
25858,43.75,125.5,2,吉林省,长春市
18368,36.25,120.5,2,山东省,青岛市
15627,33.5,120.0,1,江苏省,盐城市
6577,24.5,98.5,2,云南省,德宏州
22074,40.0,113.25,6,山西省,大同市
15836,33.75,110.0,2,陕西省,商洛市
15859,33.75,115.75,3,安徽省,亳州市
15855,33.75,114.75,2,河南省,周口市
15849,33.75,113.25,4,河南省,平顶山市
15379,33.25,120.25,2,江苏省,盐城市
19364,37.25,120.5,0,山东省,烟台市
18117,36.0,120.0,0,山东省,青岛市
13886,31.75,120.5,0,江苏省,无锡市
29337,47.25,123.75,1,黑龙江省,齐齐哈尔市
29941,48.0,88.0,0,新疆维吾尔自治区,阿勒泰地区
21611,39.5,122.0,0,辽宁省,大连市
19863,37.75,120.75,0,山东省,烟台市
21860,39.75,122.0,0,辽宁省,营口市
10835,28.75,104.75,2,四川省,宜宾市
19355,37.25,118.25,1,山东省,东营市
4147,22.0,113.5,1,广东省,珠海市
19854,37.75,118.5,1,山东省,东营市
13643,31.5,122.0,1,上海市,上海市
4146,22.0,113.25,1,广东省,珠海市
19354,37.25,118.0,2,山东省,滨州市
18594,36.5,114.75,1,河北省,邯郸市
22586,40.5,116.75,2,北京市,北京市
13391,31.25,121.25,2,上海市,上海市
4141,22.0,112.0,1,广东省,阳江市
16836,34.75,111.0,1,河南省,三门峡市
21088,39.0,115.75,2,河北省,保定市
22338,40.25,117.0,1,北京市,北京市
22583,40.5,116.0,2,北京市,北京市
16613,34.5,117.5,1,江苏省,徐州市
11840,29.75,107.0,1,重庆市,重庆市
4899,22.75,114.75,1,广东省,惠州市
4894,22.75,113.5,2,广东省,广州市
4127,22.0,108.5,2,广西壮族自治区,钦州市
12144,30.0,120.75,1,浙江省,绍兴市
5393,23.25,113.75,1,广东省,广州市
12145,30.0,121.0,1,浙江省,绍兴市
22358,40.25,122.0,1,辽宁省,营口市
18053,36.0,104.0,1,甘肃省,兰州市
16845,34.75,113.25,1,河南省,郑州市
5891,23.75,113.75,1,广东省,广州市
13573,31.5,104.5,1,四川省,绵阳市
22088,40.0,116.75,1,北京市,北京市
13880,31.75,119.0,1,江苏省,南京市
13638,31.5,120.75,1,江苏省,苏州市
15615,33.5,117.0,1,安徽省,宿州市
19593,37.5,115.5,1,河北省,衡水市
18592,36.5,114.25,1,河北省,邯郸市
1641,19.5,109.5,2,海南省,儋州市
14101,32.0,112.0,2,湖北省,襄阳市
13883,31.75,119.75,1,江苏省,常州市
12839,30.75,107.75,1,重庆市,重庆市
9124,27.0,112.75,1,湖南省,衡阳市
16113,34.0,117.0,1,安徽省,淮北市
25211,43.25,88.25,1,新疆维吾尔自治区,乌鲁木齐市
12841,30.75,108.25,1,重庆市,重庆市
22091,40.0,117.5,1,天津市,天津市
21846,39.75,118.5,1,河北省,唐山市
15374,33.25,119.0,1,江苏省,淮安市
14632,32.5,120.25,1,江苏省,泰州市
16579,34.5,109.0,1,陕西省,西安市
18842,36.75,114.5,1,河北省,邯郸市
4631,22.5,110.0,1,广西壮族自治区,玉林市
21841,39.75,117.25,1,天津市,天津市
11585,29.5,105.5,1,重庆市,重庆市
20085,38.0,114.0,1,河北省,石家庄市
17103,35.0,115.5,1,山东省,菏泽市
15380,33.25,120.5,1,江苏省,盐城市
9598,27.5,106.75,1,贵州省,遵义市
4644,22.5,113.25,1,广东省,中山市
12605,30.5,111.5,1,湖北省,宜昌市
5641,23.5,113.5,1,广东省,广州市
11345,29.25,107.75,1,重庆市,重庆市
16870,34.75,119.5,1,江苏省,连云港市
21838,39.75,116.5,1,北京市,北京市
10640,28.5,118.25,1,江西省,上饶市
13142,31.0,121.25,1,上海市,上海市
14377,32.25,118.75,1,江苏省,南京市
22085,40.0,116.0,1,北京市,北京市
13144,31.0,121.75,1,上海市,上海市
19348,37.25,116.5,1,山东省,德州市
20553,38.5,106.5,1,宁夏回族自治区,银川市
14863,32.75,115.75,2,安徽省,阜阳市
29855,47.75,128.75,2,黑龙江省,伊春市
12597,30.5,109.5,1,湖北省,恩施土家族苗族自治州
20088,38.0,114.75,2,河北省,石家庄市
18617,36.5,120.5,1,山东省,青岛市
21089,39.0,116.0,5,河北省,雄安新区
13143,31.0,121.5,2,上海市,上海市
22808,40.75,110.0,2,内蒙古自治区,包头市
21595,39.5,118.0,1,河北省,唐山市
17118,35.0,119.25,1,山东省,日照市
21836,39.75,116.0,1,北京市,北京市
19102,37.0,117.25,1,山东省,济南市
17091,35.0,112.5,1,河南省,洛阳市
18550,36.5,103.75,2,甘肃省,兰州新区
11128,29.0,115.75,1,江西省,赣江新区
6842,24.75,102.5,1,云南省,昆明市
21837,39.75,116.25,1,北京市,北京市
14123,32.0,117.5,1,安徽省,合肥市
397,18.25,109.75,1,海南省,三亚市
16349,34.25,113.75,1,河南省,许昌市
12826,30.75,104.5,1,四川省,成都市
11598,29.5,108.75,2,重庆市,重庆市
12893,30.75,121.25,1,上海市,上海市
12842,30.75,108.5,1,重庆市,重庆市
21572,39.5,112.25,1,山西省,朔州市
29857,47.75,129.25,1,黑龙江省,伊春市
6111,24.0,106.5,2,广西壮族自治区,百色市
26204,44.25,87.5,2,新疆维吾尔自治区,五家渠市
13380,31.25,118.5,2,安徽省,芜湖市
21591,39.5,117.0,1,天津市,天津市
6843,24.75,102.75,1,云南省,昆明市
16079,34.0,108.5,1,陕西省,西安市
19371,37.25,122.25,1,山东省,威海市
10837,28.75,105.25,1,四川省,泸州市
11092,29.0,106.75,1,重庆市,重庆市
16598,34.5,113.75,1,河南省,郑州市
22336,40.25,116.5,1,北京市,北京市
28845,46.75,125.25,1,黑龙江省,大庆市
29605,47.5,128.5,2,黑龙江省,伊春市
16850,34.75,114.5,1,河南省,开封市
21086,39.0,115.25,1,河北省,保定市
13382,31.25,119.0,1,江苏省,南京市
18355,36.25,117.25,2,山东省,泰安市
23078,41.0,115.25,1,河北省,张家口市
11342,29.25,107.0,1,重庆市,重庆市
11841,29.75,107.25,1,重庆市,重庆市
11338,29.25,106.0,1,重庆市,重庆市
12333,30.25,105.75,1,重庆市,重庆市
12086,30.0,106.25,1,重庆市,重庆市
11835,29.75,105.75,1,重庆市,重庆市
13340,31.25,108.5,1,重庆市,重庆市
11836,29.75,106.0,1,重庆市,重庆市
21348,39.25,118.5,1,河北省,唐山市
16097,34.0,113.0,1,河南省,平顶山市
22828,40.75,115.0,4,河北省,张家口市
12853,30.75,111.25,5,湖北省,宜昌市
20336,38.25,114.5,1,河北省,石家庄市
27374,45.25,131.0,4,黑龙江省,鸡西市
4643,22.5,113.0,6,广东省,江门市
16862,34.75,117.5,2,山东省,枣庄市
22814,40.75,111.5,2,内蒙古自治区,呼和浩特市
12329,30.25,104.75,4,四川省,资阳市
12147,30.0,121.5,2,浙江省,宁波市
27605,45.5,126.5,1,黑龙江省,哈尔滨市
17606,35.5,116.75,2,山东省,济宁市
17352,35.25,115.5,3,山东省,菏泽市
17552,35.5,103.25,2,甘肃省,临夏回族自治州
16329,34.25,108.75,4,陕西省,咸阳市
16331,34.25,109.25,1,陕西省,西安市
15077,33.0,107.0,3,陕西省,汉中市
16620,34.5,119.25,2,江苏省,连云港市
22559,40.5,110.0,3,内蒙古自治区,包头市
16841,34.75,112.25,1,河南省,洛阳市
3878,21.75,108.5,1,广西壮族自治区,钦州市
22368,40.25,124.5,2,辽宁省,丹东市
14128,32.0,118.75,9,江苏省,南京市
8896,26.75,118.0,1,福建省,南平市
18603,36.5,117.0,1,山东省,济南市
18790,36.75,101.5,1,青海省,西宁市
9609,27.5,109.5,1,湖南省,怀化市
9123,27.0,112.5,5,湖南省,衡阳市
25845,43.75,122.25,2,内蒙古自治区,通辽市
21094,39.0,117.25,7,天津市,天津市
6655,24.5,118.0,3,福建省,厦门市
7156,25.0,118.75,2,福建省,泉州市
7406,25.25,119.0,1,福建省,莆田市
23359,41.25,123.25,4,辽宁省,辽阳市
25862,43.75,126.5,4,吉林省,吉林市
5127,23.0,109.5,4,广西壮族自治区,贵港市
25863,43.75,126.75,1,吉林省,吉林市
10129,28.0,115.0,1,江西省,新余市
24090,42.0,119.25,1,内蒙古自治区,赤峰市
10119,28.0,112.5,1,湖南省,湘潭市
19830,37.75,112.5,5,山西省,太原市
10647,28.5,120.0,3,浙江省,丽水市
29338,47.25,124.0,4,黑龙江省,齐齐哈尔市
10653,28.5,121.5,1,浙江省,台州市
19852,37.75,118.0,1,山东省,滨州市
14619,32.5,117.0,1,安徽省,淮南市
4881,22.75,110.25,2,广西壮族自治区,玉林市
12823,30.75,103.75,1,四川省,成都市
21093,39.0,117.0,2,天津市,天津市
12629,30.5,117.5,1,安徽省,池州市
